2026-09-16 10:29:16.595 | INFO     | __main__:main:85 - Perfil de entrenamiento: efficient
2026-09-16 10:29:16.634 | INFO     | src.data.dataset:load_data:58 - level_01_daily_total | target=sales | 1,941 filas | 191 features (9 categóricas)
2026-09-16 10:29:16.645 | INFO     | src.data.temporal_split:log_summary:41 - Train : 2011-01-29 to 2015-04-26 (1,549 days, 1,549 rows)
2026-09-16 10:29:16.645 | INFO     | src.data.temporal_split:log_summary:42 - Valid : 2015-04-27 to 2016-04-24 (364 days, 364 rows)
2026-09-16 10:29:16.646 | INFO     | src.data.temporal_split:log_summary:43 - Test  : 2016-04-25 to 2016-05-22 (28 days, 28 rows)
2026-09-16 10:29:16.858 | INFO     | src.data.dataset:split_data:119 - Features: 191 (9 categóricas)
2026-09-16 10:29:16.889 | INFO     | src.evaluation.reports:evaluate_predictions:58 - Seasonal naive (1d) [Naive] | WAPE: 16.71% | WRMSSE: 1.3011  | fit: 0.01s
2026-09-16 10:29:16.918 | INFO     | src.evaluation.reports:evaluate_predictions:58 - Seasonal naive (7d) [Naive] | WAPE: 12.32% | WRMSSE: 1.0032  | fit: 0.01s
2026-09-16 10:29:16.947 | INFO     | src.evaluation.reports:evaluate_predictions:58 - Seasonal naive (28d) [Naive] | WAPE: 10.65% | WRMSSE: 0.8999  | fit: 0.01s
2026-09-16 10:29:16.976 | INFO     | src.evaluation.reports:evaluate_predictions:58 - Seasonal naive (364d) [Naive] | WAPE: 9.99% | WRMSSE: 0.8860  | fit: 0.01s
2026-09-16 10:29:17.007 | INFO     | src.evaluation.reports:evaluate_predictions:58 -             Drift [Naive] | WAPE: 18.13% | WRMSSE: 1.4182  | fit: 0.01s
2026-09-16 10:29:17.032 | INFO     | src.evaluation.reports:evaluate_predictions:58 -   Historical mean [Naive] | WAPE: 17.35% | WRMSSE: 1.5712  | fit: 0.00s
2026-09-16 10:29:17.058 | INFO     | src.evaluation.reports:evaluate_predictions:58 - Moving average (7d) [Naive] | WAPE: 14.41% | WRMSSE: 1.3504  | fit: 0.00s
2026-09-16 10:29:17.083 | INFO     | src.evaluation.reports:evaluate_predictions:58 - Moving average (14d) [Naive] | WAPE: 13.81% | WRMSSE: 1.2940  | fit: 0.00s
2026-09-16 10:29:17.109 | INFO     | src.evaluation.reports:evaluate_predictions:58 - Moving average (21d) [Naive] | WAPE: 13.18% | WRMSSE: 1.2238  | fit: 0.00s
2026-09-16 10:29:17.135 | INFO     | src.evaluation.reports:evaluate_predictions:58 - Moving average (28d) [Naive] | WAPE: 13.00% | WRMSSE: 1.1991  | fit: 0.00s
2026-09-16 10:29:17.160 | INFO     | src.evaluation.reports:evaluate_predictions:58 - Moving average (35d) [Naive] | WAPE: 13.32% | WRMSSE: 1.2419  | fit: 0.00s
2026-09-16 10:29:17.161 | INFO     | scripts.train_dataset.pipeline:run_pipeline:51 - Fase naive: 0.3s
2026-09-16 10:29:19.898 | INFO     | src.evaluation.reports:evaluate_predictions:58 -      SARIMA [Statistical] | WAPE: 13.00% | WRMSSE: 1.0594  | fit: 2.71s
2026-09-16 10:29:21.850 | INFO     | src.evaluation.reports:evaluate_predictions:58 - ETS (Holt-Winters) [Statistical] | WAPE: 9.39% | WRMSSE: 0.8180  | fit: 1.93s
2026-09-16 10:29:23.507 | INFO     | src.evaluation.reports:evaluate_predictions:58 -       Theta [Statistical] | WAPE: 9.31% | WRMSSE: 0.8198  | fit: 1.64s
2026-09-16 10:29:33.375 | INFO     | src.evaluation.reports:evaluate_predictions:58 -       TBATS [Statistical] | WAPE: 10.57% | WRMSSE: 0.9065  | fit: 9.84s
2026-09-16 10:29:35.613 | WARNING  | src.modeling.statistical:_forecast_by_series:70 - 1 serie(s) fallaron el ajuste; se usa el último valor de train como fallback.
2026-09-16 10:29:35.633 | INFO     | src.evaluation.reports:evaluate_predictions:58 -     Prophet [Statistical] | WAPE: 16.71% | WRMSSE: 1.3011  | fit: 2.24s
2026-09-16 10:29:35.634 | INFO     | scripts.train_dataset.pipeline:run_pipeline:56 - Fase estadísticos clásicos: 18.5s
2026-09-16 10:29:35.634 | INFO     | scripts.train_dataset.benchmarking:run_bench_ml:67 - Bench ML: familia 1/5 -- lightgbm
2026-09-16 10:29:36.053 | INFO     | src.evaluation.reports:evaluate_predictions:58 -     lightgbm (bench) [ML] | WAPE: 10.81% | WRMSSE: 0.9297  | fit: 0.39s
2026-09-16 10:29:36.053 | INFO     | scripts.train_dataset.benchmarking:run_bench_ml:67 - Bench ML: familia 2/5 -- xgboost
2026-09-16 10:29:36.777 | INFO     | src.evaluation.reports:evaluate_predictions:58 -      xgboost (bench) [ML] | WAPE: 6.68% | WRMSSE: 0.6382  | fit: 0.68s
2026-09-16 10:29:36.777 | INFO     | scripts.train_dataset.benchmarking:run_bench_ml:67 - Bench ML: familia 3/5 -- catboost
2026-09-16 10:29:37.743 | INFO     | src.evaluation.reports:evaluate_predictions:58 -     catboost (bench) [ML] | WAPE: 16.00% | WRMSSE: 1.3554  | fit: 0.93s
2026-09-16 10:29:37.743 | INFO     | scripts.train_dataset.benchmarking:run_bench_ml:67 - Bench ML: familia 4/5 -- histgb
2026-09-16 10:29:40.893 | INFO     | src.evaluation.reports:evaluate_predictions:58 -       histgb (bench) [ML] | WAPE: 6.55% | WRMSSE: 0.6129  | fit: 3.11s
2026-09-16 10:29:40.894 | INFO     | scripts.train_dataset.benchmarking:run_bench_ml:67 - Bench ML: familia 5/5 -- ridge
2026-09-16 10:29:41.035 | INFO     | src.evaluation.reports:evaluate_predictions:58 -        ridge (bench) [ML] | WAPE: 8.89% | WRMSSE: 0.7973  | fit: 0.12s
2026-09-16 10:29:41.035 | SUCCESS  | scripts.train_dataset.benchmarking:pick_winner:94 - Modelo ganador (bench, 4 familias tree-based comparadas): histgb | regression_l2=3506.6055
2026-09-16 10:29:41.035 | INFO     | scripts.train_dataset.pipeline:run_pipeline:62 - Fase bench ML (5 familias, sin Optuna): 5.4s
2026-09-16 10:29:51.855 | INFO     | scripts.train_dataset.refinement:select_features:95 - Top 10 permutation importance (histgb):
lag364                     856.230405
lag28                      624.793744
te_weekend_mean            278.539726
lag182                     243.668138
day                        217.978001
dayofweek                  203.988522
lag21                      120.639036
days_since_thanksgiving     78.974265
lag7                        63.162894
lag35                       32.076840
dtype: float64
2026-09-16 10:29:53.037 | INFO     | src.modeling.feature_selection:backward_feature_selection:139 - Baseline (191 features): regression_l2=3547.4904 | WRMSSE=0.6200 (informativo)
2026-09-16 10:29:54.333 | WARNING  | src.modeling.feature_selection:try_remove:174 - ELIMINADA(S) 16 features ['lag2', 'avg_sell_price', 'lag5', 'rolling_std_lag28_window_size91', 'price_vs_mean', 'rolling_std_lag91_window_size91', 'rolling_std_lag4_window_size7', 'lag16', 'rolling_std_lag2_window_size7', 'rolling_min_lag28_window_size7', 'adi_expanding', 'rolling_max_lag6_window_size7', 'rolling_max_lag364_window_size91', 'rolling_max_lag3_window_size7', 'rolling_std_lag6_window_size7', 'rolling_mean_lag364_window_size28'] -> 175 features | regression_l2=3382.4691 | WRMSSE=0.5912
2026-09-16 10:29:57.313 | WARNING  | src.modeling.feature_selection:try_remove:174 - ELIMINADA(S) 16 features ['rolling_std_lag2_window_size14', 'rolling_max_lag6_window_size14', 'days_since_newyear', 'rolling_min_lag3_window_size14', 'lag6', 'lag24', 'lag10', 'rolling_max_lag2_window_size14', 'price_volatility', 'rolling_min_lag364_window_size91', 'rolling_mean_lag28_window_size7', 'rolling_max_lag1_window_size35', 'rolling_std_lag4_window_size14', 'rolling_min_lag2_window_size7', 'rolling_std_lag3_window_size14', 'lag1'] -> 159 features | regression_l2=3411.3436 | WRMSSE=0.5962
2026-09-16 10:29:58.345 | WARNING  | src.modeling.feature_selection:try_remove:174 - ELIMINADA(S) 16 features ['rolling_mean_lag1_window_size7', 'rolling_min_lag1_window_size7', 'price_lag_7', 'dow_cos', 'rolling_min_lag6_window_size14', 'rolling_max_lag28_window_size28', 'rolling_mean_lag28_window_size91', 'rolling_max_lag91_window_size28', 'rolling_std_lag7_window_size14', 'rolling_max_lag4_window_size14', 'rolling_min_lag1_window_size35', 'lag13', 'rolling_mean_lag5_window_size7', 'rolling_min_lag28_window_size28', 'rolling_mean_lag7_window_size14', 'rolling_min_lag364_window_size28'] -> 143 features | regression_l2=3226.0946 | WRMSSE=0.5639
2026-09-16 10:29:59.351 | WARNING  | src.modeling.feature_selection:try_remove:174 - ELIMINADA(S) 16 features ['rolling_mean_lag4_window_size14', 'rolling_mean_lag1_window_size14', 'days_to_thanksgiving', 'rolling_min_lag6_window_size7', 'rolling_mean_lag4_window_size7', 'rolling_max_lag1_window_size7', 'rolling_max_lag5_window_size7', 'rolling_std_lag1_window_size35', 'month', 'rolling_mean_lag364_window_size91', 'te_item_std', 'rolling_mean_lag3_window_size14', 'rolling_mean_lag1_window_size21', 'days_since_price_change', 'te_dept_std', 'is_likely_stockout'] -> 127 features | regression_l2=3167.9493 | WRMSSE=0.5537
2026-09-16 10:30:01.720 | WARNING  | src.modeling.feature_selection:try_remove:174 - ELIMINADA(S) 16 features ['is_month_start', 'is_weekend', 'quarter', 'year', 'pct_zero_28', 'expanding_mean_lag91', 'days_since_release', 'event_type_2_enc', 'is_store_closed', 'pct_zero_90', 'zero_streak', 'te_snap_mean', 'has_event_2', 'dept_id', 'state_id', 'item_id'] -> 111 features | regression_l2=3078.8993 | WRMSSE=0.5381
2026-09-16 10:30:05.665 | WARNING  | src.modeling.feature_selection:try_remove:174 - ELIMINADA(S) 'snap' -> 110 features | regression_l2=3078.8993 | WRMSSE=0.5381
2026-09-16 10:30:07.942 | WARNING  | src.modeling.feature_selection:try_remove:174 - ELIMINADA(S) 'event_name_2' -> 109 features | regression_l2=3078.8993 | WRMSSE=0.5381
2026-09-16 10:30:10.194 | WARNING  | src.modeling.feature_selection:try_remove:174 - ELIMINADA(S) 'event_name_1' -> 108 features | regression_l2=3078.8993 | WRMSSE=0.5381
2026-09-16 10:30:12.286 | WARNING  | src.modeling.feature_selection:try_remove:174 - ELIMINADA(S) 'event_type_2' -> 107 features | regression_l2=3078.8993 | WRMSSE=0.5381
2026-09-16 10:30:14.365 | WARNING  | src.modeling.feature_selection:try_remove:174 - ELIMINADA(S) 'cat_id' -> 106 features | regression_l2=3078.8993 | WRMSSE=0.5381
2026-09-16 10:30:16.356 | WARNING  | src.modeling.feature_selection:try_remove:174 - ELIMINADA(S) 'te_cat_mean' -> 105 features | regression_l2=3078.8993 | WRMSSE=0.5381
2026-09-16 10:30:19.806 | WARNING  | src.modeling.feature_selection:try_remove:174 - ELIMINADA(S) 'te_dept_mean' -> 104 features | regression_l2=3078.8993 | WRMSSE=0.5381
2026-09-16 10:30:21.576 | WARNING  | src.modeling.feature_selection:try_remove:174 - ELIMINADA(S) 'store_id' -> 103 features | regression_l2=3078.8993 | WRMSSE=0.5381
2026-09-16 10:30:23.362 | WARNING  | src.modeling.feature_selection:try_remove:174 - ELIMINADA(S) 'has_event' -> 102 features | regression_l2=3078.8993 | WRMSSE=0.5381
2026-09-16 10:30:31.264 | WARNING  | src.modeling.feature_selection:try_remove:174 - ELIMINADA(S) 'is_month_end' -> 101 features | regression_l2=3123.8809 | WRMSSE=0.5460
2026-09-16 10:30:34.669 | WARNING  | src.modeling.feature_selection:try_remove:174 - ELIMINADA(S) 'rolling_mean_lag1_window_size35' -> 100 features | regression_l2=3157.1827 | WRMSSE=0.5518
2026-09-16 10:30:45.557 | WARNING  | src.modeling.feature_selection:try_remove:174 - ELIMINADA(S) 'rolling_max_lag1_window_size14' -> 99 features | regression_l2=3170.7513 | WRMSSE=0.5542
2026-09-16 10:30:52.252 | WARNING  | src.modeling.feature_selection:try_remove:174 - ELIMINADA(S) 'rolling_min_lag91_window_size91' -> 98 features | regression_l2=3208.3591 | WRMSSE=0.5608
2026-09-16 10:30:59.159 | WARNING  | src.modeling.feature_selection:try_remove:174 - ELIMINADA(S) 'rolling_min_lag5_window_size7' -> 97 features | regression_l2=3261.6980 | WRMSSE=0.5701
2026-09-16 10:30:59.933 | WARNING  | src.modeling.feature_selection:try_remove:174 - ELIMINADA(S) 'rolling_min_lag1_window_size14' -> 96 features | regression_l2=3093.8045 | WRMSSE=0.5407
2026-09-16 10:31:01.111 | WARNING  | src.modeling.feature_selection:try_remove:174 - ELIMINADA(S) 'rolling_mean_lag7_window_size7' -> 95 features | regression_l2=3049.5116 | WRMSSE=0.5330
2026-09-16 10:31:04.886 | WARNING  | src.modeling.feature_selection:try_remove:174 - ELIMINADA(S) 'rolling_min_lag3_window_size7' -> 94 features | regression_l2=3049.4703 | WRMSSE=0.5330
2026-09-16 10:31:07.182 | WARNING  | src.modeling.feature_selection:try_remove:174 - ELIMINADA(S) 'te_event_mean' -> 93 features | regression_l2=3075.2168 | WRMSSE=0.5375
2026-09-16 10:31:10.765 | WARNING  | src.modeling.feature_selection:try_remove:174 - ELIMINADA(S) 'rolling_min_lag5_window_size14' -> 92 features | regression_l2=3049.4032 | WRMSSE=0.5330
2026-09-16 10:31:16.375 | WARNING  | src.modeling.feature_selection:try_remove:174 - ELIMINADA(S) 'weekofyear' -> 91 features | regression_l2=3058.9782 | WRMSSE=0.5347
2026-09-16 10:31:19.880 | WARNING  | src.modeling.feature_selection:try_remove:174 - ELIMINADA(S) 'rolling_mean_lag5_window_size14' -> 90 features | regression_l2=3074.9403 | WRMSSE=0.5374
2026-09-16 10:31:24.440 | WARNING  | src.modeling.feature_selection:try_remove:174 - ELIMINADA(S) 'rolling_min_lag28_window_size91' -> 89 features | regression_l2=3107.1752 | WRMSSE=0.5431
2026-09-16 10:31:25.393 | WARNING  | src.modeling.feature_selection:try_remove:174 - ELIMINADA(S) 'lag18' -> 88 features | regression_l2=3156.6242 | WRMSSE=0.5517
2026-09-16 10:31:26.397 | WARNING  | src.modeling.feature_selection:try_remove:174 - ELIMINADA(S) 'rolling_min_lag7_window_size14' -> 87 features | regression_l2=3215.4479 | WRMSSE=0.5620
2026-09-16 10:31:28.542 | WARNING  | src.modeling.feature_selection:try_remove:174 - ELIMINADA(S) 'rolling_std_lag28_window_size7' -> 86 features | regression_l2=3115.3539 | WRMSSE=0.5445
2026-09-16 10:31:30.143 | WARNING  | src.modeling.feature_selection:try_remove:174 - ELIMINADA(S) 'rolling_max_lag1_window_size21' -> 85 features | regression_l2=3072.3972 | WRMSSE=0.5370
2026-09-16 10:31:31.289 | WARNING  | src.modeling.feature_selection:try_remove:174 - ELIMINADA(S) 'lag19' -> 84 features | regression_l2=3082.5887 | WRMSSE=0.5388
2026-09-16 10:31:32.841 | WARNING  | src.modeling.feature_selection:try_remove:174 - ELIMINADA(S) 'lag27' -> 83 features | regression_l2=3100.6085 | WRMSSE=0.5419
2026-09-16 10:31:35.596 | WARNING  | src.modeling.feature_selection:try_remove:174 - ELIMINADA(S) 'lag9' -> 82 features | regression_l2=3105.0128 | WRMSSE=0.5427
2026-09-16 10:31:36.275 | WARNING  | src.modeling.feature_selection:try_remove:174 - ELIMINADA(S) 'rolling_std_lag3_window_size7' -> 81 features | regression_l2=3086.3955 | WRMSSE=0.5394
2026-09-16 10:31:37.394 | WARNING  | src.modeling.feature_selection:try_remove:174 - ELIMINADA(S) 'rolling_mean_lag91_window_size91' -> 80 features | regression_l2=3124.2299 | WRMSSE=0.5461
2026-09-16 10:31:38.011 | WARNING  | src.modeling.feature_selection:try_remove:174 - ELIMINADA(S) 'te_item_mean' -> 79 features | regression_l2=3128.0356 | WRMSSE=0.5467
2026-09-16 10:31:39.417 | WARNING  | src.modeling.feature_selection:try_remove:174 - ELIMINADA(S) 'lag20' -> 78 features | regression_l2=3128.0428 | WRMSSE=0.5467
2026-09-16 10:31:41.107 | WARNING  | src.modeling.feature_selection:try_remove:174 - ELIMINADA(S) 'rolling_std_lag1_window_size21' -> 77 features | regression_l2=3130.3053 | WRMSSE=0.5471
2026-09-16 10:31:44.359 | WARNING  | src.modeling.feature_selection:try_remove:174 - ELIMINADA(S) 'event_type_1_enc' -> 76 features | regression_l2=3189.0106 | WRMSSE=0.5574
2026-09-16 10:31:46.382 | WARNING  | src.modeling.feature_selection:try_remove:174 - ELIMINADA(S) 'rolling_min_lag4_window_size14' -> 75 features | regression_l2=3073.4160 | WRMSSE=0.5372
2026-09-16 10:31:52.727 | WARNING  | src.modeling.feature_selection:try_remove:174 - ELIMINADA(S) 'lag15' -> 74 features | regression_l2=3126.9077 | WRMSSE=0.5465
2026-09-16 10:31:57.151 | WARNING  | src.modeling.feature_selection:try_remove:174 - ELIMINADA(S) 'rolling_max_lag7_window_size7' -> 73 features | regression_l2=3171.8118 | WRMSSE=0.5544
2026-09-16 10:32:01.490 | WARNING  | src.modeling.feature_selection:try_remove:174 - ELIMINADA(S) 'rolling_mean_lag91_window_size28' -> 72 features | regression_l2=3153.2575 | WRMSSE=0.5511
2026-09-16 10:32:02.114 | WARNING  | src.modeling.feature_selection:try_remove:174 - ELIMINADA(S) 'days_to_newyear' -> 71 features | regression_l2=3193.1780 | WRMSSE=0.5581
2026-09-16 10:32:04.472 | WARNING  | src.modeling.feature_selection:try_remove:174 - ELIMINADA(S) 'rolling_std_lag5_window_size7' -> 70 features | regression_l2=3191.3976 | WRMSSE=0.5578
2026-09-16 10:32:05.281 | WARNING  | src.modeling.feature_selection:try_remove:174 - ELIMINADA(S) 'doy_sin' -> 69 features | regression_l2=3213.3416 | WRMSSE=0.5616
2026-09-16 10:32:08.728 | WARNING  | src.modeling.feature_selection:try_remove:174 - ELIMINADA(S) 'rolling_std_lag364_window_size28' -> 68 features | regression_l2=3182.6459 | WRMSSE=0.5563
2026-09-16 10:32:11.642 | WARNING  | src.modeling.feature_selection:try_remove:174 - ELIMINADA(S) 'cv2_90' -> 67 features | regression_l2=3142.6197 | WRMSSE=0.5493
2026-09-16 10:32:12.593 | WARNING  | src.modeling.feature_selection:try_remove:174 - ELIMINADA(S) 'rolling_mean_lag28_window_size28' -> 66 features | regression_l2=3148.5330 | WRMSSE=0.5503
2026-09-16 10:32:18.698 | WARNING  | src.modeling.feature_selection:try_remove:174 - ELIMINADA(S) 'seasonal_mean_lag364_364_2' -> 65 features | regression_l2=3142.0521 | WRMSSE=0.5492
2026-09-16 10:32:33.586 | WARNING  | src.modeling.feature_selection:try_remove:174 - ELIMINADA(S) 16 features ['te_cat_std', 'rolling_mean_lag2_window_size7', 'days_to_closure', 'rolling_min_lag2_window_size14', 'rolling_std_lag1_window_size14', 'rolling_max_lag28_window_size91', 'momentum_lag1_7_35', 'rolling_max_lag5_window_size14', 'rolling_mean_lag3_window_size7', 'rolling_mean_lag2_window_size14', 'lag11', 'month_sin', 'seasonal_mean_lag364_7_8', 'rolling_max_lag2_window_size7', 'rolling_min_lag1_window_size21', 'lag4'] -> 49 features | regression_l2=3197.1803 | WRMSSE=0.5588
2026-09-16 10:32:35.054 | WARNING  | src.modeling.feature_selection:try_remove:174 - ELIMINADA(S) 16 features ['lag26', 'rolling_mean_lag6_window_size14', 'rolling_std_lag1_window_size7', 'rolling_std_lag5_window_size14', 'rolling_max_lag91_window_size91', 'rolling_std_lag7_window_size7', 'rolling_min_lag7_window_size7', 'rolling_max_lag364_window_size28', 'rolling_max_lag4_window_size7', 'lag3', 'rolling_std_lag6_window_size14', 'lag8', 'lag25', 'rolling_min_lag4_window_size7', 'month_cos', 'doy_cos'] -> 33 features | regression_l2=3153.6755 | WRMSSE=0.5512
2026-09-16 10:32:36.212 | WARNING  | src.modeling.feature_selection:try_remove:174 - ELIMINADA(S) 16 features ['price_change', 'rolling_std_lag91_window_size28', 'rolling_mean_lag6_window_size7', 'lag17', 'lag12', 'rolling_std_lag28_window_size28', 'rolling_std_lag364_window_size91', 'rolling_max_lag28_window_size7', 'rolling_max_lag3_window_size14', 'rolling_max_lag7_window_size14', 'lag23', 'days_to_event', 'rolling_min_lag91_window_size28', 'price_vs_max', 'momentum_lag28_7_28', 'lag42'] -> 17 features | regression_l2=3214.3445 | WRMSSE=0.5618
2026-09-16 10:32:37.058 | WARNING  | src.modeling.feature_selection:try_remove:174 - ELIMINADA(S) 'days_since_event' -> 16 features | regression_l2=3088.0082 | WRMSSE=0.5397
2026-09-16 10:32:37.670 | WARNING  | src.modeling.feature_selection:try_remove:174 - ELIMINADA(S) 'lag22' -> 15 features | regression_l2=3125.0708 | WRMSSE=0.5462
2026-09-16 10:32:39.159 | WARNING  | src.modeling.feature_selection:try_remove:174 - ELIMINADA(S) 'lag91' -> 14 features | regression_l2=3100.0112 | WRMSSE=0.5418
2026-09-16 10:32:39.989 | WARNING  | src.modeling.feature_selection:try_remove:174 - ELIMINADA(S) 'dow_sin' -> 13 features | regression_l2=3135.0233 | WRMSSE=0.5479
2026-09-16 10:32:40.529 | WARNING  | src.modeling.feature_selection:try_remove:174 - ELIMINADA(S) 'lag14' -> 12 features | regression_l2=2982.1654 | WRMSSE=0.5212
2026-09-16 10:32:41.365 | WARNING  | src.modeling.feature_selection:try_remove:174 - ELIMINADA(S) 'lag35' -> 11 features | regression_l2=3027.9484 | WRMSSE=0.5292
2026-09-16 10:32:46.313 | WARNING  | src.modeling.feature_selection:try_remove:174 - ELIMINADA(S) 'lag364' -> 10 features | regression_l2=3085.4400 | WRMSSE=0.5393
2026-09-16 10:32:50.355 | WARNING  | src.modeling.feature_selection:try_remove:174 - ELIMINADA(S) 'te_weekend_mean' -> 9 features | regression_l2=3123.3569 | WRMSSE=0.5459
2026-09-16 10:32:56.064 | INFO     | src.modeling.feature_selection:backward_feature_selection:202 - Selección derivó de 12 (mejor punto real) a 9 features -- se devuelve el mejor punto (regression_l2=2982.1654) en vez de donde terminó (regression_l2=3123.3569).
2026-09-16 10:32:56.064 | INFO     | src.modeling.feature_selection:backward_feature_selection:204 - Seleccionadas 12/191 features | regression_l2 final: 2982.1654 | WRMSSE final: 0.5212
2026-09-16 10:32:56.065 | INFO     | scripts.train_dataset.refinement:select_features:119 - Features descartadas (179): ['adi_expanding', 'avg_sell_price', 'cat_id', 'cv2_90', 'days_since_event', 'days_since_newyear', 'days_since_price_change', 'days_since_release', 'days_to_closure', 'days_to_event', 'days_to_newyear', 'days_to_thanksgiving', 'dept_id', 'dow_cos', 'dow_sin', 'doy_cos', 'doy_sin', 'event_name_1', 'event_name_2', 'event_type_1_enc', 'event_type_2', 'event_type_2_enc', 'expanding_mean_lag91', 'has_event', 'has_event_2', 'is_likely_stockout', 'is_month_end', 'is_month_start', 'is_store_closed', 'is_weekend', 'item_id', 'lag1', 'lag10', 'lag11', 'lag12', 'lag13', 'lag14', 'lag15', 'lag16', 'lag17', 'lag18', 'lag19', 'lag2', 'lag20', 'lag22', 'lag23', 'lag24', 'lag25', 'lag26', 'lag27', 'lag3', 'lag4', 'lag42', 'lag5', 'lag6', 'lag8', 'lag9', 'lag91', 'momentum_lag1_7_35', 'momentum_lag28_7_28', 'month', 'month_cos', 'month_sin', 'pct_zero_28', 'pct_zero_90', 'price_change', 'price_lag_7', 'price_volatility', 'price_vs_max', 'price_vs_mean', 'quarter', 'rolling_max_lag1_window_size14', 'rolling_max_lag1_window_size21', 'rolling_max_lag1_window_size35', 'rolling_max_lag1_window_size7', 'rolling_max_lag28_window_size28', 'rolling_max_lag28_window_size7', 'rolling_max_lag28_window_size91', 'rolling_max_lag2_window_size14', 'rolling_max_lag2_window_size7', 'rolling_max_lag364_window_size28', 'rolling_max_lag364_window_size91', 'rolling_max_lag3_window_size14', 'rolling_max_lag3_window_size7', 'rolling_max_lag4_window_size14', 'rolling_max_lag4_window_size7', 'rolling_max_lag5_window_size14', 'rolling_max_lag5_window_size7', 'rolling_max_lag6_window_size14', 'rolling_max_lag6_window_size7', 'rolling_max_lag7_window_size14', 'rolling_max_lag7_window_size7', 'rolling_max_lag91_window_size28', 'rolling_max_lag91_window_size91', 'rolling_mean_lag1_window_size14', 'rolling_mean_lag1_window_size21', 'rolling_mean_lag1_window_size35', 'rolling_mean_lag1_window_size7', 'rolling_mean_lag28_window_size28', 'rolling_mean_lag28_window_size7', 'rolling_mean_lag28_window_size91', 'rolling_mean_lag2_window_size14', 'rolling_mean_lag2_window_size7', 'rolling_mean_lag364_window_size28', 'rolling_mean_lag364_window_size91', 'rolling_mean_lag3_window_size14', 'rolling_mean_lag3_window_size7', 'rolling_mean_lag4_window_size14', 'rolling_mean_lag4_window_size7', 'rolling_mean_lag5_window_size14', 'rolling_mean_lag5_window_size7', 'rolling_mean_lag6_window_size14', 'rolling_mean_lag6_window_size7', 'rolling_mean_lag7_window_size14', 'rolling_mean_lag7_window_size7', 'rolling_mean_lag91_window_size28', 'rolling_mean_lag91_window_size91', 'rolling_min_lag1_window_size14', 'rolling_min_lag1_window_size21', 'rolling_min_lag1_window_size35', 'rolling_min_lag1_window_size7', 'rolling_min_lag28_window_size28', 'rolling_min_lag28_window_size7', 'rolling_min_lag28_window_size91', 'rolling_min_lag2_window_size14', 'rolling_min_lag2_window_size7', 'rolling_min_lag364_window_size28', 'rolling_min_lag364_window_size91', 'rolling_min_lag3_window_size14', 'rolling_min_lag3_window_size7', 'rolling_min_lag4_window_size14', 'rolling_min_lag4_window_size7', 'rolling_min_lag5_window_size14', 'rolling_min_lag5_window_size7', 'rolling_min_lag6_window_size14', 'rolling_min_lag6_window_size7', 'rolling_min_lag7_window_size14', 'rolling_min_lag7_window_size7', 'rolling_min_lag91_window_size28', 'rolling_min_lag91_window_size91', 'rolling_std_lag1_window_size14', 'rolling_std_lag1_window_size21', 'rolling_std_lag1_window_size35', 'rolling_std_lag1_window_size7', 'rolling_std_lag28_window_size28', 'rolling_std_lag28_window_size7', 'rolling_std_lag28_window_size91', 'rolling_std_lag2_window_size14', 'rolling_std_lag2_window_size7', 'rolling_std_lag364_window_size28', 'rolling_std_lag364_window_size91', 'rolling_std_lag3_window_size14', 'rolling_std_lag3_window_size7', 'rolling_std_lag4_window_size14', 'rolling_std_lag4_window_size7', 'rolling_std_lag5_window_size14', 'rolling_std_lag5_window_size7', 'rolling_std_lag6_window_size14', 'rolling_std_lag6_window_size7', 'rolling_std_lag7_window_size14', 'rolling_std_lag7_window_size7', 'rolling_std_lag91_window_size28', 'rolling_std_lag91_window_size91', 'seasonal_mean_lag364_364_2', 'seasonal_mean_lag364_7_8', 'snap', 'state_id', 'store_id', 'te_cat_mean', 'te_cat_std', 'te_dept_mean', 'te_dept_std', 'te_event_mean', 'te_item_mean', 'te_item_std', 'te_snap_mean', 'weekofyear', 'year', 'zero_streak']
2026-09-16 10:32:56.074 | INFO     | scripts.train_dataset.refinement:select_features:132 - Features finales: 12 (1 categóricas) | regression_l2=2982.1654 | WRMSSE=0.5212 (informativo)
2026-09-16 10:32:56.074 | INFO     | scripts.train_dataset.pipeline:run_pipeline:74 - Fase selección de features: 195.0s
2026-09-16 10:32:59.020 | INFO     | src.evaluation.reports:evaluate_predictions:58 - histgb (bench, selected features) [ML] | WAPE: 5.34% | WRMSSE: 0.5103  | fit: 2.81s
2026-09-16 10:33:00.249 | INFO     | scripts.train_dataset.refinement:run_shap:190 - SHAP (histgb): feature más importante = lag28 | plots guardados en /bi/workspace/Sandbox/forecast-tfm/artifacts/plots
2026-09-16 10:33:00.250 | INFO     | scripts.train_dataset.pipeline:run_pipeline:79 - Fase SHAP: 4.2s
2026-09-16 10:33:01.021 | INFO     | scripts.train_dataset.refinement:tune_optuna_family:60 - [histgb] Optuna arrancando: hasta 300 trials (timeout 600s) -- study 'study_level_01_daily_total_sales_final_histgb'
2026-09-16 10:43:01.668 | INFO     | scripts.train_dataset.refinement:tune_optuna_family:70 - [histgb] Optuna terminó -- elige hiperparámetros por regression_l2 (no por WRMSSE): mejor regression_l2 = 2943.9961 | WRMSSE de ESE trial: 0.5146 (solo referencia, puede no ser el mínimo posible; el WRMSSE definitivo se reporta abajo, tras reentrenar con estos hiperparámetros)
2026-09-16 10:43:01.669 | INFO     | scripts.train_dataset.refinement:tune_optuna_family:76 - [histgb] Mejores hiperparámetros: {'learning_rate': 0.06487771823498667, 'max_leaf_nodes': 201, 'max_depth': 14, 'min_samples_leaf': 23, 'l2_regularization': 0.09591847288252811}
2026-09-16 10:43:01.671 | INFO     | scripts.train_dataset.pipeline:run_pipeline:85 - Fase Optuna final: 601.4s
2026-09-16 10:43:02.873 | INFO     | scripts.train_dataset.refinement:_cv_fit_and_score:227 - CV (1 folds) best_iteration: [272] -> n_estimators = 272
2026-09-16 10:43:05.344 | INFO     | scripts.train_dataset.refinement:_cv_fit_and_score:227 - CV (1 folds) best_iteration: [570] -> n_estimators = 570
2026-09-16 10:43:05.397 | INFO     | src.evaluation.reports:evaluate_predictions:58 - histgb (final, Optuna) [ML] | WAPE: 5.40% | WRMSSE: 0.5118  | fit: 3.70s
2026-09-16 10:43:08.590 | INFO     | scripts.train_dataset.refinement:fit_final_model:283 - Test WAPE: 5.68% | Test WRMSSE: 0.5466
2026-09-16 10:43:09.431 | INFO     | scripts.train_dataset.benchmarking:save_model_comparison:115 - Comparación de modelos guardada en /bi/workspace/Sandbox/forecast-tfm/artifacts/results
2026-09-16 10:43:12.860 | SUCCESS  | scripts.train_dataset.export:export_artifact:115 - Artifact guardado en /bi/workspace/Sandbox/forecast-tfm/artifacts/models/level_01_daily_total_sales_artifact.pkl (modelo: histgb)
2026-09-16 10:43:13.090 | SUCCESS  | scripts.train_dataset.export:export_artifact:125 - Versión 20260916T134312Z registrada en registry.json
2026-09-16 10:43:13.092 | INFO     | scripts.train_dataset.pipeline:run_pipeline:93 - Pipeline completo (level_01_daily_total/sales) en 836.5s
2026-09-16 10:43:13.316 | INFO     | src.data.dataset:load_data:58 - level_01_weekly_total | target=sales | 278 filas | 109 features (9 categóricas)
2026-09-16 10:43:13.320 | INFO     | src.data.temporal_split:log_summary:41 - Train : 2011-01-29 to 2015-04-20 (1,549 days, 222 rows)
2026-09-16 10:43:13.320 | INFO     | src.data.temporal_split:log_summary:42 - Valid : 2015-04-27 to 2016-04-18 (364 days, 52 rows)
2026-09-16 10:43:13.321 | INFO     | src.data.temporal_split:log_summary:43 - Test  : 2016-04-25 to 2016-05-16 (22 days, 4 rows)
2026-09-16 10:43:13.554 | INFO     | src.data.dataset:split_data:119 - Features: 109 (9 categóricas)
2026-09-16 10:43:13.573 | INFO     | src.evaluation.reports:evaluate_predictions:58 - Seasonal naive (1w) [Naive] | WAPE: 11.51% | WRMSSE: 0.7321  | fit: 0.00s
2026-09-16 10:43:13.591 | INFO     | src.evaluation.reports:evaluate_predictions:58 - Seasonal naive (4w) [Naive] | WAPE: 8.11% | WRMSSE: 0.5547  | fit: 0.00s
2026-09-16 10:43:13.610 | INFO     | src.evaluation.reports:evaluate_predictions:58 - Seasonal naive (52w) [Naive] | WAPE: 8.70% | WRMSSE: 0.5565  | fit: 0.00s
2026-09-16 10:43:13.632 | INFO     | src.evaluation.reports:evaluate_predictions:58 -             Drift [Naive] | WAPE: 5.46% | WRMSSE: 0.3884  | fit: 0.01s
2026-09-16 10:43:13.648 | INFO     | src.evaluation.reports:evaluate_predictions:58 -   Historical mean [Naive] | WAPE: 17.73% | WRMSSE: 1.0729  | fit: 0.00s
2026-09-16 10:43:13.664 | INFO     | src.evaluation.reports:evaluate_predictions:58 - Moving average (2w) [Naive] | WAPE: 10.17% | WRMSSE: 0.6577  | fit: 0.00s
2026-09-16 10:43:13.679 | INFO     | src.evaluation.reports:evaluate_predictions:58 - Moving average (3w) [Naive] | WAPE: 8.31% | WRMSSE: 0.5564  | fit: 0.00s
2026-09-16 10:43:13.694 | INFO     | src.evaluation.reports:evaluate_predictions:58 - Moving average (4w) [Naive] | WAPE: 7.59% | WRMSSE: 0.5176  | fit: 0.00s
2026-09-16 10:43:13.709 | INFO     | src.evaluation.reports:evaluate_predictions:58 - Moving average (6w) [Naive] | WAPE: 9.27% | WRMSSE: 0.6091  | fit: 0.00s
2026-09-16 10:43:13.724 | INFO     | src.evaluation.reports:evaluate_predictions:58 - Moving average (8w) [Naive] | WAPE: 8.39% | WRMSSE: 0.5612  | fit: 0.00s
2026-09-16 10:43:13.725 | INFO     | scripts.train_dataset.pipeline:run_pipeline:51 - Fase naive: 0.2s
2026-09-16 10:43:14.371 | INFO     | src.evaluation.reports:evaluate_predictions:58 -      SARIMA [Statistical] | WAPE: 8.84% | WRMSSE: 0.5705  | fit: 0.63s
2026-09-16 10:43:14.628 | INFO     | src.evaluation.reports:evaluate_predictions:58 - ETS (Holt-Winters) [Statistical] | WAPE: 4.41% | WRMSSE: 0.3367  | fit: 0.24s
2026-09-16 10:43:14.739 | INFO     | src.evaluation.reports:evaluate_predictions:58 -       Theta [Statistical] | WAPE: 5.49% | WRMSSE: 0.4292  | fit: 0.10s
2026-09-16 10:43:22.753 | INFO     | src.evaluation.reports:evaluate_predictions:58 -       TBATS [Statistical] | WAPE: 15.07% | WRMSSE: 1.0178  | fit: 8.00s
2026-09-16 10:43:22.887 | WARNING  | src.modeling.statistical:_forecast_by_series:70 - 1 serie(s) fallaron el ajuste; se usa el último valor de train como fallback.
2026-09-16 10:43:22.905 | INFO     | src.evaluation.reports:evaluate_predictions:58 -     Prophet [Statistical] | WAPE: 11.51% | WRMSSE: 0.7321  | fit: 0.14s
2026-09-16 10:43:22.905 | INFO     | scripts.train_dataset.pipeline:run_pipeline:56 - Fase estadísticos clásicos: 9.2s
2026-09-16 10:43:22.906 | INFO     | scripts.train_dataset.benchmarking:run_bench_ml:67 - Bench ML: familia 1/5 -- lightgbm
2026-09-16 10:43:23.008 | INFO     | src.evaluation.reports:evaluate_predictions:58 -     lightgbm (bench) [ML] | WAPE: 8.52% | WRMSSE: 0.5918  | fit: 0.07s
2026-09-16 10:43:23.008 | INFO     | scripts.train_dataset.benchmarking:run_bench_ml:67 - Bench ML: familia 2/5 -- xgboost
2026-09-16 10:43:23.272 | INFO     | src.evaluation.reports:evaluate_predictions:58 -      xgboost (bench) [ML] | WAPE: 7.71% | WRMSSE: 0.5141  | fit: 0.24s
2026-09-16 10:43:23.272 | INFO     | scripts.train_dataset.benchmarking:run_bench_ml:67 - Bench ML: familia 3/5 -- catboost
2026-09-16 10:43:23.952 | INFO     | src.evaluation.reports:evaluate_predictions:58 -     catboost (bench) [ML] | WAPE: 10.54% | WRMSSE: 0.6706  | fit: 0.65s
2026-09-16 10:43:23.953 | INFO     | scripts.train_dataset.benchmarking:run_bench_ml:67 - Bench ML: familia 4/5 -- histgb
2026-09-16 10:43:24.099 | INFO     | src.evaluation.reports:evaluate_predictions:58 -       histgb (bench) [ML] | WAPE: 8.60% | WRMSSE: 0.5487  | fit: 0.12s
2026-09-16 10:43:24.099 | INFO     | scripts.train_dataset.benchmarking:run_bench_ml:67 - Bench ML: familia 5/5 -- ridge
2026-09-16 10:43:24.125 | INFO     | src.evaluation.reports:evaluate_predictions:58 -        ridge (bench) [ML] | WAPE: 6.41% | WRMSSE: 0.4761  | fit: 0.01s
2026-09-16 10:43:24.125 | SUCCESS  | scripts.train_dataset.benchmarking:pick_winner:94 - Modelo ganador (bench, 4 familias tree-based comparadas): xgboost | regression_l2=24646.4199
2026-09-16 10:43:24.125 | INFO     | scripts.train_dataset.pipeline:run_pipeline:62 - Fase bench ML (5 familias, sin Optuna): 1.2s
2026-09-16 10:43:24.127 | INFO     | scripts.train_dataset.refinement:select_features:88 - Top 10 gain importance (xgboost):
lag52                               3.333829e+09
lag4                                2.202010e+09
rolling_mean_lag4_window_size26     1.234923e+09
lag26                               3.173815e+08
days_since_thanksgiving             1.855305e+08
rolling_mean_lag13_window_size26    1.455583e+08
lag17                               1.276590e+08
rolling_max_lag1_window_size4       9.510091e+07
rolling_mean_lag52_window_size4     8.837895e+07
lag22                               7.875268e+07
dtype: float64
2026-09-16 10:43:25.161 | INFO     | scripts.train_dataset.refinement:select_features:95 - Top 10 permutation importance (xgboost):
lag52                              3507.187500
lag4                               1556.200781
event_name_1                       1382.025781
rolling_mean_lag4_window_size26     320.927344
cv2_90                              312.115625
price_vs_max                        300.563281
lag26                               273.774219
rolling_std_lag13_window_size13     225.553125
day                                 219.596094
days_since_thanksgiving              85.536719
dtype: float64
2026-09-16 10:43:25.460 | INFO     | src.modeling.feature_selection:backward_feature_selection:139 - Baseline (109 features): regression_l2=24646.4199 | WRMSSE=0.5141 (informativo)
2026-09-16 10:43:25.701 | WARNING  | src.modeling.feature_selection:try_remove:174 - ELIMINADA(S) 16 features ['lag2', 'rolling_std_lag13_window_size26', 'rolling_mean_lag52_window_size4', 'lag17', 'rolling_std_lag4_window_size13', 'avg_sell_price', 'price_volatility', 'rolling_std_lag4_window_size4', 'lag8', 'adi_expanding', 'rolling_max_lag52_window_size4', 'lag39', 'days_to_newyear', 'rolling_std_lag1_window_size13', 'month_sin', 'lag1'] -> 93 features | regression_l2=20377.3883 | WRMSSE=0.4250
2026-09-16 10:43:27.472 | WARNING  | src.modeling.feature_selection:try_remove:174 - ELIMINADA(S) 16 features ['price_lag_1', 'rolling_max_lag4_window_size26', 'rolling_mean_lag13_window_size13', 'rolling_std_lag1_window_size4', 'te_event_mean', 'dow_sin', 'is_month_end', 'is_weekend', 'dow_cos', 'event_name_2', 'has_event_2', 'item_id', 'state_id', 'event_type_1', 'cat_id', 'dept_id'] -> 77 features | regression_l2=18082.4125 | WRMSSE=0.3772
2026-09-16 10:43:29.671 | WARNING  | src.modeling.feature_selection:try_remove:174 - ELIMINADA(S) 'pct_zero_28' -> 76 features | regression_l2=18082.4125 | WRMSSE=0.3772
2026-09-16 10:43:31.541 | WARNING  | src.modeling.feature_selection:try_remove:174 - ELIMINADA(S) 'zero_streak' -> 75 features | regression_l2=18082.4125 | WRMSSE=0.3772
2026-09-16 10:43:32.572 | WARNING  | src.modeling.feature_selection:try_remove:174 - ELIMINADA(S) 'pct_zero_90' -> 74 features | regression_l2=18143.3078 | WRMSSE=0.3784
2026-09-16 10:43:33.310 | WARNING  | src.modeling.feature_selection:try_remove:174 - ELIMINADA(S) 'is_likely_stockout' -> 73 features | regression_l2=18143.3078 | WRMSSE=0.3784
2026-09-16 10:43:34.009 | WARNING  | src.modeling.feature_selection:try_remove:174 - ELIMINADA(S) 'te_cat_mean' -> 72 features | regression_l2=18143.3078 | WRMSSE=0.3784
2026-09-16 10:43:34.722 | WARNING  | src.modeling.feature_selection:try_remove:174 - ELIMINADA(S) 'te_cat_std' -> 71 features | regression_l2=18143.3078 | WRMSSE=0.3784
2026-09-16 10:43:35.477 | WARNING  | src.modeling.feature_selection:try_remove:174 - ELIMINADA(S) 'days_to_closure' -> 70 features | regression_l2=18041.4900 | WRMSSE=0.3763
2026-09-16 10:43:36.960 | WARNING  | src.modeling.feature_selection:try_remove:174 - ELIMINADA(S) 'event_type_1_enc' -> 69 features | regression_l2=18085.6100 | WRMSSE=0.3772
2026-09-16 10:43:37.771 | WARNING  | src.modeling.feature_selection:try_remove:174 - ELIMINADA(S) 'is_store_closed' -> 68 features | regression_l2=18085.6100 | WRMSSE=0.3772
2026-09-16 10:43:40.715 | WARNING  | src.modeling.feature_selection:try_remove:174 - ELIMINADA(S) 'rolling_min_lag52_window_size13' -> 67 features | regression_l2=17804.7924 | WRMSSE=0.3714
2026-09-16 10:43:42.362 | WARNING  | src.modeling.feature_selection:try_remove:174 - ELIMINADA(S) 'rolling_min_lag4_window_size26' -> 66 features | regression_l2=17804.7924 | WRMSSE=0.3714
2026-09-16 10:43:50.237 | WARNING  | src.modeling.feature_selection:try_remove:174 - ELIMINADA(S) 'is_month_start' -> 65 features | regression_l2=17804.7924 | WRMSSE=0.3714
2026-09-16 10:43:51.766 | WARNING  | src.modeling.feature_selection:try_remove:174 - ELIMINADA(S) 'te_dept_std' -> 64 features | regression_l2=17804.7924 | WRMSSE=0.3714
2026-09-16 10:43:53.298 | WARNING  | src.modeling.feature_selection:try_remove:174 - ELIMINADA(S) 'te_dept_mean' -> 63 features | regression_l2=17804.7924 | WRMSSE=0.3714
2026-09-16 10:43:55.479 | WARNING  | src.modeling.feature_selection:try_remove:174 - ELIMINADA(S) 'days_since_price_change' -> 62 features | regression_l2=17804.7924 | WRMSSE=0.3714
2026-09-16 10:43:57.032 | WARNING  | src.modeling.feature_selection:try_remove:174 - ELIMINADA(S) 'days_since_release' -> 61 features | regression_l2=17785.8428 | WRMSSE=0.3710
2026-09-16 10:43:58.608 | WARNING  | src.modeling.feature_selection:try_remove:174 - ELIMINADA(S) 'event_type_2' -> 60 features | regression_l2=17759.3253 | WRMSSE=0.3704
2026-09-16 10:44:00.253 | WARNING  | src.modeling.feature_selection:try_remove:174 - ELIMINADA(S) 'snap' -> 59 features | regression_l2=17759.3253 | WRMSSE=0.3704
2026-09-16 10:44:01.959 | WARNING  | src.modeling.feature_selection:try_remove:174 - ELIMINADA(S) 'dayofweek' -> 58 features | regression_l2=17759.3253 | WRMSSE=0.3704
2026-09-16 10:44:03.486 | WARNING  | src.modeling.feature_selection:try_remove:174 - ELIMINADA(S) 'quarter' -> 57 features | regression_l2=17759.3253 | WRMSSE=0.3704
2026-09-16 10:44:05.316 | WARNING  | src.modeling.feature_selection:try_remove:174 - ELIMINADA(S) 'year' -> 56 features | regression_l2=17743.8212 | WRMSSE=0.3701
2026-09-16 10:44:07.181 | WARNING  | src.modeling.feature_selection:try_remove:174 - ELIMINADA(S) 'store_id' -> 55 features | regression_l2=17743.8212 | WRMSSE=0.3701
2026-09-16 10:44:16.859 | WARNING  | src.modeling.feature_selection:try_remove:174 - ELIMINADA(S) 'has_event' -> 54 features | regression_l2=17728.6864 | WRMSSE=0.3698
2026-09-16 10:44:22.238 | WARNING  | src.modeling.feature_selection:try_remove:174 - ELIMINADA(S) 'rolling_mean_lag4_window_size4' -> 53 features | regression_l2=17857.6854 | WRMSSE=0.3725
2026-09-16 10:44:33.751 | WARNING  | src.modeling.feature_selection:try_remove:174 - ELIMINADA(S) 'days_since_newyear' -> 52 features | regression_l2=17980.6307 | WRMSSE=0.3750
2026-09-16 10:44:42.326 | WARNING  | src.modeling.feature_selection:try_remove:174 - ELIMINADA(S) 'rolling_mean_lag4_window_size26' -> 51 features | regression_l2=17843.1842 | WRMSSE=0.3722
2026-09-16 10:44:46.741 | WARNING  | src.modeling.feature_selection:try_remove:174 - ELIMINADA(S) 'te_snap_mean' -> 50 features | regression_l2=17802.0195 | WRMSSE=0.3713
2026-09-16 10:44:55.522 | WARNING  | src.modeling.feature_selection:try_remove:174 - ELIMINADA(S) 'rolling_min_lag13_window_size26' -> 49 features | regression_l2=17818.5322 | WRMSSE=0.3717
2026-09-16 10:45:01.821 | WARNING  | src.modeling.feature_selection:try_remove:174 - ELIMINADA(S) 'rolling_min_lag4_window_size4' -> 48 features | regression_l2=18157.1687 | WRMSSE=0.3787
2026-09-16 10:45:02.600 | WARNING  | src.modeling.feature_selection:try_remove:174 - ELIMINADA(S) 'days_to_thanksgiving' -> 47 features | regression_l2=18052.7502 | WRMSSE=0.3765
2026-09-16 10:45:03.353 | WARNING  | src.modeling.feature_selection:try_remove:174 - ELIMINADA(S) 'rolling_min_lag4_window_size13' -> 46 features | regression_l2=17691.4399 | WRMSSE=0.3690
2026-09-16 10:45:05.355 | WARNING  | src.modeling.feature_selection:try_remove:174 - ELIMINADA(S) 'days_to_event' -> 45 features | regression_l2=17854.7689 | WRMSSE=0.3724
2026-09-16 10:45:15.979 | WARNING  | src.modeling.feature_selection:try_remove:174 - ELIMINADA(S) 'month' -> 44 features | regression_l2=17692.2268 | WRMSSE=0.3690
2026-09-16 10:45:16.376 | WARNING  | src.modeling.feature_selection:try_remove:174 - ELIMINADA(S) 'rolling_max_lag1_window_size4' -> 43 features | regression_l2=17939.9654 | WRMSSE=0.3742
2026-09-16 10:45:19.452 | WARNING  | src.modeling.feature_selection:try_remove:174 - ELIMINADA(S) 'doy_cos' -> 42 features | regression_l2=17256.5264 | WRMSSE=0.3599
2026-09-16 10:45:29.514 | WARNING  | src.modeling.feature_selection:try_remove:174 - ELIMINADA(S) 'rolling_std_lag52_window_size13' -> 41 features | regression_l2=17507.8283 | WRMSSE=0.3652
2026-09-16 10:45:47.102 | WARNING  | src.modeling.feature_selection:try_remove:174 - ELIMINADA(S) 'te_item_mean' -> 40 features | regression_l2=17552.9840 | WRMSSE=0.3661
2026-09-16 10:45:52.646 | WARNING  | src.modeling.feature_selection:try_remove:174 - ELIMINADA(S) 'event_type_2_enc' -> 39 features | regression_l2=17602.3423 | WRMSSE=0.3672
2026-09-16 10:45:58.198 | WARNING  | src.modeling.feature_selection:try_remove:174 - ELIMINADA(S) 'rolling_max_lag4_window_size13' -> 38 features | regression_l2=17655.8311 | WRMSSE=0.3683
2026-09-16 10:46:04.225 | WARNING  | src.modeling.feature_selection:try_remove:174 - ELIMINADA(S) 'rolling_max_lag4_window_size4' -> 37 features | regression_l2=17547.8747 | WRMSSE=0.3660
2026-09-16 10:46:07.262 | WARNING  | src.modeling.feature_selection:try_remove:174 - ELIMINADA(S) 'rolling_min_lag1_window_size13' -> 36 features | regression_l2=17355.1422 | WRMSSE=0.3620
2026-09-16 10:46:14.726 | WARNING  | src.modeling.feature_selection:try_remove:174 - ELIMINADA(S) 'rolling_max_lag13_window_size13' -> 35 features | regression_l2=17391.0694 | WRMSSE=0.3627
2026-09-16 10:46:17.541 | WARNING  | src.modeling.feature_selection:try_remove:174 - ELIMINADA(S) 'rolling_max_lag52_window_size13' -> 34 features | regression_l2=17443.5809 | WRMSSE=0.3638
2026-09-16 10:46:21.562 | WARNING  | src.modeling.feature_selection:try_remove:174 - ELIMINADA(S) 'rolling_min_lag13_window_size13' -> 33 features | regression_l2=17686.2134 | WRMSSE=0.3689
2026-09-16 10:46:27.422 | WARNING  | src.modeling.feature_selection:try_remove:174 - ELIMINADA(S) 'days_since_event' -> 32 features | regression_l2=17924.1543 | WRMSSE=0.3739
2026-09-16 10:46:30.241 | WARNING  | src.modeling.feature_selection:try_remove:174 - ELIMINADA(S) 'rolling_std_lag52_window_size4' -> 31 features | regression_l2=17420.5309 | WRMSSE=0.3634
2026-09-16 10:46:31.697 | WARNING  | src.modeling.feature_selection:try_remove:174 - ELIMINADA(S) 'weekofyear' -> 30 features | regression_l2=17380.1458 | WRMSSE=0.3625
2026-09-16 10:47:23.821 | WARNING  | src.modeling.feature_selection:try_remove:174 - ELIMINADA(S) 'price_vs_mean' -> 29 features | regression_l2=16689.4528 | WRMSSE=0.3481
2026-09-16 10:47:45.148 | WARNING  | src.modeling.feature_selection:try_remove:174 - ELIMINADA(S) 'cv2_90' -> 28 features | regression_l2=16821.1911 | WRMSSE=0.3509
2026-09-16 10:47:57.557 | WARNING  | src.modeling.feature_selection:try_remove:174 - ELIMINADA(S) 'rolling_max_lag13_window_size26' -> 27 features | regression_l2=17049.3884 | WRMSSE=0.3556
2026-09-16 10:48:00.274 | WARNING  | src.modeling.feature_selection:try_remove:174 - ELIMINADA(S) 'rolling_mean_lag1_window_size13' -> 26 features | regression_l2=17131.8520 | WRMSSE=0.3573
2026-09-16 10:48:07.102 | WARNING  | src.modeling.feature_selection:try_remove:174 - ELIMINADA(S) 'lag13' -> 25 features | regression_l2=16655.5328 | WRMSSE=0.3474
2026-09-16 10:49:04.538 | INFO     | src.modeling.feature_selection:backward_feature_selection:204 - Seleccionadas 25/109 features | regression_l2 final: 16655.5328 | WRMSSE final: 0.3474
2026-09-16 10:49:04.539 | INFO     | scripts.train_dataset.refinement:select_features:119 - Features descartadas (84): ['adi_expanding', 'avg_sell_price', 'cat_id', 'cv2_90', 'dayofweek', 'days_since_event', 'days_since_newyear', 'days_since_price_change', 'days_since_release', 'days_to_closure', 'days_to_event', 'days_to_newyear', 'days_to_thanksgiving', 'dept_id', 'dow_cos', 'dow_sin', 'doy_cos', 'event_name_2', 'event_type_1', 'event_type_1_enc', 'event_type_2', 'event_type_2_enc', 'has_event', 'has_event_2', 'is_likely_stockout', 'is_month_end', 'is_month_start', 'is_store_closed', 'is_weekend', 'item_id', 'lag1', 'lag13', 'lag17', 'lag2', 'lag39', 'lag8', 'month', 'month_sin', 'pct_zero_28', 'pct_zero_90', 'price_lag_1', 'price_volatility', 'price_vs_mean', 'quarter', 'rolling_max_lag13_window_size13', 'rolling_max_lag13_window_size26', 'rolling_max_lag1_window_size4', 'rolling_max_lag4_window_size13', 'rolling_max_lag4_window_size26', 'rolling_max_lag4_window_size4', 'rolling_max_lag52_window_size13', 'rolling_max_lag52_window_size4', 'rolling_mean_lag13_window_size13', 'rolling_mean_lag1_window_size13', 'rolling_mean_lag4_window_size26', 'rolling_mean_lag4_window_size4', 'rolling_mean_lag52_window_size4', 'rolling_min_lag13_window_size13', 'rolling_min_lag13_window_size26', 'rolling_min_lag1_window_size13', 'rolling_min_lag4_window_size13', 'rolling_min_lag4_window_size26', 'rolling_min_lag4_window_size4', 'rolling_min_lag52_window_size13', 'rolling_std_lag13_window_size26', 'rolling_std_lag1_window_size13', 'rolling_std_lag1_window_size4', 'rolling_std_lag4_window_size13', 'rolling_std_lag4_window_size4', 'rolling_std_lag52_window_size13', 'rolling_std_lag52_window_size4', 'snap', 'state_id', 'store_id', 'te_cat_mean', 'te_cat_std', 'te_dept_mean', 'te_dept_std', 'te_event_mean', 'te_item_mean', 'te_snap_mean', 'weekofyear', 'year', 'zero_streak']
2026-09-16 10:49:04.546 | INFO     | scripts.train_dataset.refinement:select_features:132 - Features finales: 25 (1 categóricas) | regression_l2=16655.5328 | WRMSSE=0.3474 (informativo)
2026-09-16 10:49:04.546 | INFO     | scripts.train_dataset.pipeline:run_pipeline:74 - Fase selección de features: 340.4s
2026-09-16 10:49:07.843 | INFO     | src.evaluation.reports:evaluate_predictions:58 - xgboost (bench, selected features) [ML] | WAPE: 4.87% | WRMSSE: 0.3474  | fit: 3.27s
2026-09-16 10:49:09.086 | INFO     | scripts.train_dataset.refinement:run_shap:190 - SHAP (xgboost): feature más importante = lag4 | plots guardados en /bi/workspace/Sandbox/forecast-tfm/artifacts/plots
2026-09-16 10:49:09.090 | INFO     | scripts.train_dataset.pipeline:run_pipeline:79 - Fase SHAP: 4.5s
2026-09-16 10:49:09.135 | INFO     | scripts.train_dataset.refinement:tune_optuna_family:60 - [xgboost] Optuna arrancando: hasta 300 trials (timeout 600s) -- study 'study_level_01_weekly_total_sales_final_xgboost'
2026-09-16 10:59:09.368 | INFO     | scripts.train_dataset.refinement:tune_optuna_family:70 - [xgboost] Optuna terminó -- elige hiperparámetros por regression_l2 (no por WRMSSE): mejor regression_l2 = 15698.5908 | WRMSSE de ESE trial: 0.3274 (solo referencia, puede no ser el mínimo posible; el WRMSSE definitivo se reporta abajo, tras reentrenar con estos hiperparámetros)
2026-09-16 10:59:09.370 | INFO     | scripts.train_dataset.refinement:tune_optuna_family:76 - [xgboost] Mejores hiperparámetros: {'learning_rate': 0.11784156403214784, 'max_depth': 8, 'min_child_weight': 7.106729369782772, 'subsample': 0.8430375048340828, 'colsample_bytree': 0.8696705585741729, 'reg_alpha': 0.07449148506886824, 'reg_lambda': 0.0015861387972783583}
2026-09-16 10:59:09.374 | INFO     | scripts.train_dataset.pipeline:run_pipeline:85 - Fase Optuna final: 600.3s
2026-09-16 10:59:14.197 | INFO     | scripts.train_dataset.refinement:_cv_fit_and_score:227 - CV (1 folds) best_iteration: [1499] -> n_estimators = 1499
2026-09-16 10:59:19.909 | INFO     | scripts.train_dataset.refinement:_cv_fit_and_score:227 - CV (1 folds) best_iteration: [1499] -> n_estimators = 1499
2026-09-16 10:59:19.941 | INFO     | src.evaluation.reports:evaluate_predictions:58 - xgboost (final, Optuna) [ML] | WAPE: 4.50% | WRMSSE: 0.3231  | fit: 10.55s
2026-09-16 10:59:25.680 | INFO     | scripts.train_dataset.refinement:fit_final_model:283 - Test WAPE: 6.38% | Test WRMSSE: 0.4512
2026-09-16 10:59:26.364 | INFO     | scripts.train_dataset.benchmarking:save_model_comparison:115 - Comparación de modelos guardada en /bi/workspace/Sandbox/forecast-tfm/artifacts/results
2026-09-16 10:59:27.140 | SUCCESS  | scripts.train_dataset.export:export_artifact:115 - Artifact guardado en /bi/workspace/Sandbox/forecast-tfm/artifacts/models/level_01_weekly_total_sales_artifact.pkl (modelo: xgboost)
2026-09-16 10:59:27.527 | SUCCESS  | scripts.train_dataset.export:export_artifact:125 - Versión 20260916T135927Z registrada en registry.json
2026-09-16 10:59:27.531 | INFO     | scripts.train_dataset.pipeline:run_pipeline:93 - Pipeline completo (level_01_weekly_total/sales) en 974.2s
2026-09-16 10:59:27.748 | INFO     | src.data.dataset:load_data:58 - level_02_daily_state | target=sales | 5,823 filas | 191 features (9 categóricas)
2026-09-16 10:59:27.754 | INFO     | src.data.temporal_split:log_summary:41 - Train : 2011-01-29 to 2015-04-26 (1,549 days, 4,647 rows)
2026-09-16 10:59:27.755 | INFO     | src.data.temporal_split:log_summary:42 - Valid : 2015-04-27 to 2016-04-24 (364 days, 1,092 rows)
2026-09-16 10:59:27.755 | INFO     | src.data.temporal_split:log_summary:43 - Test  : 2016-04-25 to 2016-05-22 (28 days, 84 rows)
2026-09-16 10:59:28.009 | INFO     | src.data.dataset:split_data:119 - Features: 191 (9 categóricas)
2026-09-16 10:59:28.043 | INFO     | src.evaluation.reports:evaluate_predictions:58 - Seasonal naive (1d) [Naive] | WAPE: 18.23% | WRMSSE: 1.3327  | fit: 0.01s
2026-09-16 10:59:28.077 | INFO     | src.evaluation.reports:evaluate_predictions:58 - Seasonal naive (7d) [Naive] | WAPE: 13.01% | WRMSSE: 0.9807  | fit: 0.01s
2026-09-16 10:59:28.109 | INFO     | src.evaluation.reports:evaluate_predictions:58 - Seasonal naive (28d) [Naive] | WAPE: 12.37% | WRMSSE: 0.9550  | fit: 0.01s
2026-09-16 10:59:28.144 | INFO     | src.evaluation.reports:evaluate_predictions:58 - Seasonal naive (364d) [Naive] | WAPE: 11.00% | WRMSSE: 0.9000  | fit: 0.01s
2026-09-16 10:59:28.179 | INFO     | src.evaluation.reports:evaluate_predictions:58 -             Drift [Naive] | WAPE: 19.64% | WRMSSE: 1.4373  | fit: 0.01s
2026-09-16 10:59:28.209 | INFO     | src.evaluation.reports:evaluate_predictions:58 -   Historical mean [Naive] | WAPE: 18.04% | WRMSSE: 1.4880  | fit: 0.00s
2026-09-16 10:59:28.238 | INFO     | src.evaluation.reports:evaluate_predictions:58 - Moving average (7d) [Naive] | WAPE: 15.44% | WRMSSE: 1.3024  | fit: 0.00s
2026-09-16 10:59:28.267 | INFO     | src.evaluation.reports:evaluate_predictions:58 - Moving average (14d) [Naive] | WAPE: 14.85% | WRMSSE: 1.2611  | fit: 0.00s
2026-09-16 10:59:28.295 | INFO     | src.evaluation.reports:evaluate_predictions:58 - Moving average (21d) [Naive] | WAPE: 14.33% | WRMSSE: 1.2089  | fit: 0.00s
2026-09-16 10:59:28.323 | INFO     | src.evaluation.reports:evaluate_predictions:58 - Moving average (28d) [Naive] | WAPE: 14.19% | WRMSSE: 1.1877  | fit: 0.00s
2026-09-16 10:59:28.353 | INFO     | src.evaluation.reports:evaluate_predictions:58 - Moving average (35d) [Naive] | WAPE: 14.44% | WRMSSE: 1.2190  | fit: 0.00s
2026-09-16 10:59:28.353 | INFO     | scripts.train_dataset.pipeline:run_pipeline:51 - Fase naive: 0.3s
2026-09-16 10:59:30.690 | INFO     | src.evaluation.reports:evaluate_predictions:58 -      SARIMA [Statistical] | WAPE: 13.62% | WRMSSE: 1.0265  | fit: 2.30s
2026-09-16 10:59:32.599 | INFO     | src.evaluation.reports:evaluate_predictions:58 - ETS (Holt-Winters) [Statistical] | WAPE: 10.67% | WRMSSE: 0.8417  | fit: 1.88s
2026-09-16 10:59:34.177 | INFO     | src.evaluation.reports:evaluate_predictions:58 -       Theta [Statistical] | WAPE: 10.36% | WRMSSE: 0.8352  | fit: 1.55s
2026-09-16 10:59:42.172 | INFO     | src.evaluation.reports:evaluate_predictions:58 -       TBATS [Statistical] | WAPE: 11.55% | WRMSSE: 0.8989  | fit: 7.97s
2026-09-16 10:59:42.440 | WARNING  | src.modeling.statistical:_forecast_by_series:70 - 3 serie(s) fallaron el ajuste; se usa el último valor de train como fallback.
2026-09-16 10:59:42.478 | INFO     | src.evaluation.reports:evaluate_predictions:58 -     Prophet [Statistical] | WAPE: 18.23% | WRMSSE: 1.3327  | fit: 0.27s
2026-09-16 10:59:42.478 | INFO     | scripts.train_dataset.pipeline:run_pipeline:56 - Fase estadísticos clásicos: 14.1s
2026-09-16 10:59:42.478 | INFO     | scripts.train_dataset.benchmarking:run_bench_ml:67 - Bench ML: familia 1/5 -- lightgbm
2026-09-16 10:59:44.637 | INFO     | src.evaluation.reports:evaluate_predictions:58 -     lightgbm (bench) [ML] | WAPE: 10.95% | WRMSSE: 0.8635  | fit: 2.12s
2026-09-16 10:59:44.637 | INFO     | scripts.train_dataset.benchmarking:run_bench_ml:67 - Bench ML: familia 2/5 -- xgboost
2026-09-16 10:59:46.879 | INFO     | src.evaluation.reports:evaluate_predictions:58 -      xgboost (bench) [ML] | WAPE: 8.75% | WRMSSE: 0.7579  | fit: 2.19s
2026-09-16 10:59:46.879 | INFO     | scripts.train_dataset.benchmarking:run_bench_ml:67 - Bench ML: familia 3/5 -- catboost
2026-09-16 10:59:47.520 | INFO     | src.evaluation.reports:evaluate_predictions:58 -     catboost (bench) [ML] | WAPE: 20.41% | WRMSSE: 1.5502  | fit: 0.59s
2026-09-16 10:59:47.520 | INFO     | scripts.train_dataset.benchmarking:run_bench_ml:67 - Bench ML: familia 4/5 -- histgb
2026-09-16 10:59:57.128 | INFO     | src.evaluation.reports:evaluate_predictions:58 -       histgb (bench) [ML] | WAPE: 10.46% | WRMSSE: 0.8326  | fit: 9.53s
2026-09-16 10:59:57.129 | INFO     | scripts.train_dataset.benchmarking:run_bench_ml:67 - Bench ML: familia 5/5 -- ridge
2026-09-16 10:59:57.264 | INFO     | src.evaluation.reports:evaluate_predictions:58 -        ridge (bench) [ML] | WAPE: 15.67% | WRMSSE: 1.2407  | fit: 0.10s
2026-09-16 10:59:57.265 | SUCCESS  | scripts.train_dataset.benchmarking:pick_winner:94 - Modelo ganador (bench, 4 familias tree-based comparadas): xgboost | regression_l2=1703.3754
2026-09-16 10:59:57.265 | INFO     | scripts.train_dataset.pipeline:run_pipeline:62 - Fase bench ML (5 familias, sin Optuna): 14.8s
2026-09-16 10:59:57.267 | INFO     | scripts.train_dataset.refinement:select_features:88 - Top 10 gain importance (xgboost):
te_weekend_mean                   331506400.0
lag28                             156064128.0
lag7                               90273720.0
rolling_mean_lag2_window_size7     45465812.0
rolling_mean_lag3_window_size7     29946916.0
lag91                              24903424.0
snap                               18643550.0
lag364                             14486077.0
lag1                               12494010.0
te_snap_mean                        9278912.0
dtype: float64
2026-09-16 11:00:00.344 | INFO     | scripts.train_dataset.refinement:select_features:95 - Top 10 permutation importance (xgboost):
lag28                               751.643555
te_weekend_mean                     432.245117
lag364                              311.175977
event_name_1                        159.910449
lag7                                 93.674658
dayofweek                            90.580029
lag91                                84.800415
snap                                 73.843408
rolling_mean_lag28_window_size28     73.170850
seasonal_mean_lag364_364_2           69.739868
dtype: float64
2026-09-16 11:00:02.750 | INFO     | src.modeling.feature_selection:backward_feature_selection:139 - Baseline (191 features): regression_l2=1709.1165 | WRMSSE=0.7608 (informativo)
2026-09-16 11:00:06.432 | WARNING  | src.modeling.feature_selection:try_remove:174 - ELIMINADA(S) 16 features ['rolling_max_lag91_window_size28', 'lag13', 'rolling_std_lag364_window_size28', 'price_volatility', 'lag10', 'rolling_std_lag28_window_size7', 'lag19', 'rolling_max_lag28_window_size91', 'lag42', 'lag16', 'days_since_event', 'rolling_std_lag364_window_size91', 'rolling_mean_lag28_window_size7', 'lag22', 'rolling_mean_lag1_window_size14', 'rolling_std_lag91_window_size91'] -> 175 features | regression_l2=1591.3034 | WRMSSE=0.7299
2026-09-16 11:00:14.207 | WARNING  | src.modeling.feature_selection:try_remove:174 - ELIMINADA(S) 'expanding_mean_lag91' -> 174 features | regression_l2=1618.1326 | WRMSSE=0.7423
2026-09-16 11:00:16.759 | WARNING  | src.modeling.feature_selection:try_remove:174 - ELIMINADA(S) 'rolling_mean_lag7_window_size14' -> 173 features | regression_l2=1626.5438 | WRMSSE=0.7455
2026-09-16 11:00:19.572 | WARNING  | src.modeling.feature_selection:try_remove:174 - ELIMINADA(S) 'cv2_90' -> 172 features | regression_l2=1645.3895 | WRMSSE=0.7430
2026-09-16 11:00:25.183 | WARNING  | src.modeling.feature_selection:try_remove:174 - ELIMINADA(S) 'rolling_max_lag1_window_size21' -> 171 features | regression_l2=1671.0349 | WRMSSE=0.7491
2026-09-16 11:00:27.145 | WARNING  | src.modeling.feature_selection:try_remove:174 - ELIMINADA(S) 'days_to_closure' -> 170 features | regression_l2=1645.5396 | WRMSSE=0.7420
2026-09-16 11:00:29.361 | WARNING  | src.modeling.feature_selection:try_remove:174 - ELIMINADA(S) 'rolling_max_lag7_window_size7' -> 169 features | regression_l2=1661.6581 | WRMSSE=0.7503
2026-09-16 11:00:32.546 | WARNING  | src.modeling.feature_selection:try_remove:174 - ELIMINADA(S) 'te_item_mean' -> 168 features | regression_l2=1661.1196 | WRMSSE=0.7501
2026-09-16 11:00:37.688 | WARNING  | src.modeling.feature_selection:try_remove:174 - ELIMINADA(S) 'rolling_max_lag5_window_size7' -> 167 features | regression_l2=1643.2133 | WRMSSE=0.7451
2026-09-16 11:00:38.920 | WARNING  | src.modeling.feature_selection:try_remove:174 - ELIMINADA(S) 'rolling_min_lag6_window_size7' -> 166 features | regression_l2=1619.0232 | WRMSSE=0.7302
2026-09-16 11:00:42.658 | WARNING  | src.modeling.feature_selection:try_remove:174 - ELIMINADA(S) 'rolling_mean_lag7_window_size7' -> 165 features | regression_l2=1622.9907 | WRMSSE=0.7370
2026-09-16 11:00:44.299 | WARNING  | src.modeling.feature_selection:try_remove:174 - ELIMINADA(S) 'rolling_min_lag2_window_size7' -> 164 features | regression_l2=1575.4345 | WRMSSE=0.7267
2026-09-16 11:00:51.006 | WARNING  | src.modeling.feature_selection:try_remove:174 - ELIMINADA(S) 'month' -> 163 features | regression_l2=1575.4508 | WRMSSE=0.7267
2026-09-16 11:00:53.014 | WARNING  | src.modeling.feature_selection:try_remove:174 - ELIMINADA(S) 'rolling_mean_lag1_window_size21' -> 162 features | regression_l2=1543.3810 | WRMSSE=0.7109
2026-09-16 11:00:58.498 | WARNING  | src.modeling.feature_selection:try_remove:174 - ELIMINADA(S) 'days_since_price_change' -> 161 features | regression_l2=1543.3810 | WRMSSE=0.7109
2026-09-16 11:01:00.107 | WARNING  | src.modeling.feature_selection:try_remove:174 - ELIMINADA(S) 'te_cat_std' -> 160 features | regression_l2=1543.3810 | WRMSSE=0.7109
2026-09-16 11:01:01.852 | WARNING  | src.modeling.feature_selection:try_remove:174 - ELIMINADA(S) 'te_dept_std' -> 159 features | regression_l2=1543.3810 | WRMSSE=0.7109
2026-09-16 11:01:03.428 | WARNING  | src.modeling.feature_selection:try_remove:174 - ELIMINADA(S) 'pct_zero_90' -> 158 features | regression_l2=1543.3810 | WRMSSE=0.7109
2026-09-16 11:01:05.134 | WARNING  | src.modeling.feature_selection:try_remove:174 - ELIMINADA(S) 'is_likely_stockout' -> 157 features | regression_l2=1543.3810 | WRMSSE=0.7109
2026-09-16 11:01:07.027 | WARNING  | src.modeling.feature_selection:try_remove:174 - ELIMINADA(S) 'is_store_closed' -> 156 features | regression_l2=1543.3810 | WRMSSE=0.7109
2026-09-16 11:01:08.910 | WARNING  | src.modeling.feature_selection:try_remove:174 - ELIMINADA(S) 'te_dept_mean' -> 155 features | regression_l2=1543.3810 | WRMSSE=0.7109
2026-09-16 11:01:10.810 | WARNING  | src.modeling.feature_selection:try_remove:174 - ELIMINADA(S) 'event_type_1_enc' -> 154 features | regression_l2=1543.3810 | WRMSSE=0.7109
2026-09-16 11:01:16.443 | WARNING  | src.modeling.feature_selection:try_remove:174 - ELIMINADA(S) 'is_weekend' -> 153 features | regression_l2=1543.3810 | WRMSSE=0.7109
2026-09-16 11:01:18.543 | WARNING  | src.modeling.feature_selection:try_remove:174 - ELIMINADA(S) 'quarter' -> 152 features | regression_l2=1543.3810 | WRMSSE=0.7109
2026-09-16 11:01:21.247 | WARNING  | src.modeling.feature_selection:try_remove:174 - ELIMINADA(S) 'cat_id' -> 151 features | regression_l2=1543.3810 | WRMSSE=0.7109
2026-09-16 11:01:23.562 | WARNING  | src.modeling.feature_selection:try_remove:174 - ELIMINADA(S) 'item_id' -> 150 features | regression_l2=1543.3810 | WRMSSE=0.7109
2026-09-16 11:01:27.319 | WARNING  | src.modeling.feature_selection:try_remove:174 - ELIMINADA(S) 'year' -> 149 features | regression_l2=1543.3810 | WRMSSE=0.7109
2026-09-16 11:01:29.731 | WARNING  | src.modeling.feature_selection:try_remove:174 - ELIMINADA(S) 'event_type_2_enc' -> 148 features | regression_l2=1543.3810 | WRMSSE=0.7109
2026-09-16 11:01:33.082 | WARNING  | src.modeling.feature_selection:try_remove:174 - ELIMINADA(S) 'is_month_start' -> 147 features | regression_l2=1543.3810 | WRMSSE=0.7109
2026-09-16 11:01:35.276 | WARNING  | src.modeling.feature_selection:try_remove:174 - ELIMINADA(S) 'pct_zero_28' -> 146 features | regression_l2=1543.3810 | WRMSSE=0.7109
2026-09-16 11:01:37.382 | WARNING  | src.modeling.feature_selection:try_remove:174 - ELIMINADA(S) 'event_type_2' -> 145 features | regression_l2=1543.3810 | WRMSSE=0.7109
2026-09-16 11:01:39.285 | WARNING  | src.modeling.feature_selection:try_remove:174 - ELIMINADA(S) 'has_event_2' -> 144 features | regression_l2=1543.3810 | WRMSSE=0.7109
2026-09-16 11:01:41.335 | WARNING  | src.modeling.feature_selection:try_remove:174 - ELIMINADA(S) 'store_id' -> 143 features | regression_l2=1543.3810 | WRMSSE=0.7109
2026-09-16 11:01:43.546 | WARNING  | src.modeling.feature_selection:try_remove:174 - ELIMINADA(S) 'event_name_2' -> 142 features | regression_l2=1543.3810 | WRMSSE=0.7109
2026-09-16 11:01:45.728 | WARNING  | src.modeling.feature_selection:try_remove:174 - ELIMINADA(S) 'dept_id' -> 141 features | regression_l2=1543.3810 | WRMSSE=0.7109
2026-09-16 11:01:50.412 | WARNING  | src.modeling.feature_selection:try_remove:174 - ELIMINADA(S) 'rolling_max_lag4_window_size14' -> 140 features | regression_l2=1552.3701 | WRMSSE=0.7105
2026-09-16 11:01:55.322 | WARNING  | src.modeling.feature_selection:try_remove:174 - ELIMINADA(S) 'rolling_max_lag5_window_size14' -> 139 features | regression_l2=1557.9017 | WRMSSE=0.7118
2026-09-16 11:01:56.801 | WARNING  | src.modeling.feature_selection:try_remove:174 - ELIMINADA(S) 'rolling_max_lag4_window_size7' -> 138 features | regression_l2=1558.0521 | WRMSSE=0.7161
2026-09-16 11:02:04.379 | WARNING  | src.modeling.feature_selection:try_remove:174 - ELIMINADA(S) 'rolling_min_lag3_window_size14' -> 137 features | regression_l2=1527.5042 | WRMSSE=0.7052
2026-09-16 11:02:19.644 | WARNING  | src.modeling.feature_selection:try_remove:174 - ELIMINADA(S) 'has_event' -> 136 features | regression_l2=1527.5042 | WRMSSE=0.7052
2026-09-16 11:02:31.972 | WARNING  | src.modeling.feature_selection:try_remove:174 - ELIMINADA(S) 'rolling_min_lag28_window_size91' -> 135 features | regression_l2=1517.3890 | WRMSSE=0.7021
2026-09-16 11:03:55.950 | WARNING  | src.modeling.feature_selection:try_remove:174 - ELIMINADA(S) 'lag1' -> 134 features | regression_l2=1511.2241 | WRMSSE=0.6990
2026-09-16 11:03:59.982 | WARNING  | src.modeling.feature_selection:try_remove:174 - ELIMINADA(S) 'day' -> 133 features | regression_l2=1470.5840 | WRMSSE=0.6715
2026-09-16 11:04:03.688 | WARNING  | src.modeling.feature_selection:try_remove:174 - ELIMINADA(S) 'lag35' -> 132 features | regression_l2=1471.0033 | WRMSSE=0.6667
2026-09-16 11:04:09.328 | WARNING  | src.modeling.feature_selection:try_remove:174 - ELIMINADA(S) 'snap' -> 131 features | regression_l2=1436.4354 | WRMSSE=0.6693
2026-09-16 11:04:11.038 | WARNING  | src.modeling.feature_selection:try_remove:174 - ELIMINADA(S) 'lag91' -> 130 features | regression_l2=1427.2797 | WRMSSE=0.6734
2026-09-16 11:04:21.864 | WARNING  | src.modeling.feature_selection:try_remove:174 - ELIMINADA(S) 'rolling_mean_lag1_window_size35' -> 129 features | regression_l2=1400.0266 | WRMSSE=0.6629
2026-09-16 11:05:27.016 | WARNING  | src.modeling.feature_selection:try_remove:174 - ELIMINADA(S) 'dow_cos' -> 128 features | regression_l2=1416.3529 | WRMSSE=0.6711
2026-09-16 11:05:40.757 | WARNING  | src.modeling.feature_selection:try_remove:174 - ELIMINADA(S) 'weekofyear' -> 127 features | regression_l2=1403.2351 | WRMSSE=0.6633
2026-09-16 11:06:41.587 | WARNING  | src.modeling.feature_selection:try_remove:174 - ELIMINADA(S) 'dow_sin' -> 126 features | regression_l2=1416.4867 | WRMSSE=0.6602
2026-09-16 11:06:59.259 | WARNING  | src.modeling.feature_selection:try_remove:174 - ELIMINADA(S) 'rolling_min_lag28_window_size7' -> 125 features | regression_l2=1416.3305 | WRMSSE=0.6589
2026-09-16 11:07:03.640 | WARNING  | src.modeling.feature_selection:try_remove:174 - ELIMINADA(S) 'lag7' -> 124 features | regression_l2=1397.0061 | WRMSSE=0.6520
2026-09-16 11:07:06.022 | WARNING  | src.modeling.feature_selection:try_remove:174 - ELIMINADA(S) 'lag364' -> 123 features | regression_l2=1266.7468 | WRMSSE=0.5998
2026-09-16 11:07:12.645 | WARNING  | src.modeling.feature_selection:try_remove:174 - ELIMINADA(S) 'rolling_std_lag2_window_size14' -> 122 features | regression_l2=1267.9586 | WRMSSE=0.5991
2026-09-16 11:07:19.905 | WARNING  | src.modeling.feature_selection:try_remove:174 - ELIMINADA(S) 'rolling_max_lag1_window_size7' -> 121 features | regression_l2=1279.6891 | WRMSSE=0.6032
2026-09-16 11:07:21.876 | WARNING  | src.modeling.feature_selection:try_remove:174 - ELIMINADA(S) 'rolling_min_lag4_window_size14' -> 120 features | regression_l2=1291.4931 | WRMSSE=0.6116
2026-09-16 11:07:23.394 | WARNING  | src.modeling.feature_selection:try_remove:174 - ELIMINADA(S) 'rolling_min_lag1_window_size35' -> 119 features | regression_l2=1309.8320 | WRMSSE=0.6186
2026-09-16 11:07:24.944 | WARNING  | src.modeling.feature_selection:try_remove:174 - ELIMINADA(S) 16 features ['rolling_min_lag1_window_size21', 'rolling_mean_lag5_window_size7', 'rolling_min_lag7_window_size14', 'days_since_release', 'rolling_mean_lag3_window_size14', 'month_cos', 'te_cat_mean', 'rolling_min_lag3_window_size7', 'rolling_max_lag3_window_size14', 'rolling_min_lag6_window_size14', 'rolling_max_lag28_window_size7', 'rolling_max_lag2_window_size7', 'rolling_std_lag4_window_size7', 'rolling_max_lag2_window_size14', 'rolling_max_lag1_window_size14', 'lag17'] -> 103 features | regression_l2=1286.1263 | WRMSSE=0.6057
2026-09-16 11:07:29.136 | WARNING  | src.modeling.feature_selection:try_remove:174 - ELIMINADA(S) 'rolling_mean_lag4_window_size14' -> 102 features | regression_l2=1286.1263 | WRMSSE=0.6057
2026-09-16 11:07:39.627 | WARNING  | src.modeling.feature_selection:try_remove:174 - ELIMINADA(S) 'rolling_min_lag5_window_size7' -> 101 features | regression_l2=1263.8363 | WRMSSE=0.5945
2026-09-16 11:08:04.433 | WARNING  | src.modeling.feature_selection:try_remove:174 - ELIMINADA(S) 'rolling_min_lag364_window_size91' -> 100 features | regression_l2=1253.8663 | WRMSSE=0.5888
2026-09-16 11:09:27.315 | WARNING  | src.modeling.feature_selection:try_remove:174 - ELIMINADA(S) 'lag2' -> 99 features | regression_l2=1276.8607 | WRMSSE=0.6011
2026-09-16 11:09:33.284 | WARNING  | src.modeling.feature_selection:try_remove:174 - ELIMINADA(S) 'lag9' -> 98 features | regression_l2=1300.5426 | WRMSSE=0.6119
2026-09-16 11:09:36.941 | WARNING  | src.modeling.feature_selection:try_remove:174 - ELIMINADA(S) 'month_sin' -> 97 features | regression_l2=1297.5382 | WRMSSE=0.6098
2026-09-16 11:09:39.295 | WARNING  | src.modeling.feature_selection:try_remove:174 - ELIMINADA(S) 'lag20' -> 96 features | regression_l2=1313.9059 | WRMSSE=0.6197
2026-09-16 11:09:41.681 | WARNING  | src.modeling.feature_selection:try_remove:174 - ELIMINADA(S) 16 features ['lag8', 'lag4', 'rolling_min_lag364_window_size28', 'te_item_std', 'days_to_newyear', 'lag6', 'price_vs_max', 'lag18', 'avg_sell_price', 'days_to_thanksgiving', 'lag14', 'days_since_newyear', 'seasonal_mean_lag364_7_8', 'days_to_event', 'lag26', 'lag15'] -> 80 features | regression_l2=1327.4474 | WRMSSE=0.6167
2026-09-16 11:09:44.350 | WARNING  | src.modeling.feature_selection:try_remove:174 - ELIMINADA(S) 'lag56' -> 79 features | regression_l2=1340.9304 | WRMSSE=0.6282
2026-09-16 11:09:44.884 | WARNING  | src.modeling.feature_selection:try_remove:174 - ELIMINADA(S) 'rolling_max_lag6_window_size7' -> 78 features | regression_l2=1365.9685 | WRMSSE=0.6377
2026-09-16 11:09:45.976 | WARNING  | src.modeling.feature_selection:try_remove:174 - ELIMINADA(S) 'days_since_thanksgiving' -> 77 features | regression_l2=1378.6340 | WRMSSE=0.6443
2026-09-16 11:09:46.679 | WARNING  | src.modeling.feature_selection:try_remove:174 - ELIMINADA(S) 'rolling_max_lag364_window_size28' -> 76 features | regression_l2=1368.2576 | WRMSSE=0.6380
2026-09-16 11:09:47.340 | WARNING  | src.modeling.feature_selection:try_remove:174 - ELIMINADA(S) 'rolling_std_lag28_window_size91' -> 75 features | regression_l2=1307.9420 | WRMSSE=0.6115
2026-09-16 11:09:57.887 | WARNING  | src.modeling.feature_selection:try_remove:174 - ELIMINADA(S) 'rolling_max_lag364_window_size91' -> 74 features | regression_l2=1279.5958 | WRMSSE=0.6028
2026-09-16 11:09:58.448 | WARNING  | src.modeling.feature_selection:try_remove:174 - ELIMINADA(S) 'rolling_std_lag1_window_size7' -> 73 features | regression_l2=1296.2421 | WRMSSE=0.6080
2026-09-16 11:10:00.050 | WARNING  | src.modeling.feature_selection:try_remove:174 - ELIMINADA(S) 'rolling_min_lag1_window_size14' -> 72 features | regression_l2=1301.6764 | WRMSSE=0.6118
2026-09-16 11:10:00.607 | WARNING  | src.modeling.feature_selection:try_remove:174 - ELIMINADA(S) 'rolling_min_lag4_window_size7' -> 71 features | regression_l2=1308.9990 | WRMSSE=0.6142
2026-09-16 11:10:02.450 | WARNING  | src.modeling.feature_selection:try_remove:174 - ELIMINADA(S) 'rolling_std_lag1_window_size35' -> 70 features | regression_l2=1261.8746 | WRMSSE=0.5937
2026-09-16 11:10:03.214 | WARNING  | src.modeling.feature_selection:try_remove:174 - ELIMINADA(S) 'rolling_mean_lag5_window_size14' -> 69 features | regression_l2=1251.0130 | WRMSSE=0.5893
2026-09-16 11:10:08.378 | WARNING  | src.modeling.feature_selection:try_remove:174 - ELIMINADA(S) 'zero_streak' -> 68 features | regression_l2=1242.0755 | WRMSSE=0.5857
2026-09-16 11:10:13.865 | WARNING  | src.modeling.feature_selection:try_remove:174 - ELIMINADA(S) 'rolling_std_lag2_window_size7' -> 67 features | regression_l2=1250.5264 | WRMSSE=0.5896
2026-09-16 11:10:14.520 | WARNING  | src.modeling.feature_selection:try_remove:174 - ELIMINADA(S) 'rolling_min_lag5_window_size14' -> 66 features | regression_l2=1266.4153 | WRMSSE=0.5943
2026-09-16 11:10:16.123 | WARNING  | src.modeling.feature_selection:try_remove:174 - ELIMINADA(S) 'rolling_std_lag5_window_size14' -> 65 features | regression_l2=1283.5894 | WRMSSE=0.6050
2026-09-16 11:10:17.508 | WARNING  | src.modeling.feature_selection:try_remove:174 - ELIMINADA(S) 'rolling_mean_lag6_window_size14' -> 64 features | regression_l2=1308.8075 | WRMSSE=0.6134
2026-09-16 11:10:25.594 | WARNING  | src.modeling.feature_selection:try_remove:174 - ELIMINADA(S) 'rolling_std_lag3_window_size7' -> 63 features | regression_l2=1305.8124 | WRMSSE=0.6120
2026-09-16 11:10:26.077 | WARNING  | src.modeling.feature_selection:try_remove:174 - ELIMINADA(S) 'rolling_max_lag28_window_size28' -> 62 features | regression_l2=1329.9356 | WRMSSE=0.6221
2026-09-16 11:10:27.229 | WARNING  | src.modeling.feature_selection:try_remove:174 - ELIMINADA(S) 'rolling_std_lag1_window_size14' -> 61 features | regression_l2=1278.9422 | WRMSSE=0.5990
2026-09-16 11:10:28.510 | WARNING  | src.modeling.feature_selection:try_remove:174 - ELIMINADA(S) 'rolling_std_lag7_window_size14' -> 60 features | regression_l2=1276.6701 | WRMSSE=0.5971
2026-09-16 11:10:32.049 | WARNING  | src.modeling.feature_selection:try_remove:174 - ELIMINADA(S) 'price_lag_7' -> 59 features | regression_l2=1287.3891 | WRMSSE=0.6039
2026-09-16 11:10:46.656 | WARNING  | src.modeling.feature_selection:try_remove:174 - ELIMINADA(S) 'rolling_min_lag91_window_size91' -> 58 features | regression_l2=1312.2978 | WRMSSE=0.6159
2026-09-16 11:10:47.605 | WARNING  | src.modeling.feature_selection:try_remove:174 - ELIMINADA(S) 'rolling_max_lag1_window_size35' -> 57 features | regression_l2=1293.9967 | WRMSSE=0.6083
2026-09-16 11:10:48.488 | WARNING  | src.modeling.feature_selection:try_remove:174 - ELIMINADA(S) 'rolling_mean_lag2_window_size7' -> 56 features | regression_l2=1319.4377 | WRMSSE=0.6177
2026-09-16 11:10:50.752 | WARNING  | src.modeling.feature_selection:try_remove:174 - ELIMINADA(S) 'rolling_std_lag6_window_size7' -> 55 features | regression_l2=1329.8018 | WRMSSE=0.6232
2026-09-16 11:10:51.398 | WARNING  | src.modeling.feature_selection:try_remove:174 - ELIMINADA(S) 'rolling_mean_lag91_window_size91' -> 54 features | regression_l2=1347.3670 | WRMSSE=0.6290
2026-09-16 11:10:52.203 | WARNING  | src.modeling.feature_selection:try_remove:174 - ELIMINADA(S) 'rolling_max_lag6_window_size14' -> 53 features | regression_l2=1352.7236 | WRMSSE=0.6301
2026-09-16 11:10:53.524 | WARNING  | src.modeling.feature_selection:try_remove:174 - ELIMINADA(S) 'lag11' -> 52 features | regression_l2=1323.6039 | WRMSSE=0.6212
2026-09-16 11:10:53.944 | WARNING  | src.modeling.feature_selection:try_remove:174 - ELIMINADA(S) 'rolling_mean_lag1_window_size7' -> 51 features | regression_l2=1347.2380 | WRMSSE=0.6259
2026-09-16 11:10:54.516 | WARNING  | src.modeling.feature_selection:try_remove:174 - ELIMINADA(S) 'rolling_mean_lag91_window_size28' -> 50 features | regression_l2=1308.0263 | WRMSSE=0.6151
2026-09-16 11:10:54.863 | WARNING  | src.modeling.feature_selection:try_remove:174 - ELIMINADA(S) 'rolling_max_lag91_window_size91' -> 49 features | regression_l2=1295.6318 | WRMSSE=0.6133
2026-09-16 11:10:55.787 | WARNING  | src.modeling.feature_selection:try_remove:174 - ELIMINADA(S) 'doy_sin' -> 48 features | regression_l2=1236.2133 | WRMSSE=0.5825
2026-09-16 11:10:58.079 | WARNING  | src.modeling.feature_selection:try_remove:174 - ELIMINADA(S) 'rolling_std_lag5_window_size7' -> 47 features | regression_l2=1247.4005 | WRMSSE=0.5859
2026-09-16 11:10:58.898 | WARNING  | src.modeling.feature_selection:try_remove:174 - ELIMINADA(S) 'price_change' -> 46 features | regression_l2=1253.8766 | WRMSSE=0.5896
2026-09-16 11:11:00.762 | WARNING  | src.modeling.feature_selection:try_remove:174 - ELIMINADA(S) 'adi_expanding' -> 45 features | regression_l2=1258.6922 | WRMSSE=0.5934
2026-09-16 11:11:02.618 | WARNING  | src.modeling.feature_selection:try_remove:174 - ELIMINADA(S) 'te_event_mean' -> 44 features | regression_l2=1268.4358 | WRMSSE=0.5955
2026-09-16 11:11:05.455 | WARNING  | src.modeling.feature_selection:try_remove:174 - ELIMINADA(S) 'event_name_1' -> 43 features | regression_l2=1268.0807 | WRMSSE=0.5967
2026-09-16 11:11:07.831 | WARNING  | src.modeling.feature_selection:try_remove:174 - ELIMINADA(S) 'momentum_lag1_7_35' -> 42 features | regression_l2=1281.9913 | WRMSSE=0.6044
2026-09-16 11:11:08.436 | WARNING  | src.modeling.feature_selection:try_remove:174 - ELIMINADA(S) 'lag12' -> 41 features | regression_l2=1267.7608 | WRMSSE=0.5998
2026-09-16 11:11:10.554 | WARNING  | src.modeling.feature_selection:try_remove:174 - ELIMINADA(S) 'lag25' -> 40 features | regression_l2=1253.5360 | WRMSSE=0.5861
2026-09-16 11:11:14.911 | WARNING  | src.modeling.feature_selection:try_remove:174 - ELIMINADA(S) 'rolling_std_lag28_window_size28' -> 39 features | regression_l2=1275.7805 | WRMSSE=0.5973
2026-09-16 11:11:15.539 | WARNING  | src.modeling.feature_selection:try_remove:174 - ELIMINADA(S) 'momentum_lag28_7_28' -> 38 features | regression_l2=1281.4940 | WRMSSE=0.6006
2026-09-16 11:11:16.186 | WARNING  | src.modeling.feature_selection:try_remove:174 - ELIMINADA(S) 'rolling_min_lag7_window_size7' -> 37 features | regression_l2=1258.6861 | WRMSSE=0.5916
2026-09-16 11:11:20.441 | WARNING  | src.modeling.feature_selection:try_remove:174 - ELIMINADA(S) 'lag24' -> 36 features | regression_l2=1243.9553 | WRMSSE=0.5864
2026-09-16 11:11:25.412 | WARNING  | src.modeling.feature_selection:try_remove:174 - ELIMINADA(S) 16 features ['rolling_std_lag7_window_size7', 'rolling_mean_lag28_window_size91', 'rolling_min_lag91_window_size28', 'rolling_mean_lag4_window_size7', 'rolling_mean_lag3_window_size7', 'rolling_max_lag7_window_size14', 'rolling_max_lag3_window_size7', 'rolling_mean_lag2_window_size14', 'rolling_mean_lag6_window_size7', 'rolling_std_lag1_window_size21', 'is_month_end', 'lag5', 'rolling_std_lag3_window_size14', 'rolling_min_lag2_window_size14', 'lag3', 'rolling_mean_lag364_window_size91'] -> 20 features | regression_l2=1176.7041 | WRMSSE=0.5539
2026-09-16 11:11:44.909 | INFO     | src.modeling.feature_selection:backward_feature_selection:204 - Seleccionadas 20/191 features | regression_l2 final: 1176.7041 | WRMSSE final: 0.5539
2026-09-16 11:11:44.911 | INFO     | scripts.train_dataset.refinement:select_features:119 - Features descartadas (171): ['adi_expanding', 'avg_sell_price', 'cat_id', 'cv2_90', 'day', 'days_since_event', 'days_since_newyear', 'days_since_price_change', 'days_since_release', 'days_since_thanksgiving', 'days_to_closure', 'days_to_event', 'days_to_newyear', 'days_to_thanksgiving', 'dept_id', 'dow_cos', 'dow_sin', 'doy_sin', 'event_name_1', 'event_name_2', 'event_type_1_enc', 'event_type_2', 'event_type_2_enc', 'expanding_mean_lag91', 'has_event', 'has_event_2', 'is_likely_stockout', 'is_month_end', 'is_month_start', 'is_store_closed', 'is_weekend', 'item_id', 'lag1', 'lag10', 'lag11', 'lag12', 'lag13', 'lag14', 'lag15', 'lag16', 'lag17', 'lag18', 'lag19', 'lag2', 'lag20', 'lag22', 'lag24', 'lag25', 'lag26', 'lag3', 'lag35', 'lag364', 'lag4', 'lag42', 'lag5', 'lag56', 'lag6', 'lag7', 'lag8', 'lag9', 'lag91', 'momentum_lag1_7_35', 'momentum_lag28_7_28', 'month', 'month_cos', 'month_sin', 'pct_zero_28', 'pct_zero_90', 'price_change', 'price_lag_7', 'price_volatility', 'price_vs_max', 'quarter', 'rolling_max_lag1_window_size14', 'rolling_max_lag1_window_size21', 'rolling_max_lag1_window_size35', 'rolling_max_lag1_window_size7', 'rolling_max_lag28_window_size28', 'rolling_max_lag28_window_size7', 'rolling_max_lag28_window_size91', 'rolling_max_lag2_window_size14', 'rolling_max_lag2_window_size7', 'rolling_max_lag364_window_size28', 'rolling_max_lag364_window_size91', 'rolling_max_lag3_window_size14', 'rolling_max_lag3_window_size7', 'rolling_max_lag4_window_size14', 'rolling_max_lag4_window_size7', 'rolling_max_lag5_window_size14', 'rolling_max_lag5_window_size7', 'rolling_max_lag6_window_size14', 'rolling_max_lag6_window_size7', 'rolling_max_lag7_window_size14', 'rolling_max_lag7_window_size7', 'rolling_max_lag91_window_size28', 'rolling_max_lag91_window_size91', 'rolling_mean_lag1_window_size14', 'rolling_mean_lag1_window_size21', 'rolling_mean_lag1_window_size35', 'rolling_mean_lag1_window_size7', 'rolling_mean_lag28_window_size7', 'rolling_mean_lag28_window_size91', 'rolling_mean_lag2_window_size14', 'rolling_mean_lag2_window_size7', 'rolling_mean_lag364_window_size91', 'rolling_mean_lag3_window_size14', 'rolling_mean_lag3_window_size7', 'rolling_mean_lag4_window_size14', 'rolling_mean_lag4_window_size7', 'rolling_mean_lag5_window_size14', 'rolling_mean_lag5_window_size7', 'rolling_mean_lag6_window_size14', 'rolling_mean_lag6_window_size7', 'rolling_mean_lag7_window_size14', 'rolling_mean_lag7_window_size7', 'rolling_mean_lag91_window_size28', 'rolling_mean_lag91_window_size91', 'rolling_min_lag1_window_size14', 'rolling_min_lag1_window_size21', 'rolling_min_lag1_window_size35', 'rolling_min_lag28_window_size7', 'rolling_min_lag28_window_size91', 'rolling_min_lag2_window_size14', 'rolling_min_lag2_window_size7', 'rolling_min_lag364_window_size28', 'rolling_min_lag364_window_size91', 'rolling_min_lag3_window_size14', 'rolling_min_lag3_window_size7', 'rolling_min_lag4_window_size14', 'rolling_min_lag4_window_size7', 'rolling_min_lag5_window_size14', 'rolling_min_lag5_window_size7', 'rolling_min_lag6_window_size14', 'rolling_min_lag6_window_size7', 'rolling_min_lag7_window_size14', 'rolling_min_lag7_window_size7', 'rolling_min_lag91_window_size28', 'rolling_min_lag91_window_size91', 'rolling_std_lag1_window_size14', 'rolling_std_lag1_window_size21', 'rolling_std_lag1_window_size35', 'rolling_std_lag1_window_size7', 'rolling_std_lag28_window_size28', 'rolling_std_lag28_window_size7', 'rolling_std_lag28_window_size91', 'rolling_std_lag2_window_size14', 'rolling_std_lag2_window_size7', 'rolling_std_lag364_window_size28', 'rolling_std_lag364_window_size91', 'rolling_std_lag3_window_size14', 'rolling_std_lag3_window_size7', 'rolling_std_lag4_window_size7', 'rolling_std_lag5_window_size14', 'rolling_std_lag5_window_size7', 'rolling_std_lag6_window_size7', 'rolling_std_lag7_window_size14', 'rolling_std_lag7_window_size7', 'rolling_std_lag91_window_size91', 'seasonal_mean_lag364_7_8', 'snap', 'store_id', 'te_cat_mean', 'te_cat_std', 'te_dept_mean', 'te_dept_std', 'te_event_mean', 'te_item_mean', 'te_item_std', 'weekofyear', 'year', 'zero_streak']
2026-09-16 11:11:44.920 | INFO     | scripts.train_dataset.refinement:select_features:132 - Features finales: 20 (2 categóricas) | regression_l2=1176.7041 | WRMSSE=0.5539 (informativo)
2026-09-16 11:11:44.921 | INFO     | scripts.train_dataset.pipeline:run_pipeline:74 - Fase selección de features: 707.7s
2026-09-16 11:11:46.014 | INFO     | src.evaluation.reports:evaluate_predictions:58 - xgboost (bench, selected features) [ML] | WAPE: 6.55% | WRMSSE: 0.5427  | fit: 1.05s
2026-09-16 11:11:47.296 | INFO     | scripts.train_dataset.refinement:run_shap:190 - SHAP (xgboost): feature más importante = lag28 | plots guardados en /bi/workspace/Sandbox/forecast-tfm/artifacts/plots
2026-09-16 11:11:47.298 | INFO     | scripts.train_dataset.pipeline:run_pipeline:79 - Fase SHAP: 2.4s
2026-09-16 11:11:47.348 | INFO     | scripts.train_dataset.refinement:tune_optuna_family:60 - [xgboost] Optuna arrancando: hasta 300 trials (timeout 600s) -- study 'study_level_02_daily_state_sales_final_xgboost'
2026-09-16 11:17:15.065 | INFO     | scripts.train_dataset.refinement:tune_optuna_family:70 - [xgboost] Optuna terminó -- elige hiperparámetros por regression_l2 (no por WRMSSE): mejor regression_l2 = 1156.0490 | WRMSSE de ESE trial: 0.5444 (solo referencia, puede no ser el mínimo posible; el WRMSSE definitivo se reporta abajo, tras reentrenar con estos hiperparámetros)
2026-09-16 11:17:15.067 | INFO     | scripts.train_dataset.refinement:tune_optuna_family:76 - [xgboost] Mejores hiperparámetros: {'learning_rate': 0.0742095783150092, 'max_depth': 4, 'min_child_weight': 1.0229983840011192, 'subsample': 0.726555789930628, 'colsample_bytree': 0.923238733524277, 'reg_alpha': 0.006638513837487009, 'reg_lambda': 0.0021299773283402997}
2026-09-16 11:17:15.069 | INFO     | scripts.train_dataset.pipeline:run_pipeline:85 - Fase Optuna final: 327.8s
2026-09-16 11:17:15.869 | INFO     | scripts.train_dataset.refinement:_cv_fit_and_score:227 - CV (1 folds) best_iteration: [134] -> n_estimators = 134
2026-09-16 11:17:17.091 | INFO     | scripts.train_dataset.refinement:_cv_fit_and_score:227 - CV (1 folds) best_iteration: [344] -> n_estimators = 344
2026-09-16 11:17:17.098 | WARNING  | scripts.train_dataset.refinement:fit_final_model:258 - Optuna no mejoró el default del bench en validación (regression_l2=1156.0490 tuned vs 1149.1069 default) -- se descarta el tuning, el modelo final usa hiperparámetros default.
2026-09-16 11:17:17.132 | INFO     | src.evaluation.reports:evaluate_predictions:58 - xgboost (final, bench default) [ML] | WAPE: 6.55% | WRMSSE: 0.5427  | fit: 2.03s
2026-09-16 11:17:17.784 | INFO     | scripts.train_dataset.refinement:fit_final_model:283 - Test WAPE: 7.89% | Test WRMSSE: 0.6976
2026-09-16 11:17:19.176 | INFO     | scripts.train_dataset.benchmarking:save_model_comparison:115 - Comparación de modelos guardada en /bi/workspace/Sandbox/forecast-tfm/artifacts/results
2026-09-16 11:17:19.242 | SUCCESS  | scripts.train_dataset.export:export_artifact:115 - Artifact guardado en /bi/workspace/Sandbox/forecast-tfm/artifacts/models/level_02_daily_state_sales_artifact.pkl (modelo: xgboost)
2026-09-16 11:17:19.284 | SUCCESS  | scripts.train_dataset.export:export_artifact:125 - Versión 20260916T141719Z registrada en registry.json
2026-09-16 11:17:19.284 | INFO     | scripts.train_dataset.pipeline:run_pipeline:93 - Pipeline completo (level_02_daily_state/sales) en 1071.6s
2026-09-16 11:17:19.512 | INFO     | src.data.dataset:load_data:58 - level_02_weekly_state | target=sales | 834 filas | 109 features (9 categóricas)
2026-09-16 11:17:19.516 | INFO     | src.data.temporal_split:log_summary:41 - Train : 2011-01-29 to 2015-04-20 (1,549 days, 666 rows)
2026-09-16 11:17:19.516 | INFO     | src.data.temporal_split:log_summary:42 - Valid : 2015-04-27 to 2016-04-18 (364 days, 156 rows)
2026-09-16 11:17:19.517 | INFO     | src.data.temporal_split:log_summary:43 - Test  : 2016-04-25 to 2016-05-16 (22 days, 12 rows)
2026-09-16 11:17:19.786 | INFO     | src.data.dataset:split_data:119 - Features: 109 (9 categóricas)
2026-09-16 11:17:19.811 | INFO     | src.evaluation.reports:evaluate_predictions:58 - Seasonal naive (1w) [Naive] | WAPE: 11.69% | WRMSSE: 0.7309  | fit: 0.01s
2026-09-16 11:17:19.836 | INFO     | src.evaluation.reports:evaluate_predictions:58 - Seasonal naive (4w) [Naive] | WAPE: 9.39% | WRMSSE: 0.6107  | fit: 0.00s
2026-09-16 11:17:19.859 | INFO     | src.evaluation.reports:evaluate_predictions:58 - Seasonal naive (52w) [Naive] | WAPE: 8.96% | WRMSSE: 0.5633  | fit: 0.00s
2026-09-16 11:17:19.884 | INFO     | src.evaluation.reports:evaluate_predictions:58 -             Drift [Naive] | WAPE: 7.35% | WRMSSE: 0.4900  | fit: 0.01s
2026-09-16 11:17:19.906 | INFO     | src.evaluation.reports:evaluate_predictions:58 -   Historical mean [Naive] | WAPE: 17.74% | WRMSSE: 1.0541  | fit: 0.00s
2026-09-16 11:17:19.928 | INFO     | src.evaluation.reports:evaluate_predictions:58 - Moving average (2w) [Naive] | WAPE: 10.71% | WRMSSE: 0.6785  | fit: 0.00s
2026-09-16 11:17:19.948 | INFO     | src.evaluation.reports:evaluate_predictions:58 - Moving average (3w) [Naive] | WAPE: 9.35% | WRMSSE: 0.6005  | fit: 0.00s
2026-09-16 11:17:19.969 | INFO     | src.evaluation.reports:evaluate_predictions:58 - Moving average (4w) [Naive] | WAPE: 8.72% | WRMSSE: 0.5651  | fit: 0.00s
2026-09-16 11:17:19.991 | INFO     | src.evaluation.reports:evaluate_predictions:58 - Moving average (6w) [Naive] | WAPE: 9.98% | WRMSSE: 0.6343  | fit: 0.00s
2026-09-16 11:17:20.012 | INFO     | src.evaluation.reports:evaluate_predictions:58 - Moving average (8w) [Naive] | WAPE: 9.27% | WRMSSE: 0.5964  | fit: 0.00s
2026-09-16 11:17:20.013 | INFO     | scripts.train_dataset.pipeline:run_pipeline:51 - Fase naive: 0.2s
2026-09-16 11:17:22.607 | INFO     | src.evaluation.reports:evaluate_predictions:58 -      SARIMA [Statistical] | WAPE: 7.16% | WRMSSE: 0.4766  | fit: 2.58s
2026-09-16 11:17:24.633 | INFO     | src.evaluation.reports:evaluate_predictions:58 - ETS (Holt-Winters) [Statistical] | WAPE: 6.75% | WRMSSE: 0.4805  | fit: 2.01s
2026-09-16 11:17:26.575 | INFO     | src.evaluation.reports:evaluate_predictions:58 -       Theta [Statistical] | WAPE: 6.69% | WRMSSE: 0.4835  | fit: 1.92s
2026-09-16 11:17:34.553 | INFO     | src.evaluation.reports:evaluate_predictions:58 -       TBATS [Statistical] | WAPE: 11.58% | WRMSSE: 0.8130  | fit: 7.96s
2026-09-16 11:17:34.690 | WARNING  | src.modeling.statistical:_forecast_by_series:70 - 3 serie(s) fallaron el ajuste; se usa el último valor de train como fallback.
2026-09-16 11:17:34.711 | INFO     | src.evaluation.reports:evaluate_predictions:58 -     Prophet [Statistical] | WAPE: 11.69% | WRMSSE: 0.7309  | fit: 0.14s
2026-09-16 11:17:34.712 | INFO     | scripts.train_dataset.pipeline:run_pipeline:56 - Fase estadísticos clásicos: 14.7s
2026-09-16 11:17:34.712 | INFO     | scripts.train_dataset.benchmarking:run_bench_ml:67 - Bench ML: familia 1/5 -- lightgbm
2026-09-16 11:17:34.864 | INFO     | src.evaluation.reports:evaluate_predictions:58 -     lightgbm (bench) [ML] | WAPE: 12.01% | WRMSSE: 0.7793  | fit: 0.13s
2026-09-16 11:17:34.864 | INFO     | scripts.train_dataset.benchmarking:run_bench_ml:67 - Bench ML: familia 2/5 -- xgboost
2026-09-16 11:17:35.233 | INFO     | src.evaluation.reports:evaluate_predictions:58 -      xgboost (bench) [ML] | WAPE: 10.57% | WRMSSE: 0.7001  | fit: 0.34s
2026-09-16 11:17:35.234 | INFO     | scripts.train_dataset.benchmarking:run_bench_ml:67 - Bench ML: familia 3/5 -- catboost
2026-09-16 11:17:35.921 | INFO     | src.evaluation.reports:evaluate_predictions:58 -     catboost (bench) [ML] | WAPE: 13.00% | WRMSSE: 0.8211  | fit: 0.66s
2026-09-16 11:17:35.921 | INFO     | scripts.train_dataset.benchmarking:run_bench_ml:67 - Bench ML: familia 4/5 -- histgb
2026-09-16 11:17:38.054 | INFO     | src.evaluation.reports:evaluate_predictions:58 -       histgb (bench) [ML] | WAPE: 10.03% | WRMSSE: 0.6499  | fit: 2.09s
2026-09-16 11:17:38.054 | INFO     | scripts.train_dataset.benchmarking:run_bench_ml:67 - Bench ML: familia 5/5 -- ridge
2026-09-16 11:17:38.103 | INFO     | src.evaluation.reports:evaluate_predictions:58 -        ridge (bench) [ML] | WAPE: 7.59% | WRMSSE: 0.6477  | fit: 0.02s
2026-09-16 11:17:38.103 | SUCCESS  | scripts.train_dataset.benchmarking:pick_winner:94 - Modelo ganador (bench, 4 familias tree-based comparadas): histgb | regression_l2=11925.5707
2026-09-16 11:17:38.103 | INFO     | scripts.train_dataset.pipeline:run_pipeline:62 - Fase bench ML (5 familias, sin Optuna): 3.4s
2026-09-16 11:17:39.881 | INFO     | scripts.train_dataset.refinement:select_features:95 - Top 10 permutation importance (histgb):
event_name_1                       4184.923834
lag4                               3394.197871
te_snap_mean                       1547.629592
expanding_mean_lag13               1500.103682
lag52                              1450.886554
rolling_min_lag52_window_size4      555.418461
lag13                               463.441552
days_since_newyear                  253.264824
rolling_mean_lag52_window_size4     252.508322
rolling_max_lag4_window_size4       235.706857
dtype: float64
2026-09-16 11:17:41.109 | INFO     | src.modeling.feature_selection:backward_feature_selection:139 - Baseline (109 features): regression_l2=12054.3840 | WRMSSE=0.6557 (informativo)
2026-09-16 11:17:43.542 | WARNING  | src.modeling.feature_selection:try_remove:174 - ELIMINADA(S) 16 features ['rolling_max_lag1_window_size4', 'rolling_mean_lag1_window_size13', 'te_event_mean', 'price_lag_1', 'rolling_min_lag1_window_size13', 'price_vs_max', 'rolling_mean_lag1_window_size4', 'rolling_min_lag1_window_size4', 'event_type_1_enc', 'month_sin', 'rolling_max_lag4_window_size13', 'rolling_std_lag4_window_size13', 'rolling_mean_lag4_window_size13', 'days_since_thanksgiving', 'te_item_mean', 'rolling_mean_lag4_window_size26'] -> 93 features | regression_l2=9471.2769 | WRMSSE=0.5386
2026-09-16 11:17:48.302 | WARNING  | src.modeling.feature_selection:try_remove:174 - ELIMINADA(S) 'rolling_min_lag4_window_size4' -> 92 features | regression_l2=9436.5984 | WRMSSE=0.5423
2026-09-16 11:17:58.409 | WARNING  | src.modeling.feature_selection:try_remove:174 - ELIMINADA(S) 'month' -> 91 features | regression_l2=9241.5910 | WRMSSE=0.5317
2026-09-16 11:18:05.900 | WARNING  | src.modeling.feature_selection:try_remove:174 - ELIMINADA(S) 'days_to_event' -> 90 features | regression_l2=9186.6203 | WRMSSE=0.5293
2026-09-16 11:18:09.005 | WARNING  | src.modeling.feature_selection:try_remove:174 - ELIMINADA(S) 'dow_cos' -> 89 features | regression_l2=9186.6203 | WRMSSE=0.5293
2026-09-16 11:18:12.122 | WARNING  | src.modeling.feature_selection:try_remove:174 - ELIMINADA(S) 'year' -> 88 features | regression_l2=9186.6203 | WRMSSE=0.5293
2026-09-16 11:18:15.234 | WARNING  | src.modeling.feature_selection:try_remove:174 - ELIMINADA(S) 'dayofweek' -> 87 features | regression_l2=9186.6203 | WRMSSE=0.5293
2026-09-16 11:18:18.276 | WARNING  | src.modeling.feature_selection:try_remove:174 - ELIMINADA(S) 'is_weekend' -> 86 features | regression_l2=9186.6203 | WRMSSE=0.5293
2026-09-16 11:18:20.909 | WARNING  | src.modeling.feature_selection:try_remove:174 - ELIMINADA(S) 'item_id' -> 85 features | regression_l2=9186.6203 | WRMSSE=0.5293
2026-09-16 11:18:23.288 | WARNING  | src.modeling.feature_selection:try_remove:174 - ELIMINADA(S) 'cat_id' -> 84 features | regression_l2=9186.6203 | WRMSSE=0.5293
2026-09-16 11:18:25.722 | WARNING  | src.modeling.feature_selection:try_remove:174 - ELIMINADA(S) 'dept_id' -> 83 features | regression_l2=9186.6203 | WRMSSE=0.5293
2026-09-16 11:18:30.783 | WARNING  | src.modeling.feature_selection:try_remove:174 - ELIMINADA(S) 'is_likely_stockout' -> 82 features | regression_l2=9186.6203 | WRMSSE=0.5293
2026-09-16 11:18:33.578 | WARNING  | src.modeling.feature_selection:try_remove:174 - ELIMINADA(S) 'te_cat_std' -> 81 features | regression_l2=9186.6203 | WRMSSE=0.5293
2026-09-16 11:18:36.415 | WARNING  | src.modeling.feature_selection:try_remove:174 - ELIMINADA(S) 'te_dept_std' -> 80 features | regression_l2=9186.6203 | WRMSSE=0.5293
2026-09-16 11:18:41.692 | WARNING  | src.modeling.feature_selection:try_remove:174 - ELIMINADA(S) 'pct_zero_28' -> 79 features | regression_l2=9186.6203 | WRMSSE=0.5293
2026-09-16 11:18:44.609 | WARNING  | src.modeling.feature_selection:try_remove:174 - ELIMINADA(S) 'zero_streak' -> 78 features | regression_l2=9186.6203 | WRMSSE=0.5293
2026-09-16 11:18:47.760 | WARNING  | src.modeling.feature_selection:try_remove:174 - ELIMINADA(S) 'is_store_closed' -> 77 features | regression_l2=9186.6203 | WRMSSE=0.5293
2026-09-16 11:18:50.899 | WARNING  | src.modeling.feature_selection:try_remove:174 - ELIMINADA(S) 'te_dept_mean' -> 76 features | regression_l2=9186.6203 | WRMSSE=0.5293
2026-09-16 11:18:53.702 | WARNING  | src.modeling.feature_selection:try_remove:174 - ELIMINADA(S) 'event_type_2_enc' -> 75 features | regression_l2=9186.6203 | WRMSSE=0.5293
2026-09-16 11:18:56.546 | WARNING  | src.modeling.feature_selection:try_remove:174 - ELIMINADA(S) 'days_since_price_change' -> 74 features | regression_l2=9186.6203 | WRMSSE=0.5293
2026-09-16 11:18:59.369 | WARNING  | src.modeling.feature_selection:try_remove:174 - ELIMINADA(S) 'days_to_closure' -> 73 features | regression_l2=9186.6203 | WRMSSE=0.5293
2026-09-16 11:19:02.335 | WARNING  | src.modeling.feature_selection:try_remove:174 - ELIMINADA(S) 'is_month_start' -> 72 features | regression_l2=9186.6203 | WRMSSE=0.5293
2026-09-16 11:19:05.255 | WARNING  | src.modeling.feature_selection:try_remove:174 - ELIMINADA(S) 'event_name_2' -> 71 features | regression_l2=9186.6203 | WRMSSE=0.5293
2026-09-16 11:19:08.100 | WARNING  | src.modeling.feature_selection:try_remove:174 - ELIMINADA(S) 'has_event_2' -> 70 features | regression_l2=9186.6203 | WRMSSE=0.5293
2026-09-16 11:19:11.034 | WARNING  | src.modeling.feature_selection:try_remove:174 - ELIMINADA(S) 'event_type_2' -> 69 features | regression_l2=9186.6203 | WRMSSE=0.5293
2026-09-16 11:19:14.033 | WARNING  | src.modeling.feature_selection:try_remove:174 - ELIMINADA(S) 'store_id' -> 68 features | regression_l2=9186.6203 | WRMSSE=0.5293
2026-09-16 11:19:19.822 | WARNING  | src.modeling.feature_selection:try_remove:174 - ELIMINADA(S) 'quarter' -> 67 features | regression_l2=9186.6203 | WRMSSE=0.5293
2026-09-16 11:19:22.640 | WARNING  | src.modeling.feature_selection:try_remove:174 - ELIMINADA(S) 'dow_sin' -> 66 features | regression_l2=9186.6203 | WRMSSE=0.5293
2026-09-16 11:19:26.222 | WARNING  | src.modeling.feature_selection:try_remove:174 - ELIMINADA(S) 'has_event' -> 65 features | regression_l2=9168.9095 | WRMSSE=0.5289
2026-09-16 11:19:53.621 | WARNING  | src.modeling.feature_selection:try_remove:174 - ELIMINADA(S) 'rolling_std_lag52_window_size13' -> 64 features | regression_l2=9006.5423 | WRMSSE=0.5242
2026-09-16 11:20:23.648 | WARNING  | src.modeling.feature_selection:try_remove:174 - ELIMINADA(S) 'month_cos' -> 63 features | regression_l2=9174.8123 | WRMSSE=0.5324
2026-09-16 11:20:32.599 | WARNING  | src.modeling.feature_selection:try_remove:174 - ELIMINADA(S) 'rolling_std_lag1_window_size4' -> 62 features | regression_l2=9326.5980 | WRMSSE=0.5310
2026-09-16 11:20:40.257 | WARNING  | src.modeling.feature_selection:try_remove:174 - ELIMINADA(S) 16 features ['price_change', 'rolling_std_lag4_window_size4', 'rolling_mean_lag4_window_size4', 'rolling_std_lag4_window_size26', 'rolling_max_lag52_window_size4', 'price_volatility', 'weekofyear', 'te_item_std', 'adi_expanding', 'lag22', 'event_type_1', 'lag39', 'day', 'rolling_mean_lag52_window_size13', 'lag1', 'lag3'] -> 46 features | regression_l2=8460.4320 | WRMSSE=0.4785
2026-09-16 11:20:46.906 | WARNING  | src.modeling.feature_selection:try_remove:174 - ELIMINADA(S) 'doy_cos' -> 45 features | regression_l2=8143.8180 | WRMSSE=0.4590
2026-09-16 11:21:03.148 | WARNING  | src.modeling.feature_selection:try_remove:174 - ELIMINADA(S) 'rolling_min_lag52_window_size4' -> 44 features | regression_l2=8222.0309 | WRMSSE=0.4580
2026-09-16 11:21:05.144 | WARNING  | src.modeling.feature_selection:try_remove:174 - ELIMINADA(S) 'lag52' -> 43 features | regression_l2=8114.2087 | WRMSSE=0.4580
2026-09-16 11:21:17.060 | WARNING  | src.modeling.feature_selection:try_remove:174 - ELIMINADA(S) 16 features ['rolling_max_lag13_window_size13', 'rolling_max_lag13_window_size26', 'rolling_min_lag52_window_size13', 'rolling_std_lag13_window_size13', 'is_month_end', 'rolling_max_lag1_window_size13', 'te_cat_mean', 'days_since_release', 'avg_sell_price', 'pct_zero_90', 'days_since_event', 'rolling_max_lag52_window_size13', 'cv2_90', 'rolling_min_lag13_window_size26', 'rolling_min_lag4_window_size26', 'days_to_thanksgiving'] -> 27 features | regression_l2=8258.5183 | WRMSSE=0.4784
2026-09-16 11:21:18.208 | WARNING  | src.modeling.feature_selection:try_remove:174 - ELIMINADA(S) 16 features ['snap', 'lag17', 'rolling_mean_lag13_window_size13', 'rolling_mean_lag13_window_size26', 'days_to_newyear', 'rolling_std_lag13_window_size26', 'price_vs_mean', 'state_id', 'rolling_min_lag4_window_size13', 'rolling_min_lag13_window_size13', 'lag2', 'rolling_std_lag52_window_size4', 'doy_sin', 'rolling_std_lag1_window_size13', 'lag26', 'rolling_max_lag4_window_size26'] -> 11 features | regression_l2=7814.1864 | WRMSSE=0.4607
2026-09-16 11:21:20.737 | WARNING  | src.modeling.feature_selection:try_remove:174 - ELIMINADA(S) 'momentum_lag4_4_13' -> 10 features | regression_l2=7120.1895 | WRMSSE=0.4161
2026-09-16 11:21:22.439 | WARNING  | src.modeling.feature_selection:try_remove:174 - ELIMINADA(S) 'lag8' -> 9 features | regression_l2=7171.6767 | WRMSSE=0.4235
2026-09-16 11:21:23.741 | WARNING  | src.modeling.feature_selection:try_remove:174 - ELIMINADA(S) 'te_weekend_mean' -> 8 features | regression_l2=6967.0264 | WRMSSE=0.4059
2026-09-16 11:21:26.642 | WARNING  | src.modeling.feature_selection:try_remove:174 - ELIMINADA(S) 'rolling_mean_lag52_window_size4' -> 7 features | regression_l2=6258.5583 | WRMSSE=0.3695
2026-09-16 11:21:31.864 | WARNING  | src.modeling.feature_selection:try_remove:174 - ELIMINADA(S) 'expanding_mean_lag13' -> 6 features | regression_l2=6092.8458 | WRMSSE=0.3679
2026-09-16 11:21:33.349 | WARNING  | src.modeling.feature_selection:try_remove:174 - ELIMINADA(S) 'te_snap_mean' -> 5 features | regression_l2=6037.0489 | WRMSSE=0.3578
2026-09-16 11:21:42.775 | INFO     | src.modeling.feature_selection:backward_feature_selection:204 - Seleccionadas 5/109 features | regression_l2 final: 6037.0489 | WRMSSE final: 0.3578
2026-09-16 11:21:42.776 | INFO     | scripts.train_dataset.refinement:select_features:119 - Features descartadas (104): ['adi_expanding', 'avg_sell_price', 'cat_id', 'cv2_90', 'day', 'dayofweek', 'days_since_event', 'days_since_price_change', 'days_since_release', 'days_since_thanksgiving', 'days_to_closure', 'days_to_event', 'days_to_newyear', 'days_to_thanksgiving', 'dept_id', 'dow_cos', 'dow_sin', 'doy_cos', 'doy_sin', 'event_name_2', 'event_type_1', 'event_type_1_enc', 'event_type_2', 'event_type_2_enc', 'expanding_mean_lag13', 'has_event', 'has_event_2', 'is_likely_stockout', 'is_month_end', 'is_month_start', 'is_store_closed', 'is_weekend', 'item_id', 'lag1', 'lag17', 'lag2', 'lag22', 'lag26', 'lag3', 'lag39', 'lag52', 'lag8', 'momentum_lag4_4_13', 'month', 'month_cos', 'month_sin', 'pct_zero_28', 'pct_zero_90', 'price_change', 'price_lag_1', 'price_volatility', 'price_vs_max', 'price_vs_mean', 'quarter', 'rolling_max_lag13_window_size13', 'rolling_max_lag13_window_size26', 'rolling_max_lag1_window_size13', 'rolling_max_lag1_window_size4', 'rolling_max_lag4_window_size13', 'rolling_max_lag4_window_size26', 'rolling_max_lag52_window_size13', 'rolling_max_lag52_window_size4', 'rolling_mean_lag13_window_size13', 'rolling_mean_lag13_window_size26', 'rolling_mean_lag1_window_size13', 'rolling_mean_lag1_window_size4', 'rolling_mean_lag4_window_size13', 'rolling_mean_lag4_window_size26', 'rolling_mean_lag4_window_size4', 'rolling_mean_lag52_window_size13', 'rolling_mean_lag52_window_size4', 'rolling_min_lag13_window_size13', 'rolling_min_lag13_window_size26', 'rolling_min_lag1_window_size13', 'rolling_min_lag1_window_size4', 'rolling_min_lag4_window_size13', 'rolling_min_lag4_window_size26', 'rolling_min_lag4_window_size4', 'rolling_min_lag52_window_size13', 'rolling_min_lag52_window_size4', 'rolling_std_lag13_window_size13', 'rolling_std_lag13_window_size26', 'rolling_std_lag1_window_size13', 'rolling_std_lag1_window_size4', 'rolling_std_lag4_window_size13', 'rolling_std_lag4_window_size26', 'rolling_std_lag4_window_size4', 'rolling_std_lag52_window_size13', 'rolling_std_lag52_window_size4', 'snap', 'state_id', 'store_id', 'te_cat_mean', 'te_cat_std', 'te_dept_mean', 'te_dept_std', 'te_event_mean', 'te_item_mean', 'te_item_std', 'te_snap_mean', 'te_weekend_mean', 'weekofyear', 'year', 'zero_streak']
2026-09-16 11:21:42.780 | INFO     | scripts.train_dataset.refinement:select_features:132 - Features finales: 5 (1 categóricas) | regression_l2=6037.0489 | WRMSSE=0.3578 (informativo)
2026-09-16 11:21:42.781 | INFO     | scripts.train_dataset.pipeline:run_pipeline:74 - Fase selección de features: 244.7s
2026-09-16 11:21:45.422 | INFO     | src.evaluation.reports:evaluate_predictions:58 - histgb (bench, selected features) [ML] | WAPE: 5.00% | WRMSSE: 0.3530  | fit: 2.59s
2026-09-16 11:21:46.010 | INFO     | scripts.train_dataset.refinement:run_shap:190 - SHAP (histgb): feature más importante = lag4 | plots guardados en /bi/workspace/Sandbox/forecast-tfm/artifacts/plots
2026-09-16 11:21:46.012 | INFO     | scripts.train_dataset.pipeline:run_pipeline:79 - Fase SHAP: 3.2s
2026-09-16 11:21:46.065 | INFO     | scripts.train_dataset.refinement:tune_optuna_family:60 - [histgb] Optuna arrancando: hasta 300 trials (timeout 600s) -- study 'study_level_02_weekly_state_sales_final_histgb'
2026-09-16 11:28:47.765 | INFO     | scripts.train_dataset.refinement:tune_optuna_family:70 - [histgb] Optuna terminó -- elige hiperparámetros por regression_l2 (no por WRMSSE): mejor regression_l2 = 5231.1433 | WRMSSE de ESE trial: 0.3130 (solo referencia, puede no ser el mínimo posible; el WRMSSE definitivo se reporta abajo, tras reentrenar con estos hiperparámetros)
2026-09-16 11:28:47.767 | INFO     | scripts.train_dataset.refinement:tune_optuna_family:76 - [histgb] Mejores hiperparámetros: {'learning_rate': 0.14387273752357135, 'max_leaf_nodes': 183, 'max_depth': 4, 'min_samples_leaf': 20, 'l2_regularization': 3.6087864835974512}
2026-09-16 11:28:47.769 | INFO     | scripts.train_dataset.pipeline:run_pipeline:85 - Fase Optuna final: 421.8s
2026-09-16 11:28:49.596 | INFO     | scripts.train_dataset.refinement:_cv_fit_and_score:227 - CV (1 folds) best_iteration: [156] -> n_estimators = 156
2026-09-16 11:28:50.769 | INFO     | scripts.train_dataset.refinement:_cv_fit_and_score:227 - CV (1 folds) best_iteration: [230] -> n_estimators = 230
2026-09-16 11:28:50.851 | INFO     | src.evaluation.reports:evaluate_predictions:58 - histgb (final, Optuna) [ML] | WAPE: 4.48% | WRMSSE: 0.3124  | fit: 3.06s
2026-09-16 11:28:52.198 | INFO     | scripts.train_dataset.refinement:fit_final_model:283 - Test WAPE: 5.72% | Test WRMSSE: 0.3848
2026-09-16 11:28:53.055 | INFO     | scripts.train_dataset.benchmarking:save_model_comparison:115 - Comparación de modelos guardada en /bi/workspace/Sandbox/forecast-tfm/artifacts/results
2026-09-16 11:28:55.285 | SUCCESS  | scripts.train_dataset.export:export_artifact:115 - Artifact guardado en /bi/workspace/Sandbox/forecast-tfm/artifacts/models/level_02_weekly_state_sales_artifact.pkl (modelo: histgb)
2026-09-16 11:28:55.368 | SUCCESS  | scripts.train_dataset.export:export_artifact:125 - Versión 20260916T142855Z registrada en registry.json
2026-09-16 11:28:55.369 | INFO     | scripts.train_dataset.pipeline:run_pipeline:93 - Pipeline completo (level_02_weekly_state/sales) en 695.9s
2026-09-16 11:28:55.594 | INFO     | src.data.dataset:load_data:58 - level_03_daily_cat | target=sales | 5,823 filas | 191 features (9 categóricas)
2026-09-16 11:28:55.601 | INFO     | src.data.temporal_split:log_summary:41 - Train : 2011-01-29 to 2015-04-26 (1,549 days, 4,647 rows)
2026-09-16 11:28:55.601 | INFO     | src.data.temporal_split:log_summary:42 - Valid : 2015-04-27 to 2016-04-24 (364 days, 1,092 rows)
2026-09-16 11:28:55.601 | INFO     | src.data.temporal_split:log_summary:43 - Test  : 2016-04-25 to 2016-05-22 (28 days, 84 rows)
2026-09-16 11:28:55.870 | INFO     | src.data.dataset:split_data:119 - Features: 191 (9 categóricas)
2026-09-16 11:28:55.912 | INFO     | src.evaluation.reports:evaluate_predictions:58 - Seasonal naive (1d) [Naive] | WAPE: 17.17% | WRMSSE: 1.3286  | fit: 0.01s
2026-09-16 11:28:55.947 | INFO     | src.evaluation.reports:evaluate_predictions:58 - Seasonal naive (7d) [Naive] | WAPE: 12.89% | WRMSSE: 0.9854  | fit: 0.01s
2026-09-16 11:28:55.981 | INFO     | src.evaluation.reports:evaluate_predictions:58 - Seasonal naive (28d) [Naive] | WAPE: 11.37% | WRMSSE: 0.9179  | fit: 0.01s
2026-09-16 11:28:56.018 | INFO     | src.evaluation.reports:evaluate_predictions:58 - Seasonal naive (364d) [Naive] | WAPE: 11.54% | WRMSSE: 1.0240  | fit: 0.01s
2026-09-16 11:28:56.050 | INFO     | src.evaluation.reports:evaluate_predictions:58 -             Drift [Naive] | WAPE: 18.65% | WRMSSE: 1.4628  | fit: 0.01s
2026-09-16 11:28:56.080 | INFO     | src.evaluation.reports:evaluate_predictions:58 -   Historical mean [Naive] | WAPE: 18.79% | WRMSSE: 1.6687  | fit: 0.00s
2026-09-16 11:28:56.109 | INFO     | src.evaluation.reports:evaluate_predictions:58 - Moving average (7d) [Naive] | WAPE: 15.49% | WRMSSE: 1.3321  | fit: 0.00s
2026-09-16 11:28:56.139 | INFO     | src.evaluation.reports:evaluate_predictions:58 - Moving average (14d) [Naive] | WAPE: 14.67% | WRMSSE: 1.2835  | fit: 0.00s
2026-09-16 11:28:56.167 | INFO     | src.evaluation.reports:evaluate_predictions:58 - Moving average (21d) [Naive] | WAPE: 14.02% | WRMSSE: 1.2219  | fit: 0.00s
2026-09-16 11:28:56.196 | INFO     | src.evaluation.reports:evaluate_predictions:58 - Moving average (28d) [Naive] | WAPE: 13.83% | WRMSSE: 1.2003  | fit: 0.00s
2026-09-16 11:28:56.225 | INFO     | src.evaluation.reports:evaluate_predictions:58 - Moving average (35d) [Naive] | WAPE: 14.18% | WRMSSE: 1.2374  | fit: 0.00s
2026-09-16 11:28:56.225 | INFO     | scripts.train_dataset.pipeline:run_pipeline:51 - Fase naive: 0.4s
2026-09-16 11:28:58.562 | INFO     | src.evaluation.reports:evaluate_predictions:58 -      SARIMA [Statistical] | WAPE: 15.83% | WRMSSE: 1.1786  | fit: 2.30s
2026-09-16 11:28:58.950 | INFO     | src.evaluation.reports:evaluate_predictions:58 - ETS (Holt-Winters) [Statistical] | WAPE: 10.58% | WRMSSE: 0.8369  | fit: 0.36s
2026-09-16 11:28:59.083 | INFO     | src.evaluation.reports:evaluate_predictions:58 -       Theta [Statistical] | WAPE: 10.31% | WRMSSE: 0.8353  | fit: 0.11s
2026-09-16 11:29:07.277 | INFO     | src.evaluation.reports:evaluate_predictions:58 -       TBATS [Statistical] | WAPE: 14.95% | WRMSSE: 1.0978  | fit: 8.16s
2026-09-16 11:29:07.616 | WARNING  | src.modeling.statistical:_forecast_by_series:70 - 3 serie(s) fallaron el ajuste; se usa el último valor de train como fallback.
2026-09-16 11:29:07.654 | INFO     | src.evaluation.reports:evaluate_predictions:58 -     Prophet [Statistical] | WAPE: 17.17% | WRMSSE: 1.3286  | fit: 0.34s
2026-09-16 11:29:07.654 | INFO     | scripts.train_dataset.pipeline:run_pipeline:56 - Fase estadísticos clásicos: 11.4s
2026-09-16 11:29:07.655 | INFO     | scripts.train_dataset.benchmarking:run_bench_ml:67 - Bench ML: familia 1/5 -- lightgbm
2026-09-16 11:29:08.304 | INFO     | src.evaluation.reports:evaluate_predictions:58 -     lightgbm (bench) [ML] | WAPE: 16.07% | WRMSSE: 1.3763  | fit: 0.62s
2026-09-16 11:29:08.305 | INFO     | scripts.train_dataset.benchmarking:run_bench_ml:67 - Bench ML: familia 2/5 -- xgboost
2026-09-16 11:29:09.639 | INFO     | src.evaluation.reports:evaluate_predictions:58 -      xgboost (bench) [ML] | WAPE: 13.21% | WRMSSE: 1.1706  | fit: 1.29s
2026-09-16 11:29:09.639 | INFO     | scripts.train_dataset.benchmarking:run_bench_ml:67 - Bench ML: familia 3/5 -- catboost
2026-09-16 11:29:10.474 | INFO     | src.evaluation.reports:evaluate_predictions:58 -     catboost (bench) [ML] | WAPE: 40.16% | WRMSSE: 2.6272  | fit: 0.79s
2026-09-16 11:29:10.475 | INFO     | scripts.train_dataset.benchmarking:run_bench_ml:67 - Bench ML: familia 4/5 -- histgb
2026-09-16 11:29:22.032 | INFO     | src.evaluation.reports:evaluate_predictions:58 -       histgb (bench) [ML] | WAPE: 34.79% | WRMSSE: 2.7825  | fit: 11.48s
2026-09-16 11:29:22.032 | INFO     | scripts.train_dataset.benchmarking:run_bench_ml:67 - Bench ML: familia 5/5 -- ridge
2026-09-16 11:29:22.178 | INFO     | src.evaluation.reports:evaluate_predictions:58 -        ridge (bench) [ML] | WAPE: 25.40% | WRMSSE: 2.0200  | fit: 0.10s
2026-09-16 11:29:22.178 | SUCCESS  | scripts.train_dataset.benchmarking:pick_winner:94 - Modelo ganador (bench, 4 familias tree-based comparadas): xgboost | regression_l2=2313.8000
2026-09-16 11:29:22.179 | INFO     | scripts.train_dataset.pipeline:run_pipeline:62 - Fase bench ML (5 familias, sin Optuna): 14.5s
2026-09-16 11:29:22.181 | INFO     | scripts.train_dataset.refinement:select_features:88 - Top 10 gain importance (xgboost):
cat_id                            1.634078e+10
te_weekend_mean                   6.065380e+08
lag28                             4.646560e+08
rolling_mean_lag1_window_size7    1.559557e+08
lag7                              1.013154e+08
lag182                            7.131342e+07
lag14                             4.509139e+07
lag91                             2.688969e+07
lag1                              2.567044e+07
lag27                             2.414818e+07
dtype: float64
2026-09-16 11:29:24.976 | INFO     | scripts.train_dataset.refinement:select_features:95 - Top 10 permutation importance (xgboost):
cat_id                             6356.744922
te_weekend_mean                    1897.662305
lag28                               813.219434
event_name_1                        209.624316
lag364                              139.513867
rolling_std_lag28_window_size28     121.009863
day                                 102.972852
lag27                               101.183643
lag182                               99.774902
dayofweek                            73.250732
dtype: float64
2026-09-16 11:29:25.678 | INFO     | src.modeling.feature_selection:backward_feature_selection:139 - Baseline (191 features): regression_l2=2526.1750 | WRMSSE=1.1416 (informativo)
2026-09-16 11:29:27.533 | WARNING  | src.modeling.feature_selection:try_remove:174 - ELIMINADA(S) 16 features ['lag22', 'rolling_mean_lag364_window_size28', 'price_vs_max', 'days_to_thanksgiving', 'rolling_mean_lag364_window_size91', 'doy_cos', 'lag26', 'rolling_min_lag364_window_size28', 'te_event_mean', 'lag11', 'lag5', 'rolling_std_lag28_window_size7', 'rolling_std_lag3_window_size14', 'rolling_max_lag91_window_size28', 'rolling_mean_lag91_window_size91', 'rolling_mean_lag28_window_size7'] -> 175 features | regression_l2=1941.0858 | WRMSSE=0.8307
2026-09-16 11:29:30.297 | WARNING  | src.modeling.feature_selection:try_remove:174 - ELIMINADA(S) 'lag35' -> 174 features | regression_l2=1968.7062 | WRMSSE=0.8515
2026-09-16 11:29:31.518 | WARNING  | src.modeling.feature_selection:try_remove:174 - ELIMINADA(S) 'lag25' -> 173 features | regression_l2=1808.9958 | WRMSSE=0.8061
2026-09-16 11:29:55.591 | WARNING  | src.modeling.feature_selection:try_remove:174 - ELIMINADA(S) 16 features ['rolling_std_lag1_window_size7', 'lag3', 'rolling_max_lag1_window_size7', 'rolling_min_lag1_window_size21', 'days_to_newyear', 'rolling_std_lag1_window_size14', 'rolling_min_lag3_window_size14', 'dow_cos', 'rolling_min_lag3_window_size7', 'rolling_mean_lag4_window_size7', 'rolling_std_lag4_window_size14', 'rolling_max_lag2_window_size14', 'rolling_min_lag28_window_size28', 'rolling_min_lag91_window_size28', 'lag2', 'days_since_release'] -> 157 features | regression_l2=1815.9952 | WRMSSE=0.8379
2026-09-16 11:29:59.243 | WARNING  | src.modeling.feature_selection:try_remove:174 - ELIMINADA(S) 'rolling_mean_lag3_window_size14' -> 156 features | regression_l2=1806.7347 | WRMSSE=0.8807
2026-09-16 11:30:00.645 | WARNING  | src.modeling.feature_selection:try_remove:174 - ELIMINADA(S) 'rolling_max_lag6_window_size7' -> 155 features | regression_l2=1803.9174 | WRMSSE=0.8734
2026-09-16 11:30:01.406 | WARNING  | src.modeling.feature_selection:try_remove:174 - ELIMINADA(S) 'rolling_mean_lag6_window_size14' -> 154 features | regression_l2=1803.9174 | WRMSSE=0.8734
2026-09-16 11:30:02.382 | WARNING  | src.modeling.feature_selection:try_remove:174 - ELIMINADA(S) 'rolling_min_lag7_window_size7' -> 153 features | regression_l2=1803.9174 | WRMSSE=0.8734
2026-09-16 11:30:04.325 | WARNING  | src.modeling.feature_selection:try_remove:174 - ELIMINADA(S) 'is_likely_stockout' -> 152 features | regression_l2=1803.9174 | WRMSSE=0.8734
2026-09-16 11:30:05.065 | WARNING  | src.modeling.feature_selection:try_remove:174 - ELIMINADA(S) 'event_type_1_enc' -> 151 features | regression_l2=1803.9174 | WRMSSE=0.8734
2026-09-16 11:30:06.066 | WARNING  | src.modeling.feature_selection:try_remove:174 - ELIMINADA(S) 'event_type_2_enc' -> 150 features | regression_l2=1803.9174 | WRMSSE=0.8734
2026-09-16 11:30:06.939 | WARNING  | src.modeling.feature_selection:try_remove:174 - ELIMINADA(S) 'snap' -> 149 features | regression_l2=1803.9174 | WRMSSE=0.8734
2026-09-16 11:30:07.742 | WARNING  | src.modeling.feature_selection:try_remove:174 - ELIMINADA(S) 'has_event_2' -> 148 features | regression_l2=1803.9174 | WRMSSE=0.8734
2026-09-16 11:30:08.522 | WARNING  | src.modeling.feature_selection:try_remove:174 - ELIMINADA(S) 'store_id' -> 147 features | regression_l2=1803.9174 | WRMSSE=0.8734
2026-09-16 11:30:09.247 | WARNING  | src.modeling.feature_selection:try_remove:174 - ELIMINADA(S) 'item_id' -> 146 features | regression_l2=1803.9174 | WRMSSE=0.8734
2026-09-16 11:30:10.486 | WARNING  | src.modeling.feature_selection:try_remove:174 - ELIMINADA(S) 16 features ['is_weekend', 'is_month_start', 'quarter', 'te_dept_std', 'pct_zero_28', 'pct_zero_90', 'te_snap_mean', 'te_cat_mean', 'days_since_price_change', 'is_store_closed', 'year', 'dept_id', 'event_name_2', 'has_event', 'rolling_min_lag364_window_size91', 'rolling_min_lag91_window_size91'] -> 130 features | regression_l2=1839.1619 | WRMSSE=0.8756
2026-09-16 11:30:12.561 | WARNING  | src.modeling.feature_selection:try_remove:174 - ELIMINADA(S) 'rolling_max_lag4_window_size14' -> 129 features | regression_l2=1840.7966 | WRMSSE=0.9174
2026-09-16 11:30:13.973 | WARNING  | src.modeling.feature_selection:try_remove:174 - ELIMINADA(S) 'rolling_mean_lag5_window_size14' -> 128 features | regression_l2=1828.7565 | WRMSSE=0.8738
2026-09-16 11:30:14.730 | WARNING  | src.modeling.feature_selection:try_remove:174 - ELIMINADA(S) 'rolling_mean_lag6_window_size7' -> 127 features | regression_l2=1812.3783 | WRMSSE=0.8709
2026-09-16 11:30:15.520 | WARNING  | src.modeling.feature_selection:try_remove:174 - ELIMINADA(S) 'event_type_2' -> 126 features | regression_l2=1812.3783 | WRMSSE=0.8709
2026-09-16 11:30:16.309 | WARNING  | src.modeling.feature_selection:try_remove:174 - ELIMINADA(S) 'state_id' -> 125 features | regression_l2=1812.3783 | WRMSSE=0.8709
2026-09-16 11:30:17.592 | WARNING  | src.modeling.feature_selection:try_remove:174 - ELIMINADA(S) 'zero_streak' -> 124 features | regression_l2=1830.5420 | WRMSSE=0.9080
2026-09-16 11:30:20.333 | WARNING  | src.modeling.feature_selection:try_remove:174 - ELIMINADA(S) 'rolling_min_lag1_window_size14' -> 123 features | regression_l2=1821.5911 | WRMSSE=0.8990
2026-09-16 11:30:23.079 | WARNING  | src.modeling.feature_selection:try_remove:174 - ELIMINADA(S) 'rolling_mean_lag3_window_size7' -> 122 features | regression_l2=1777.6441 | WRMSSE=0.8235
2026-09-16 11:30:26.525 | WARNING  | src.modeling.feature_selection:try_remove:174 - ELIMINADA(S) 'rolling_max_lag3_window_size14' -> 121 features | regression_l2=1777.6441 | WRMSSE=0.8235
2026-09-16 11:30:28.205 | WARNING  | src.modeling.feature_selection:try_remove:174 - ELIMINADA(S) 'rolling_min_lag28_window_size91' -> 120 features | regression_l2=1763.0907 | WRMSSE=0.8529
2026-09-16 11:30:38.900 | WARNING  | src.modeling.feature_selection:try_remove:174 - ELIMINADA(S) 'lag13' -> 119 features | regression_l2=1771.1725 | WRMSSE=0.7945
2026-09-16 11:30:42.317 | WARNING  | src.modeling.feature_selection:try_remove:174 - ELIMINADA(S) 'rolling_std_lag4_window_size7' -> 118 features | regression_l2=1795.6100 | WRMSSE=0.8502
2026-09-16 11:30:44.135 | WARNING  | src.modeling.feature_selection:try_remove:174 - ELIMINADA(S) 'lag23' -> 117 features | regression_l2=1812.3049 | WRMSSE=0.8240
2026-09-16 11:30:44.950 | WARNING  | src.modeling.feature_selection:try_remove:174 - ELIMINADA(S) 'rolling_min_lag28_window_size7' -> 116 features | regression_l2=1802.1114 | WRMSSE=0.8697
2026-09-16 11:30:47.402 | WARNING  | src.modeling.feature_selection:try_remove:174 - ELIMINADA(S) 'rolling_max_lag7_window_size7' -> 115 features | regression_l2=1816.9294 | WRMSSE=0.8617
2026-09-16 11:30:50.293 | WARNING  | src.modeling.feature_selection:try_remove:174 - ELIMINADA(S) 'rolling_mean_lag7_window_size7' -> 114 features | regression_l2=1805.1528 | WRMSSE=0.8599
2026-09-16 11:30:58.001 | WARNING  | src.modeling.feature_selection:try_remove:174 - ELIMINADA(S) 'seasonal_mean_lag364_7_8' -> 113 features | regression_l2=1815.1339 | WRMSSE=0.8589
2026-09-16 11:30:58.698 | WARNING  | src.modeling.feature_selection:try_remove:174 - ELIMINADA(S) 16 features ['rolling_max_lag28_window_size28', 'price_lag_7', 'avg_sell_price', 'rolling_mean_lag91_window_size28', 'rolling_max_lag7_window_size14', 'te_cat_std', 'lag19', 'rolling_min_lag1_window_size7', 'rolling_mean_lag28_window_size91', 'lag6', 'lag14', 'lag20', 'rolling_std_lag28_window_size91', 'lag24', 'days_since_thanksgiving', 'lag1'] -> 97 features | regression_l2=1709.1758 | WRMSSE=0.7414
2026-09-16 11:30:59.831 | WARNING  | src.modeling.feature_selection:try_remove:174 - ELIMINADA(S) 'seasonal_mean_lag364_364_2' -> 96 features | regression_l2=1689.1074 | WRMSSE=0.7628
2026-09-16 11:31:00.336 | WARNING  | src.modeling.feature_selection:try_remove:174 - ELIMINADA(S) 'lag21' -> 95 features | regression_l2=1627.6943 | WRMSSE=0.7324
2026-09-16 11:31:03.609 | WARNING  | src.modeling.feature_selection:try_remove:174 - ELIMINADA(S) 'dayofweek' -> 94 features | regression_l2=1649.3733 | WRMSSE=0.7468
2026-09-16 11:31:06.603 | WARNING  | src.modeling.feature_selection:try_remove:174 - ELIMINADA(S) 'rolling_std_lag28_window_size28' -> 93 features | regression_l2=1630.1138 | WRMSSE=0.7357
2026-09-16 11:31:09.633 | WARNING  | src.modeling.feature_selection:try_remove:174 - ELIMINADA(S) 'te_weekend_mean' -> 92 features | regression_l2=1585.0442 | WRMSSE=0.6713
2026-09-16 11:31:12.840 | WARNING  | src.modeling.feature_selection:try_remove:174 - ELIMINADA(S) 'lag18' -> 91 features | regression_l2=1611.1294 | WRMSSE=0.6879
2026-09-16 11:31:13.615 | WARNING  | src.modeling.feature_selection:try_remove:174 - ELIMINADA(S) 'rolling_max_lag364_window_size91' -> 90 features | regression_l2=1608.2150 | WRMSSE=0.6955
2026-09-16 11:31:18.330 | WARNING  | src.modeling.feature_selection:try_remove:174 - ELIMINADA(S) 'rolling_max_lag1_window_size21' -> 89 features | regression_l2=1624.7782 | WRMSSE=0.7313
2026-09-16 11:31:20.723 | WARNING  | src.modeling.feature_selection:try_remove:174 - ELIMINADA(S) 'rolling_min_lag6_window_size7' -> 88 features | regression_l2=1649.7360 | WRMSSE=0.7194
2026-09-16 11:31:23.514 | WARNING  | src.modeling.feature_selection:try_remove:174 - ELIMINADA(S) 'rolling_std_lag91_window_size28' -> 87 features | regression_l2=1647.2039 | WRMSSE=0.7295
2026-09-16 11:31:26.277 | WARNING  | src.modeling.feature_selection:try_remove:174 - ELIMINADA(S) 'rolling_max_lag364_window_size28' -> 86 features | regression_l2=1617.2251 | WRMSSE=0.6990
2026-09-16 11:31:30.433 | WARNING  | src.modeling.feature_selection:try_remove:174 - ELIMINADA(S) 'rolling_mean_lag4_window_size14' -> 85 features | regression_l2=1582.2737 | WRMSSE=0.7012
2026-09-16 11:31:58.948 | WARNING  | src.modeling.feature_selection:try_remove:174 - ELIMINADA(S) 'rolling_std_lag1_window_size35' -> 84 features | regression_l2=1532.9682 | WRMSSE=0.6892
2026-09-16 11:33:02.340 | WARNING  | src.modeling.feature_selection:try_remove:174 - ELIMINADA(S) 'rolling_mean_lag5_window_size7' -> 83 features | regression_l2=1523.3171 | WRMSSE=0.6841
2026-09-16 11:33:28.677 | WARNING  | src.modeling.feature_selection:try_remove:174 - ELIMINADA(S) 'rolling_max_lag4_window_size7' -> 82 features | regression_l2=1542.9325 | WRMSSE=0.6894
2026-09-16 11:34:06.116 | WARNING  | src.modeling.feature_selection:try_remove:174 - ELIMINADA(S) 'rolling_mean_lag7_window_size14' -> 81 features | regression_l2=1550.2602 | WRMSSE=0.6906
2026-09-16 11:34:07.679 | WARNING  | src.modeling.feature_selection:try_remove:174 - ELIMINADA(S) 'rolling_min_lag5_window_size7' -> 80 features | regression_l2=1577.8650 | WRMSSE=0.7054
2026-09-16 11:34:08.255 | WARNING  | src.modeling.feature_selection:try_remove:174 - ELIMINADA(S) 'rolling_max_lag91_window_size91' -> 79 features | regression_l2=1607.4729 | WRMSSE=0.7324
2026-09-16 11:34:13.625 | WARNING  | src.modeling.feature_selection:try_remove:174 - ELIMINADA(S) 'is_month_end' -> 78 features | regression_l2=1607.5695 | WRMSSE=0.7288
2026-09-16 11:34:14.694 | WARNING  | src.modeling.feature_selection:try_remove:174 - ELIMINADA(S) 'lag4' -> 77 features | regression_l2=1560.7214 | WRMSSE=0.7025
2026-09-16 11:34:17.276 | WARNING  | src.modeling.feature_selection:try_remove:174 - ELIMINADA(S) 'rolling_mean_lag2_window_size14' -> 76 features | regression_l2=1539.8194 | WRMSSE=0.6893
2026-09-16 11:34:17.980 | WARNING  | src.modeling.feature_selection:try_remove:174 - ELIMINADA(S) 'rolling_max_lag5_window_size7' -> 75 features | regression_l2=1560.1930 | WRMSSE=0.7201
2026-09-16 11:34:18.816 | WARNING  | src.modeling.feature_selection:try_remove:174 - ELIMINADA(S) 'rolling_min_lag4_window_size14' -> 74 features | regression_l2=1525.1229 | WRMSSE=0.7146
2026-09-16 11:34:29.222 | WARNING  | src.modeling.feature_selection:try_remove:174 - ELIMINADA(S) 'rolling_std_lag1_window_size21' -> 73 features | regression_l2=1525.6659 | WRMSSE=0.6696
2026-09-16 11:34:34.020 | WARNING  | src.modeling.feature_selection:try_remove:174 - ELIMINADA(S) 'rolling_mean_lag2_window_size7' -> 72 features | regression_l2=1509.2657 | WRMSSE=0.6581
2026-09-16 11:34:39.221 | WARNING  | src.modeling.feature_selection:try_remove:174 - ELIMINADA(S) 'event_type_1' -> 71 features | regression_l2=1510.1860 | WRMSSE=0.6583
2026-09-16 11:34:46.836 | WARNING  | src.modeling.feature_selection:try_remove:174 - ELIMINADA(S) 'month' -> 70 features | regression_l2=1510.2215 | WRMSSE=0.6584
2026-09-16 11:35:25.305 | WARNING  | src.modeling.feature_selection:try_remove:174 - ELIMINADA(S) 'rolling_min_lag4_window_size7' -> 69 features | regression_l2=1518.5623 | WRMSSE=0.6820
2026-09-16 11:35:30.431 | WARNING  | src.modeling.feature_selection:try_remove:174 - ELIMINADA(S) 'rolling_std_lag5_window_size7' -> 68 features | regression_l2=1530.0808 | WRMSSE=0.6829
2026-09-16 11:35:32.434 | WARNING  | src.modeling.feature_selection:try_remove:174 - ELIMINADA(S) 'te_item_mean' -> 67 features | regression_l2=1542.5983 | WRMSSE=0.6981
2026-09-16 11:36:07.748 | WARNING  | src.modeling.feature_selection:try_remove:174 - ELIMINADA(S) 'rolling_max_lag1_window_size14' -> 66 features | regression_l2=1547.4722 | WRMSSE=0.6852
2026-09-16 11:36:20.586 | WARNING  | src.modeling.feature_selection:try_remove:174 - ELIMINADA(S) 'rolling_max_lag6_window_size14' -> 65 features | regression_l2=1570.7291 | WRMSSE=0.6813
2026-09-16 11:36:22.808 | WARNING  | src.modeling.feature_selection:try_remove:174 - ELIMINADA(S) 'rolling_std_lag364_window_size91' -> 64 features | regression_l2=1580.0098 | WRMSSE=0.7005
2026-09-16 11:36:27.372 | WARNING  | src.modeling.feature_selection:try_remove:174 - ELIMINADA(S) 'rolling_max_lag1_window_size35' -> 63 features | regression_l2=1603.0593 | WRMSSE=0.7038
2026-09-16 11:36:39.977 | WARNING  | src.modeling.feature_selection:try_remove:174 - ELIMINADA(S) 'lag8' -> 62 features | regression_l2=1530.9732 | WRMSSE=0.6916
2026-09-16 11:37:07.892 | WARNING  | src.modeling.feature_selection:try_remove:174 - ELIMINADA(S) 'doy_sin' -> 61 features | regression_l2=1533.1765 | WRMSSE=0.6848
2026-09-16 11:37:32.536 | WARNING  | src.modeling.feature_selection:try_remove:174 - ELIMINADA(S) 'lag182' -> 60 features | regression_l2=1518.1114 | WRMSSE=0.6552
2026-09-16 11:37:53.351 | WARNING  | src.modeling.feature_selection:try_remove:174 - ELIMINADA(S) 'rolling_mean_lag28_window_size28' -> 59 features | regression_l2=1524.3859 | WRMSSE=0.6645
2026-09-16 11:38:08.441 | WARNING  | src.modeling.feature_selection:try_remove:174 - ELIMINADA(S) 'rolling_std_lag6_window_size14' -> 58 features | regression_l2=1552.2218 | WRMSSE=0.7033
2026-09-16 11:38:11.397 | WARNING  | src.modeling.feature_selection:try_remove:174 - ELIMINADA(S) 'rolling_min_lag6_window_size14' -> 57 features | regression_l2=1466.8857 | WRMSSE=0.6530
2026-09-16 11:39:02.015 | INFO     | src.modeling.feature_selection:backward_feature_selection:204 - Seleccionadas 57/191 features | regression_l2 final: 1466.8857 | WRMSSE final: 0.6530
2026-09-16 11:39:02.018 | INFO     | scripts.train_dataset.refinement:select_features:119 - Features descartadas (134): ['avg_sell_price', 'dayofweek', 'days_since_price_change', 'days_since_release', 'days_since_thanksgiving', 'days_to_newyear', 'days_to_thanksgiving', 'dept_id', 'dow_cos', 'doy_cos', 'doy_sin', 'event_name_2', 'event_type_1', 'event_type_1_enc', 'event_type_2', 'event_type_2_enc', 'has_event', 'has_event_2', 'is_likely_stockout', 'is_month_end', 'is_month_start', 'is_store_closed', 'is_weekend', 'item_id', 'lag1', 'lag11', 'lag13', 'lag14', 'lag18', 'lag182', 'lag19', 'lag2', 'lag20', 'lag21', 'lag22', 'lag23', 'lag24', 'lag25', 'lag26', 'lag3', 'lag35', 'lag4', 'lag5', 'lag6', 'lag8', 'month', 'pct_zero_28', 'pct_zero_90', 'price_lag_7', 'price_vs_max', 'quarter', 'rolling_max_lag1_window_size14', 'rolling_max_lag1_window_size21', 'rolling_max_lag1_window_size35', 'rolling_max_lag1_window_size7', 'rolling_max_lag28_window_size28', 'rolling_max_lag2_window_size14', 'rolling_max_lag364_window_size28', 'rolling_max_lag364_window_size91', 'rolling_max_lag3_window_size14', 'rolling_max_lag4_window_size14', 'rolling_max_lag4_window_size7', 'rolling_max_lag5_window_size7', 'rolling_max_lag6_window_size14', 'rolling_max_lag6_window_size7', 'rolling_max_lag7_window_size14', 'rolling_max_lag7_window_size7', 'rolling_max_lag91_window_size28', 'rolling_max_lag91_window_size91', 'rolling_mean_lag28_window_size28', 'rolling_mean_lag28_window_size7', 'rolling_mean_lag28_window_size91', 'rolling_mean_lag2_window_size14', 'rolling_mean_lag2_window_size7', 'rolling_mean_lag364_window_size28', 'rolling_mean_lag364_window_size91', 'rolling_mean_lag3_window_size14', 'rolling_mean_lag3_window_size7', 'rolling_mean_lag4_window_size14', 'rolling_mean_lag4_window_size7', 'rolling_mean_lag5_window_size14', 'rolling_mean_lag5_window_size7', 'rolling_mean_lag6_window_size14', 'rolling_mean_lag6_window_size7', 'rolling_mean_lag7_window_size14', 'rolling_mean_lag7_window_size7', 'rolling_mean_lag91_window_size28', 'rolling_mean_lag91_window_size91', 'rolling_min_lag1_window_size14', 'rolling_min_lag1_window_size21', 'rolling_min_lag1_window_size7', 'rolling_min_lag28_window_size28', 'rolling_min_lag28_window_size7', 'rolling_min_lag28_window_size91', 'rolling_min_lag364_window_size28', 'rolling_min_lag364_window_size91', 'rolling_min_lag3_window_size14', 'rolling_min_lag3_window_size7', 'rolling_min_lag4_window_size14', 'rolling_min_lag4_window_size7', 'rolling_min_lag5_window_size7', 'rolling_min_lag6_window_size14', 'rolling_min_lag6_window_size7', 'rolling_min_lag7_window_size7', 'rolling_min_lag91_window_size28', 'rolling_min_lag91_window_size91', 'rolling_std_lag1_window_size14', 'rolling_std_lag1_window_size21', 'rolling_std_lag1_window_size35', 'rolling_std_lag1_window_size7', 'rolling_std_lag28_window_size28', 'rolling_std_lag28_window_size7', 'rolling_std_lag28_window_size91', 'rolling_std_lag364_window_size91', 'rolling_std_lag3_window_size14', 'rolling_std_lag4_window_size14', 'rolling_std_lag4_window_size7', 'rolling_std_lag5_window_size7', 'rolling_std_lag6_window_size14', 'rolling_std_lag91_window_size28', 'seasonal_mean_lag364_364_2', 'seasonal_mean_lag364_7_8', 'snap', 'state_id', 'store_id', 'te_cat_mean', 'te_cat_std', 'te_dept_std', 'te_event_mean', 'te_item_mean', 'te_snap_mean', 'te_weekend_mean', 'year', 'zero_streak']
2026-09-16 11:39:02.028 | INFO     | scripts.train_dataset.refinement:select_features:132 - Features finales: 57 (2 categóricas) | regression_l2=1466.8857 | WRMSSE=0.6530 (informativo)
2026-09-16 11:39:02.028 | INFO     | scripts.train_dataset.pipeline:run_pipeline:74 - Fase selección de features: 579.8s
2026-09-16 11:39:04.101 | INFO     | src.evaluation.reports:evaluate_predictions:58 - xgboost (bench, selected features) [ML] | WAPE: 6.99% | WRMSSE: 0.6422  | fit: 2.03s
2026-09-16 11:39:05.391 | INFO     | scripts.train_dataset.refinement:run_shap:190 - SHAP (xgboost): feature más importante = cat_id | plots guardados en /bi/workspace/Sandbox/forecast-tfm/artifacts/plots
2026-09-16 11:39:05.393 | INFO     | scripts.train_dataset.pipeline:run_pipeline:79 - Fase SHAP: 3.4s
2026-09-16 11:39:05.449 | INFO     | scripts.train_dataset.refinement:tune_optuna_family:60 - [xgboost] Optuna arrancando: hasta 300 trials (timeout 600s) -- study 'study_level_03_daily_cat_sales_final_xgboost'
2026-09-16 11:49:06.714 | INFO     | scripts.train_dataset.refinement:tune_optuna_family:70 - [xgboost] Optuna terminó -- elige hiperparámetros por regression_l2 (no por WRMSSE): mejor regression_l2 = 1605.6537 | WRMSSE de ESE trial: 0.7178 (solo referencia, puede no ser el mínimo posible; el WRMSSE definitivo se reporta abajo, tras reentrenar con estos hiperparámetros)
2026-09-16 11:49:06.716 | INFO     | scripts.train_dataset.refinement:tune_optuna_family:76 - [xgboost] Mejores hiperparámetros: {'learning_rate': 0.057606018295492424, 'max_depth': 9, 'min_child_weight': 2.6687114997857075, 'subsample': 0.8958393038384959, 'colsample_bytree': 0.8699964609530974, 'reg_alpha': 0.8708026238208865, 'reg_lambda': 0.038561106815159736}
2026-09-16 11:49:06.718 | INFO     | scripts.train_dataset.pipeline:run_pipeline:85 - Fase Optuna final: 601.3s
2026-09-16 11:49:08.071 | INFO     | scripts.train_dataset.refinement:_cv_fit_and_score:227 - CV (1 folds) best_iteration: [143] -> n_estimators = 143
2026-09-16 11:49:15.603 | INFO     | scripts.train_dataset.refinement:_cv_fit_and_score:227 - CV (1 folds) best_iteration: [627] -> n_estimators = 627
2026-09-16 11:49:15.621 | WARNING  | scripts.train_dataset.refinement:fit_final_model:258 - Optuna no mejoró el default del bench en validación (regression_l2=1605.6537 tuned vs 1457.1457 default) -- se descarta el tuning, el modelo final usa hiperparámetros default.
2026-09-16 11:49:15.662 | INFO     | src.evaluation.reports:evaluate_predictions:58 - xgboost (final, bench default) [ML] | WAPE: 6.99% | WRMSSE: 0.6422  | fit: 8.91s
2026-09-16 11:49:16.866 | INFO     | scripts.train_dataset.refinement:fit_final_model:283 - Test WAPE: 4.79% | Test WRMSSE: 0.4635
2026-09-16 11:49:18.311 | INFO     | scripts.train_dataset.benchmarking:save_model_comparison:115 - Comparación de modelos guardada en /bi/workspace/Sandbox/forecast-tfm/artifacts/results
2026-09-16 11:49:18.387 | SUCCESS  | scripts.train_dataset.export:export_artifact:115 - Artifact guardado en /bi/workspace/Sandbox/forecast-tfm/artifacts/models/level_03_daily_cat_sales_artifact.pkl (modelo: xgboost)
2026-09-16 11:49:18.428 | SUCCESS  | scripts.train_dataset.export:export_artifact:125 - Versión 20260916T144918Z registrada en registry.json
2026-09-16 11:49:18.429 | INFO     | scripts.train_dataset.pipeline:run_pipeline:93 - Pipeline completo (level_03_daily_cat/sales) en 1222.9s
2026-09-16 11:49:18.654 | INFO     | src.data.dataset:load_data:58 - level_03_weekly_cat | target=sales | 834 filas | 109 features (9 categóricas)
2026-09-16 11:49:18.658 | INFO     | src.data.temporal_split:log_summary:41 - Train : 2011-01-29 to 2015-04-20 (1,549 days, 666 rows)
2026-09-16 11:49:18.658 | INFO     | src.data.temporal_split:log_summary:42 - Valid : 2015-04-27 to 2016-04-18 (364 days, 156 rows)
2026-09-16 11:49:18.658 | INFO     | src.data.temporal_split:log_summary:43 - Test  : 2016-04-25 to 2016-05-16 (22 days, 12 rows)
2026-09-16 11:49:18.877 | INFO     | src.data.dataset:split_data:119 - Features: 109 (9 categóricas)
2026-09-16 11:49:18.902 | INFO     | src.evaluation.reports:evaluate_predictions:58 - Seasonal naive (1w) [Naive] | WAPE: 11.70% | WRMSSE: 0.6936  | fit: 0.00s
2026-09-16 11:49:18.926 | INFO     | src.evaluation.reports:evaluate_predictions:58 - Seasonal naive (4w) [Naive] | WAPE: 8.58% | WRMSSE: 0.5569  | fit: 0.00s
2026-09-16 11:49:18.949 | INFO     | src.evaluation.reports:evaluate_predictions:58 - Seasonal naive (52w) [Naive] | WAPE: 9.62% | WRMSSE: 0.7241  | fit: 0.00s
2026-09-16 11:49:18.974 | INFO     | src.evaluation.reports:evaluate_predictions:58 -             Drift [Naive] | WAPE: 7.38% | WRMSSE: 0.4993  | fit: 0.01s
2026-09-16 11:49:18.995 | INFO     | src.evaluation.reports:evaluate_predictions:58 -   Historical mean [Naive] | WAPE: 18.03% | WRMSSE: 1.2471  | fit: 0.00s
2026-09-16 11:49:19.016 | INFO     | src.evaluation.reports:evaluate_predictions:58 - Moving average (2w) [Naive] | WAPE: 10.33% | WRMSSE: 0.6455  | fit: 0.00s
2026-09-16 11:49:19.035 | INFO     | src.evaluation.reports:evaluate_predictions:58 - Moving average (3w) [Naive] | WAPE: 8.66% | WRMSSE: 0.5530  | fit: 0.00s
2026-09-16 11:49:19.064 | INFO     | src.evaluation.reports:evaluate_predictions:58 - Moving average (4w) [Naive] | WAPE: 8.05% | WRMSSE: 0.5201  | fit: 0.00s
2026-09-16 11:49:19.095 | INFO     | src.evaluation.reports:evaluate_predictions:58 - Moving average (6w) [Naive] | WAPE: 9.51% | WRMSSE: 0.5983  | fit: 0.00s
2026-09-16 11:49:19.126 | INFO     | src.evaluation.reports:evaluate_predictions:58 - Moving average (8w) [Naive] | WAPE: 8.72% | WRMSSE: 0.5611  | fit: 0.00s
2026-09-16 11:49:19.126 | INFO     | scripts.train_dataset.pipeline:run_pipeline:51 - Fase naive: 0.2s
2026-09-16 11:49:30.304 | WARNING  | src.modeling.statistical:_forecast_by_series:70 - 1 serie(s) fallaron el ajuste; se usa el último valor de train como fallback.
2026-09-16 11:49:30.323 | INFO     | src.evaluation.reports:evaluate_predictions:58 -      SARIMA [Statistical] | WAPE: 7.49% | WRMSSE: 0.4686  | fit: 11.18s
2026-09-16 11:49:32.053 | INFO     | src.evaluation.reports:evaluate_predictions:58 - ETS (Holt-Winters) [Statistical] | WAPE: 5.71% | WRMSSE: 0.4080  | fit: 1.71s
2026-09-16 11:49:33.663 | INFO     | src.evaluation.reports:evaluate_predictions:58 -       Theta [Statistical] | WAPE: 6.29% | WRMSSE: 0.4548  | fit: 1.59s
2026-09-16 11:49:41.636 | INFO     | src.evaluation.reports:evaluate_predictions:58 -       TBATS [Statistical] | WAPE: 11.30% | WRMSSE: 0.7403  | fit: 7.95s
2026-09-16 11:49:41.772 | WARNING  | src.modeling.statistical:_forecast_by_series:70 - 3 serie(s) fallaron el ajuste; se usa el último valor de train como fallback.
2026-09-16 11:49:41.793 | INFO     | src.evaluation.reports:evaluate_predictions:58 -     Prophet [Statistical] | WAPE: 11.70% | WRMSSE: 0.6936  | fit: 0.14s
2026-09-16 11:49:41.793 | INFO     | scripts.train_dataset.pipeline:run_pipeline:56 - Fase estadísticos clásicos: 22.7s
2026-09-16 11:49:41.793 | INFO     | scripts.train_dataset.benchmarking:run_bench_ml:67 - Bench ML: familia 1/5 -- lightgbm
2026-09-16 11:49:41.934 | INFO     | src.evaluation.reports:evaluate_predictions:58 -     lightgbm (bench) [ML] | WAPE: 9.87% | WRMSSE: 0.7855  | fit: 0.12s
2026-09-16 11:49:41.934 | INFO     | scripts.train_dataset.benchmarking:run_bench_ml:67 - Bench ML: familia 2/5 -- xgboost
2026-09-16 11:49:42.551 | INFO     | src.evaluation.reports:evaluate_predictions:58 -      xgboost (bench) [ML] | WAPE: 7.68% | WRMSSE: 0.5779  | fit: 0.59s
2026-09-16 11:49:42.551 | INFO     | scripts.train_dataset.benchmarking:run_bench_ml:67 - Bench ML: familia 3/5 -- catboost
2026-09-16 11:49:43.225 | INFO     | src.evaluation.reports:evaluate_predictions:58 -     catboost (bench) [ML] | WAPE: 19.77% | WRMSSE: 1.1411  | fit: 0.64s
2026-09-16 11:49:43.225 | INFO     | scripts.train_dataset.benchmarking:run_bench_ml:67 - Bench ML: familia 4/5 -- histgb
2026-09-16 11:49:47.555 | INFO     | src.evaluation.reports:evaluate_predictions:58 -       histgb (bench) [ML] | WAPE: 8.41% | WRMSSE: 0.5746  | fit: 4.28s
2026-09-16 11:49:47.556 | INFO     | scripts.train_dataset.benchmarking:run_bench_ml:67 - Bench ML: familia 5/5 -- ridge
2026-09-16 11:49:47.587 | INFO     | src.evaluation.reports:evaluate_predictions:58 -        ridge (bench) [ML] | WAPE: 18.97% | WRMSSE: 1.3686  | fit: 0.01s
2026-09-16 11:49:47.587 | SUCCESS  | scripts.train_dataset.benchmarking:pick_winner:94 - Modelo ganador (bench, 4 familias tree-based comparadas): xgboost | regression_l2=10581.8771
2026-09-16 11:49:47.587 | INFO     | scripts.train_dataset.pipeline:run_pipeline:62 - Fase bench ML (5 familias, sin Optuna): 5.8s
2026-09-16 11:49:47.589 | INFO     | scripts.train_dataset.refinement:select_features:88 - Top 10 gain importance (xgboost):
te_weekend_mean                  1.143151e+11
te_cat_mean                      9.218732e+09
cat_id                           3.781035e+09
lag52                            1.944182e+09
lag4                             7.815541e+08
expanding_mean_lag13             5.382193e+08
rolling_max_lag1_window_size4    4.172520e+08
event_name_1                     4.081000e+08
te_snap_mean                     2.610161e+08
lag1                             2.091879e+08
dtype: float64
2026-09-16 11:49:48.826 | INFO     | scripts.train_dataset.refinement:select_features:95 - Top 10 permutation importance (xgboost):
te_weekend_mean         40607.910352
event_name_1            11194.182227
cat_id                  10614.124023
te_cat_mean              4922.991602
lag4                     4723.683203
lag52                    3460.102148
day                      1176.571875
lag26                    1119.268555
expanding_mean_lag13      546.819141
lag1                      374.927148
dtype: float64
2026-09-16 11:49:49.478 | INFO     | src.modeling.feature_selection:backward_feature_selection:139 - Baseline (109 features): regression_l2=10581.8771 | WRMSSE=0.5779 (informativo)
2026-09-16 11:49:49.960 | WARNING  | src.modeling.feature_selection:try_remove:174 - ELIMINADA(S) 16 features ['price_vs_max', 'lag22', 'te_item_mean', 'price_vs_mean', 'lag2', 'rolling_max_lag13_window_size13', 'rolling_std_lag4_window_size26', 'pct_zero_90', 'rolling_max_lag52_window_size13', 'rolling_min_lag4_window_size4', 'rolling_std_lag13_window_size13', 'rolling_min_lag13_window_size13', 'rolling_min_lag52_window_size4', 'doy_sin', 'rolling_min_lag4_window_size13', 'te_item_std'] -> 93 features | regression_l2=10649.2862 | WRMSSE=0.6059
2026-09-16 11:49:50.731 | WARNING  | src.modeling.feature_selection:try_remove:174 - ELIMINADA(S) 16 features ['cv2_90', 'rolling_max_lag1_window_size13', 'month_cos', 'days_since_thanksgiving', 'rolling_mean_lag13_window_size13', 'event_type_1', 'days_since_event', 'month', 'rolling_mean_lag52_window_size4', 'days_to_event', 'rolling_min_lag52_window_size13', 'days_to_closure', 'rolling_max_lag4_window_size4', 'te_dept_mean', 'rolling_mean_lag4_window_size26', 'rolling_std_lag1_window_size13'] -> 77 features | regression_l2=9361.8334 | WRMSSE=0.4056
2026-09-16 11:49:52.973 | WARNING  | src.modeling.feature_selection:try_remove:174 - ELIMINADA(S) 'is_likely_stockout' -> 76 features | regression_l2=9361.8334 | WRMSSE=0.4056
2026-09-16 11:49:53.798 | WARNING  | src.modeling.feature_selection:try_remove:174 - ELIMINADA(S) 'zero_streak' -> 75 features | regression_l2=9361.8334 | WRMSSE=0.4056
2026-09-16 11:49:54.605 | WARNING  | src.modeling.feature_selection:try_remove:174 - ELIMINADA(S) 'pct_zero_28' -> 74 features | regression_l2=9361.8334 | WRMSSE=0.4056
2026-09-16 11:49:57.128 | WARNING  | src.modeling.feature_selection:try_remove:174 - ELIMINADA(S) 'days_to_newyear' -> 73 features | regression_l2=9153.6096 | WRMSSE=0.4158
2026-09-16 11:49:59.675 | WARNING  | src.modeling.feature_selection:try_remove:174 - ELIMINADA(S) 'event_type_2_enc' -> 72 features | regression_l2=9153.6096 | WRMSSE=0.4158
2026-09-16 11:50:05.273 | WARNING  | src.modeling.feature_selection:try_remove:174 - ELIMINADA(S) 'is_store_closed' -> 71 features | regression_l2=9153.6096 | WRMSSE=0.4158
2026-09-16 11:50:08.718 | WARNING  | src.modeling.feature_selection:try_remove:174 - ELIMINADA(S) 'is_weekend' -> 70 features | regression_l2=9153.6096 | WRMSSE=0.4158
2026-09-16 11:50:11.475 | WARNING  | src.modeling.feature_selection:try_remove:174 - ELIMINADA(S) 'event_type_1_enc' -> 69 features | regression_l2=9153.6096 | WRMSSE=0.4158
2026-09-16 11:50:14.212 | WARNING  | src.modeling.feature_selection:try_remove:174 - ELIMINADA(S) 'is_month_start' -> 68 features | regression_l2=9153.6096 | WRMSSE=0.4158
2026-09-16 11:50:16.871 | WARNING  | src.modeling.feature_selection:try_remove:174 - ELIMINADA(S) 'event_name_2' -> 67 features | regression_l2=9153.6096 | WRMSSE=0.4158
2026-09-16 11:50:19.374 | WARNING  | src.modeling.feature_selection:try_remove:174 - ELIMINADA(S) 'state_id' -> 66 features | regression_l2=9153.6096 | WRMSSE=0.4158
2026-09-16 11:50:22.498 | WARNING  | src.modeling.feature_selection:try_remove:174 - ELIMINADA(S) 'days_since_price_change' -> 65 features | regression_l2=9153.6096 | WRMSSE=0.4158
2026-09-16 11:50:25.409 | WARNING  | src.modeling.feature_selection:try_remove:174 - ELIMINADA(S) 'dow_cos' -> 64 features | regression_l2=9153.6096 | WRMSSE=0.4158
2026-09-16 11:50:28.520 | WARNING  | src.modeling.feature_selection:try_remove:174 - ELIMINADA(S) 'quarter' -> 63 features | regression_l2=9153.9172 | WRMSSE=0.4160
2026-09-16 11:50:31.276 | WARNING  | src.modeling.feature_selection:try_remove:174 - ELIMINADA(S) 'dow_sin' -> 62 features | regression_l2=9153.9172 | WRMSSE=0.4160
2026-09-16 11:50:33.663 | WARNING  | src.modeling.feature_selection:try_remove:174 - ELIMINADA(S) 'dayofweek' -> 61 features | regression_l2=9153.9172 | WRMSSE=0.4160
2026-09-16 11:50:36.141 | WARNING  | src.modeling.feature_selection:try_remove:174 - ELIMINADA(S) 'year' -> 60 features | regression_l2=9160.4533 | WRMSSE=0.4162
2026-09-16 11:50:38.609 | WARNING  | src.modeling.feature_selection:try_remove:174 - ELIMINADA(S) 'store_id' -> 59 features | regression_l2=9160.4533 | WRMSSE=0.4162
2026-09-16 11:50:41.082 | WARNING  | src.modeling.feature_selection:try_remove:174 - ELIMINADA(S) 'item_id' -> 58 features | regression_l2=9160.4533 | WRMSSE=0.4162
2026-09-16 11:50:43.691 | WARNING  | src.modeling.feature_selection:try_remove:174 - ELIMINADA(S) 'snap' -> 57 features | regression_l2=9160.4533 | WRMSSE=0.4162
2026-09-16 11:50:46.182 | WARNING  | src.modeling.feature_selection:try_remove:174 - ELIMINADA(S) 'has_event_2' -> 56 features | regression_l2=9160.4533 | WRMSSE=0.4162
2026-09-16 11:50:49.221 | WARNING  | src.modeling.feature_selection:try_remove:174 - ELIMINADA(S) 'dept_id' -> 55 features | regression_l2=9160.4533 | WRMSSE=0.4162
2026-09-16 11:50:50.620 | WARNING  | src.modeling.feature_selection:try_remove:174 - ELIMINADA(S) 'event_type_2' -> 54 features | regression_l2=9254.5123 | WRMSSE=0.4173
2026-09-16 11:50:52.329 | WARNING  | src.modeling.feature_selection:try_remove:174 - ELIMINADA(S) 16 features ['weekofyear', 'days_since_newyear', 'te_snap_mean', 'adi_expanding', 'momentum_lag4_4_13', 'rolling_mean_lag1_window_size13', 'rolling_std_lag52_window_size13', 'rolling_max_lag4_window_size26', 'rolling_std_lag4_window_size13', 'days_to_thanksgiving', 'price_lag_1', 'rolling_mean_lag13_window_size26', 'rolling_mean_lag1_window_size4', 'doy_cos', 'price_volatility', 'is_month_end'] -> 38 features | regression_l2=9221.9239 | WRMSSE=0.4654
2026-09-16 11:50:53.669 | WARNING  | src.modeling.feature_selection:try_remove:174 - ELIMINADA(S) 'rolling_std_lag4_window_size4' -> 37 features | regression_l2=8601.4710 | WRMSSE=0.4582
2026-09-16 11:50:54.205 | WARNING  | src.modeling.feature_selection:try_remove:174 - ELIMINADA(S) 'rolling_max_lag52_window_size4' -> 36 features | regression_l2=8646.7072 | WRMSSE=0.4518
2026-09-16 11:50:54.715 | WARNING  | src.modeling.feature_selection:try_remove:174 - ELIMINADA(S) 'rolling_std_lag1_window_size4' -> 35 features | regression_l2=8697.1260 | WRMSSE=0.4694
2026-09-16 11:50:55.135 | WARNING  | src.modeling.feature_selection:try_remove:174 - ELIMINADA(S) 'rolling_mean_lag52_window_size13' -> 34 features | regression_l2=8112.4143 | WRMSSE=0.4392
2026-09-16 11:51:13.968 | INFO     | src.modeling.feature_selection:backward_feature_selection:204 - Seleccionadas 34/109 features | regression_l2 final: 8112.4143 | WRMSSE final: 0.4392
2026-09-16 11:51:13.969 | INFO     | scripts.train_dataset.refinement:select_features:119 - Features descartadas (75): ['adi_expanding', 'cv2_90', 'dayofweek', 'days_since_event', 'days_since_newyear', 'days_since_price_change', 'days_since_thanksgiving', 'days_to_closure', 'days_to_event', 'days_to_newyear', 'days_to_thanksgiving', 'dept_id', 'dow_cos', 'dow_sin', 'doy_cos', 'doy_sin', 'event_name_2', 'event_type_1', 'event_type_1_enc', 'event_type_2', 'event_type_2_enc', 'has_event_2', 'is_likely_stockout', 'is_month_end', 'is_month_start', 'is_store_closed', 'is_weekend', 'item_id', 'lag2', 'lag22', 'momentum_lag4_4_13', 'month', 'month_cos', 'pct_zero_28', 'pct_zero_90', 'price_lag_1', 'price_volatility', 'price_vs_max', 'price_vs_mean', 'quarter', 'rolling_max_lag13_window_size13', 'rolling_max_lag1_window_size13', 'rolling_max_lag4_window_size26', 'rolling_max_lag4_window_size4', 'rolling_max_lag52_window_size13', 'rolling_max_lag52_window_size4', 'rolling_mean_lag13_window_size13', 'rolling_mean_lag13_window_size26', 'rolling_mean_lag1_window_size13', 'rolling_mean_lag1_window_size4', 'rolling_mean_lag4_window_size26', 'rolling_mean_lag52_window_size13', 'rolling_mean_lag52_window_size4', 'rolling_min_lag13_window_size13', 'rolling_min_lag4_window_size13', 'rolling_min_lag4_window_size4', 'rolling_min_lag52_window_size13', 'rolling_min_lag52_window_size4', 'rolling_std_lag13_window_size13', 'rolling_std_lag1_window_size13', 'rolling_std_lag1_window_size4', 'rolling_std_lag4_window_size13', 'rolling_std_lag4_window_size26', 'rolling_std_lag4_window_size4', 'rolling_std_lag52_window_size13', 'snap', 'state_id', 'store_id', 'te_dept_mean', 'te_item_mean', 'te_item_std', 'te_snap_mean', 'weekofyear', 'year', 'zero_streak']
2026-09-16 11:51:13.976 | INFO     | scripts.train_dataset.refinement:select_features:132 - Features finales: 34 (2 categóricas) | regression_l2=8112.4143 | WRMSSE=0.4392 (informativo)
2026-09-16 11:51:13.977 | INFO     | scripts.train_dataset.pipeline:run_pipeline:74 - Fase selección de features: 86.4s
2026-09-16 11:51:15.002 | INFO     | src.evaluation.reports:evaluate_predictions:58 - xgboost (bench, selected features) [ML] | WAPE: 5.80% | WRMSSE: 0.4381  | fit: 1.00s
2026-09-16 11:51:16.065 | INFO     | scripts.train_dataset.refinement:run_shap:190 - SHAP (xgboost): feature más importante = te_weekend_mean | plots guardados en /bi/workspace/Sandbox/forecast-tfm/artifacts/plots
2026-09-16 11:51:16.066 | INFO     | scripts.train_dataset.pipeline:run_pipeline:79 - Fase SHAP: 2.1s
2026-09-16 11:51:16.099 | INFO     | scripts.train_dataset.refinement:tune_optuna_family:60 - [xgboost] Optuna arrancando: hasta 300 trials (timeout 600s) -- study 'study_level_03_weekly_cat_sales_final_xgboost'
