2026-09-07 22:10:46.831 | INFO     | __main__:main:721 - Perfil de entrenamiento: efficient
2026-09-07 22:10:46.961 | INFO     | src.data.split:load_data:364 - level_01_daily_total | target=sales | 1,941 filas | 191 features (9 categóricas)
2026-09-07 22:10:46.972 | INFO     | src.data.split:log_summary:48 - Train : 2011-01-29 to 2015-04-26 (1,549 days, 1,549 rows)
2026-09-07 22:10:46.973 | INFO     | src.data.split:log_summary:49 - Valid : 2015-04-27 to 2016-04-24 (364 days, 364 rows)
2026-09-07 22:10:46.973 | INFO     | src.data.split:log_summary:50 - Test  : 2016-04-25 to 2016-05-22 (28 days, 28 rows)
2026-09-07 22:10:47.200 | INFO     | src.data.split:split_data:447 - Features: 191 (9 categóricas)
2026-09-07 22:10:47.237 | INFO     | src.evaluation.reports:evaluate_predictions:58 - Seasonal naive (1d) [Naive] | WAPE: 16.71% | WRMSSE: 1.3011  | fit: 0.01s
2026-09-07 22:10:47.271 | INFO     | src.evaluation.reports:evaluate_predictions:58 - Seasonal naive (7d) [Naive] | WAPE: 12.32% | WRMSSE: 1.0032  | fit: 0.01s
2026-09-07 22:10:47.306 | INFO     | src.evaluation.reports:evaluate_predictions:58 - Seasonal naive (28d) [Naive] | WAPE: 10.65% | WRMSSE: 0.8999  | fit: 0.01s
2026-09-07 22:10:47.339 | INFO     | src.evaluation.reports:evaluate_predictions:58 - Seasonal naive (364d) [Naive] | WAPE: 9.99% | WRMSSE: 0.8860  | fit: 0.01s
2026-09-07 22:10:47.377 | INFO     | src.evaluation.reports:evaluate_predictions:58 -             Drift [Naive] | WAPE: 18.13% | WRMSSE: 1.4182  | fit: 0.01s
2026-09-07 22:10:47.407 | INFO     | src.evaluation.reports:evaluate_predictions:58 -   Historical mean [Naive] | WAPE: 17.35% | WRMSSE: 1.5712  | fit: 0.00s
2026-09-07 22:10:47.437 | INFO     | src.evaluation.reports:evaluate_predictions:58 - Moving average (7d) [Naive] | WAPE: 14.41% | WRMSSE: 1.3504  | fit: 0.00s
2026-09-07 22:10:47.467 | INFO     | src.evaluation.reports:evaluate_predictions:58 - Moving average (14d) [Naive] | WAPE: 13.81% | WRMSSE: 1.2940  | fit: 0.00s
2026-09-07 22:10:47.496 | INFO     | src.evaluation.reports:evaluate_predictions:58 - Moving average (21d) [Naive] | WAPE: 13.18% | WRMSSE: 1.2238  | fit: 0.00s
2026-09-07 22:10:47.525 | INFO     | src.evaluation.reports:evaluate_predictions:58 - Moving average (28d) [Naive] | WAPE: 13.00% | WRMSSE: 1.1991  | fit: 0.00s
2026-09-07 22:10:47.554 | INFO     | src.evaluation.reports:evaluate_predictions:58 - Moving average (35d) [Naive] | WAPE: 13.32% | WRMSSE: 1.2419  | fit: 0.00s
2026-09-07 22:10:47.555 | INFO     | __main__:run_pipeline:652 - Fase naive: 0.4s
2026-09-07 22:10:53.450 | INFO     | src.evaluation.reports:evaluate_predictions:58 -      SARIMA [Statistical] | WAPE: 13.00% | WRMSSE: 1.0594  | fit: 5.86s
2026-09-07 22:10:57.040 | INFO     | src.evaluation.reports:evaluate_predictions:58 - ETS (Holt-Winters) [Statistical] | WAPE: 9.39% | WRMSSE: 0.8179  | fit: 3.54s
2026-09-07 22:11:00.552 | INFO     | src.evaluation.reports:evaluate_predictions:58 -       Theta [Statistical] | WAPE: 9.31% | WRMSSE: 0.8198  | fit: 3.47s
2026-09-07 22:11:21.934 | INFO     | src.evaluation.reports:evaluate_predictions:58 -       TBATS [Statistical] | WAPE: 10.57% | WRMSSE: 0.9065  | fit: 21.31s
2026-09-07 22:11:23.622 | INFO     | src.evaluation.reports:evaluate_predictions:58 -     Prophet [Statistical] | WAPE: 11.10% | WRMSSE: 0.9237  | fit: 1.63s
2026-09-07 22:11:23.623 | INFO     | __main__:run_pipeline:657 - Fase estadísticos clásicos: 36.1s
2026-09-07 22:11:23.623 | INFO     | __main__:run_bench_ml:342 - Bench ML: familia 1/5 -- lightgbm
2026-09-07 22:11:25.184 | INFO     | __main__:tune_optuna_family:311 - [lightgbm] Optuna arrancando: hasta 30 trials (timeout 60s) -- study 'study_level_01_daily_total_sales_bench_lightgbm'
2026-09-07 22:12:25.569 | INFO     | __main__:tune_optuna_family:321 - [lightgbm] Optuna terminó -- elige hiperparámetros por regression_l2 (no por WRMSSE): mejor regression_l2 = 2698.3868 | WRMSSE de ESE trial: 0.4564 (solo referencia, puede no ser el mínimo posible; el WRMSSE definitivo se reporta abajo, tras reentrenar con estos hiperparámetros)
2026-09-07 22:12:25.572 | INFO     | __main__:tune_optuna_family:327 - [lightgbm] Mejores hiperparámetros: {'learning_rate': 0.08934606998787355, 'num_leaves': 166, 'max_depth': 7, 'min_child_samples': 151, 'subsample': 0.8184933478872705, 'colsample_bytree': 0.9940991321290527, 'reg_alpha': 0.002801676626253264, 'reg_lambda': 2.216597061229316}
2026-09-07 22:12:26.023 | INFO     | src.evaluation.reports:evaluate_predictions:58 - lightgbm (Optuna bench) [ML] | WAPE: 7.76% | WRMSSE: 0.7101  | fit: 62.36s
2026-09-07 22:12:26.024 | INFO     | __main__:run_bench_ml:342 - Bench ML: familia 2/5 -- xgboost
2026-09-07 22:12:26.065 | INFO     | __main__:tune_optuna_family:311 - [xgboost] Optuna arrancando: hasta 30 trials (timeout 60s) -- study 'study_level_01_daily_total_sales_bench_xgboost'
2026-09-07 22:13:42.243 | INFO     | __main__:tune_optuna_family:321 - [xgboost] Optuna terminó -- elige hiperparámetros por regression_l2 (no por WRMSSE): mejor regression_l2 = 1870.1728 | WRMSSE de ESE trial: 0.3163 (solo referencia, puede no ser el mínimo posible; el WRMSSE definitivo se reporta abajo, tras reentrenar con estos hiperparámetros)
2026-09-07 22:13:42.246 | INFO     | __main__:tune_optuna_family:327 - [xgboost] Mejores hiperparámetros: {'learning_rate': 0.10625380423427773, 'max_depth': 8, 'min_child_weight': 2.376255377542198, 'subsample': 0.6697785732878745, 'colsample_bytree': 0.7136493427162601, 'reg_alpha': 0.04322384631704491, 'reg_lambda': 0.011973567850443873}
2026-09-07 22:14:11.695 | INFO     | src.evaluation.reports:evaluate_predictions:58 - xgboost (Optuna bench) [ML] | WAPE: 6.10% | WRMSSE: 0.5725  | fit: 105.62s
2026-09-07 22:14:11.695 | INFO     | __main__:run_bench_ml:342 - Bench ML: familia 3/5 -- catboost
2026-09-07 22:14:11.737 | INFO     | __main__:tune_optuna_family:311 - [catboost] Optuna arrancando: hasta 30 trials (timeout 60s) -- study 'study_level_01_daily_total_sales_bench_catboost'
2026-09-07 22:15:06.602 | INFO     | __main__:tune_optuna_family:321 - [catboost] Optuna terminó -- elige hiperparámetros por regression_l2 (no por WRMSSE): mejor regression_l2 = 5349.0949 | WRMSSE de ESE trial: 0.9047 (solo referencia, puede no ser el mínimo posible; el WRMSSE definitivo se reporta abajo, tras reentrenar con estos hiperparámetros)
2026-09-07 22:15:06.604 | INFO     | __main__:tune_optuna_family:327 - [catboost] Mejores hiperparámetros: {'learning_rate': 0.14478086761631703, 'depth': 4, 'l2_leaf_reg': 2.0444908868342817}
2026-09-07 22:15:07.299 | INFO     | src.evaluation.reports:evaluate_predictions:58 - catboost (Optuna bench) [ML] | WAPE: 13.07% | WRMSSE: 1.1107  | fit: 55.56s
2026-09-07 22:15:07.299 | INFO     | __main__:run_bench_ml:342 - Bench ML: familia 4/5 -- histgb
2026-09-07 22:15:07.354 | INFO     | __main__:tune_optuna_family:311 - [histgb] Optuna arrancando: hasta 30 trials (timeout 60s) -- study 'study_level_01_daily_total_sales_bench_histgb'
2026-09-07 22:16:13.306 | INFO     | __main__:tune_optuna_family:321 - [histgb] Optuna terminó -- elige hiperparámetros por regression_l2 (no por WRMSSE): mejor regression_l2 = 2300.9837 | WRMSSE de ESE trial: 0.3892 (solo referencia, puede no ser el mínimo posible; el WRMSSE definitivo se reporta abajo, tras reentrenar con estos hiperparámetros)
2026-09-07 22:16:13.308 | INFO     | __main__:tune_optuna_family:327 - [histgb] Mejores hiperparámetros: {'learning_rate': 0.07283418332127417, 'max_leaf_nodes': 201, 'max_depth': 15, 'min_samples_leaf': 26, 'l2_regularization': 0.5274553127914451}
2026-09-07 22:16:24.673 | INFO     | src.evaluation.reports:evaluate_predictions:58 - histgb (Optuna bench) [ML] | WAPE: 6.67% | WRMSSE: 0.6299  | fit: 77.32s
2026-09-07 22:16:24.673 | INFO     | __main__:run_bench_ml:342 - Bench ML: familia 5/5 -- ridge
2026-09-07 22:16:24.876 | INFO     | __main__:tune_optuna_family:311 - [ridge] Optuna arrancando: hasta 30 trials (timeout 60s) -- study 'study_level_01_daily_total_sales_bench_ridge'
2026-09-07 22:16:31.686 | INFO     | __main__:tune_optuna_family:321 - [ridge] Optuna terminó -- elige hiperparámetros por regression_l2 (no por WRMSSE): mejor regression_l2 = 4024.2338 | WRMSSE de ESE trial: 0.6806 (solo referencia, puede no ser el mínimo posible; el WRMSSE definitivo se reporta abajo, tras reentrenar con estos hiperparámetros)
2026-09-07 22:16:31.688 | INFO     | __main__:tune_optuna_family:327 - [ridge] Mejores hiperparámetros: {'alpha': 8.125230296965974}
2026-09-07 22:16:31.773 | INFO     | src.evaluation.reports:evaluate_predictions:58 - ridge (Optuna bench) [ML] | WAPE: 8.93% | WRMSSE: 0.8165  | fit: 7.06s
2026-09-07 22:16:31.773 | SUCCESS  | __main__:pick_winner:369 - Modelo ganador (bench, 4 familias tree-based comparadas): xgboost | regression_l2=3275.6972
2026-09-07 22:16:31.773 | INFO     | __main__:run_pipeline:663 - Fase bench ML (Optuna corto, 5 familias): 308.2s
2026-09-07 22:16:31.777 | INFO     | __main__:select_features:400 - Top 10 gain importance (xgboost):
lag28                              294427936.0
te_weekend_mean                    141525808.0
lag364                              70710712.0
lag91                               41080948.0
lag7                                33307444.0
is_weekend                          29210352.0
dayofweek                           24892214.0
rolling_min_lag1_window_size7       24065470.0
lag182                              15034739.0
rolling_min_lag91_window_size28     13055806.0
dtype: float64
2026-09-07 22:16:52.914 | INFO     | __main__:select_features:407 - Top 10 permutation importance (xgboost):
te_weekend_mean               1035.006396
lag28                          966.138525
event_name_1                   304.178613
lag364                         278.946924
day                            226.075684
dayofweek                      135.978955
lag182                         134.984717
lag7                            69.319629
lag21                           45.152588
seasonal_mean_lag364_364_2      44.754834
dtype: float64
2026-09-07 22:17:00.139 | INFO     | src.modeling.feature_selection:backward_feature_selection:139 - Baseline (191 features): regression_l2=3275.6972 | WRMSSE=0.5725 (informativo)
2026-09-07 22:17:07.947 | WARNING  | src.modeling.feature_selection:try_remove:162 - ELIMINADA(S) 8 features ['days_to_thanksgiving', 'lag56', 'seasonal_mean_lag364_7_8', 'price_vs_max', 'rolling_max_lag364_window_size28', 'lag42', 'lag16', 'lag15'] -> 183 features | regression_l2=2972.9463 | WRMSSE=0.5196
2026-09-07 22:18:19.286 | WARNING  | src.modeling.feature_selection:try_remove:162 - ELIMINADA(S) 'lag8' -> 182 features | regression_l2=2809.5862 | WRMSSE=0.4911
2026-09-07 22:18:56.069 | WARNING  | src.modeling.feature_selection:try_remove:162 - ELIMINADA(S) 8 features ['lag3', 'lag35', 'rolling_min_lag7_window_size7', 'days_since_event', 'lag11', 'te_dept_mean', 'rolling_max_lag6_window_size14', 'lag10'] -> 174 features | regression_l2=2789.7108 | WRMSSE=0.4876
2026-09-07 22:19:49.588 | WARNING  | src.modeling.feature_selection:try_remove:162 - ELIMINADA(S) 'te_event_mean' -> 173 features | regression_l2=2778.7296 | WRMSSE=0.4857
2026-09-07 22:25:35.338 | WARNING  | src.modeling.feature_selection:try_remove:162 - ELIMINADA(S) 'te_cat_std' -> 172 features | regression_l2=2761.7254 | WRMSSE=0.4827
2026-09-07 23:25:24.112 | INFO     | src.modeling.feature_selection:backward_feature_selection:189 - Seleccionadas 172/191 features | regression_l2 final: 2761.7254 | WRMSSE final: 0.4827
2026-09-07 23:25:24.114 | INFO     | __main__:select_features:426 - Features descartadas (19): ['days_since_event', 'days_to_thanksgiving', 'lag10', 'lag11', 'lag15', 'lag16', 'lag3', 'lag35', 'lag42', 'lag56', 'lag8', 'price_vs_max', 'rolling_max_lag364_window_size28', 'rolling_max_lag6_window_size14', 'rolling_min_lag7_window_size7', 'seasonal_mean_lag364_7_8', 'te_cat_std', 'te_dept_mean', 'te_event_mean']
2026-09-07 23:25:24.127 | INFO     | __main__:select_features:439 - Features finales: 172 (9 categóricas) | regression_l2=2761.7254 | WRMSSE=0.4827 (informativo)
2026-09-07 23:25:24.127 | INFO     | __main__:run_pipeline:674 - Fase selección de features: 4132.4s
2026-09-07 23:25:44.546 | INFO     | src.evaluation.reports:evaluate_predictions:58 - xgboost (Optuna bench, selected features) [ML] | WAPE: 5.11% | WRMSSE: 0.4827  | fit: 20.10s
2026-09-07 23:25:46.405 | INFO     | __main__:run_shap:485 - SHAP (xgboost): feature más importante = lag28 | plots guardados en /home/njimenez/workspace/magister/forecast-tfm/artifacts/plots
2026-09-07 23:25:46.406 | INFO     | __main__:run_pipeline:679 - Fase SHAP: 22.3s
2026-09-07 23:25:46.448 | INFO     | __main__:tune_optuna_family:311 - [xgboost] Optuna arrancando: hasta 100 trials (timeout 120s) -- study 'study_level_01_daily_total_sales_final_xgboost'
2026-09-07 23:27:47.873 | INFO     | __main__:tune_optuna_family:321 - [xgboost] Optuna terminó -- elige hiperparámetros por regression_l2 (no por WRMSSE): mejor regression_l2 = 1813.8294 | WRMSSE de ESE trial: 0.3068 (solo referencia, puede no ser el mínimo posible; el WRMSSE definitivo se reporta abajo, tras reentrenar con estos hiperparámetros)
2026-09-07 23:27:47.875 | INFO     | __main__:tune_optuna_family:327 - [xgboost] Mejores hiperparámetros: {'learning_rate': 0.039075837549779946, 'max_depth': 6, 'min_child_weight': 8.457608590989523, 'subsample': 0.7854538173893787, 'colsample_bytree': 0.7936966254184882, 'reg_alpha': 0.07608897692373096, 'reg_lambda': 0.04109864374779275}
2026-09-07 23:27:47.878 | INFO     | __main__:run_pipeline:685 - Fase Optuna final: 121.5s
2026-09-07 23:28:07.944 | INFO     | __main__:fit_final_model:534 - CV (1 folds) best_iteration: [480] -> n_estimators final = 480
2026-09-07 23:28:08.066 | INFO     | src.evaluation.reports:evaluate_predictions:58 - xgboost (final, Optuna) [ML] | WAPE: 5.48% | WRMSSE: 0.5277  | fit: 20.13s
2026-09-07 23:28:31.272 | INFO     | __main__:fit_final_model:555 - Test WAPE: 6.82% | Test WRMSSE: 0.6706
2026-09-07 23:28:33.431 | INFO     | __main__:save_model_comparison:390 - Comparación de modelos guardada en /home/njimenez/workspace/magister/forecast-tfm/artifacts/results
2026-09-07 23:28:34.340 | SUCCESS  | __main__:export_artifact:629 - Artifact guardado en /home/njimenez/workspace/magister/forecast-tfm/artifacts/models/level_01_daily_total_sales_artifact.pkl (modelo: xgboost)
2026-09-07 23:28:34.774 | SUCCESS  | __main__:export_artifact:639 - Versión 20260908T022834Z registrada en registry.json
2026-09-07 23:28:34.777 | INFO     | __main__:run_pipeline:693 - Pipeline completo (level_01_daily_total/sales) en 4667.9s
2026-09-07 23:28:35.057 | INFO     | src.data.split:load_data:364 - level_01_weekly_total | target=sales | 278 filas | 109 features (9 categóricas)
2026-09-07 23:28:35.064 | INFO     | src.data.split:log_summary:48 - Train : 2011-01-29 to 2015-04-20 (1,549 days, 222 rows)
2026-09-07 23:28:35.064 | INFO     | src.data.split:log_summary:49 - Valid : 2015-04-27 to 2016-04-18 (364 days, 52 rows)
2026-09-07 23:28:35.065 | INFO     | src.data.split:log_summary:50 - Test  : 2016-04-25 to 2016-05-16 (22 days, 4 rows)
2026-09-07 23:28:35.423 | INFO     | src.data.split:split_data:447 - Features: 109 (9 categóricas)
2026-09-07 23:28:35.470 | INFO     | src.evaluation.reports:evaluate_predictions:58 - Seasonal naive (1w) [Naive] | WAPE: 11.50% | WRMSSE: 1.7194  | fit: 0.01s
2026-09-07 23:28:35.515 | INFO     | src.evaluation.reports:evaluate_predictions:58 - Seasonal naive (4w) [Naive] | WAPE: 8.22% | WRMSSE: 1.3158  | fit: 0.01s
2026-09-07 23:28:35.556 | INFO     | src.evaluation.reports:evaluate_predictions:58 - Seasonal naive (52w) [Naive] | WAPE: 8.75% | WRMSSE: 1.3120  | fit: 0.01s
2026-09-07 23:28:35.600 | INFO     | src.evaluation.reports:evaluate_predictions:58 -             Drift [Naive] | WAPE: 5.75% | WRMSSE: 0.9778  | fit: 0.01s
2026-09-07 23:28:35.640 | INFO     | src.evaluation.reports:evaluate_predictions:58 -   Historical mean [Naive] | WAPE: 16.30% | WRMSSE: 2.3516  | fit: 0.00s
2026-09-07 23:28:35.686 | INFO     | src.evaluation.reports:evaluate_predictions:58 - Moving average (2w) [Naive] | WAPE: 10.22% | WRMSSE: 1.5498  | fit: 0.01s
2026-09-07 23:28:35.728 | INFO     | src.evaluation.reports:evaluate_predictions:58 - Moving average (3w) [Naive] | WAPE: 8.42% | WRMSSE: 1.3220  | fit: 0.00s
2026-09-07 23:28:35.771 | INFO     | src.evaluation.reports:evaluate_predictions:58 - Moving average (4w) [Naive] | WAPE: 7.73% | WRMSSE: 1.2362  | fit: 0.00s
2026-09-07 23:28:35.814 | INFO     | src.evaluation.reports:evaluate_predictions:58 - Moving average (6w) [Naive] | WAPE: 9.35% | WRMSSE: 1.4399  | fit: 0.00s
2026-09-07 23:28:35.855 | INFO     | src.evaluation.reports:evaluate_predictions:58 - Moving average (8w) [Naive] | WAPE: 8.51% | WRMSSE: 1.3326  | fit: 0.00s
2026-09-07 23:28:35.856 | INFO     | __main__:run_pipeline:652 - Fase naive: 0.4s
2026-09-07 23:28:40.617 | INFO     | src.evaluation.reports:evaluate_predictions:58 -      SARIMA [Statistical] | WAPE: 7.42% | WRMSSE: 1.1515  | fit: 4.73s
2026-09-07 23:28:44.018 | INFO     | src.evaluation.reports:evaluate_predictions:58 - ETS (Holt-Winters) [Statistical] | WAPE: 4.17% | WRMSSE: 0.7129  | fit: 3.37s
2026-09-07 23:28:47.474 | INFO     | src.evaluation.reports:evaluate_predictions:58 -       Theta [Statistical] | WAPE: 7.78% | WRMSSE: 1.2295  | fit: 3.42s
2026-09-07 23:29:02.409 | INFO     | src.evaluation.reports:evaluate_predictions:58 -       TBATS [Statistical] | WAPE: 6.37% | WRMSSE: 0.9923  | fit: 14.90s
2026-09-07 23:29:02.805 | INFO     | src.evaluation.reports:evaluate_predictions:58 -     Prophet [Statistical] | WAPE: 8.97% | WRMSSE: 1.3578  | fit: 0.36s
2026-09-07 23:29:02.806 | INFO     | __main__:run_pipeline:657 - Fase estadísticos clásicos: 26.9s
2026-09-07 23:29:02.806 | INFO     | __main__:run_bench_ml:342 - Bench ML: familia 1/5 -- lightgbm
2026-09-07 23:29:02.876 | INFO     | __main__:tune_optuna_family:311 - [lightgbm] Optuna arrancando: hasta 30 trials (timeout 60s) -- study 'study_level_01_weekly_total_sales_bench_lightgbm'
2026-09-07 23:29:19.618 | INFO     | __main__:tune_optuna_family:321 - [lightgbm] Optuna terminó -- elige hiperparámetros por regression_l2 (no por WRMSSE): mejor regression_l2 = 24012.4942 | WRMSSE de ESE trial: 1.1707 (solo referencia, puede no ser el mínimo posible; el WRMSSE definitivo se reporta abajo, tras reentrenar con estos hiperparámetros)
2026-09-07 23:29:19.621 | INFO     | __main__:tune_optuna_family:327 - [lightgbm] Mejores hiperparámetros: {'learning_rate': 0.1138673200239654, 'num_leaves': 97, 'max_depth': 9, 'min_child_samples': 37, 'subsample': 0.8594759021498314, 'colsample_bytree': 0.7559702553281903, 'reg_alpha': 0.586095610633953, 'reg_lambda': 0.02300569551775702}
2026-09-07 23:29:19.728 | INFO     | src.evaluation.reports:evaluate_predictions:58 - lightgbm (Optuna bench) [ML] | WAPE: 8.26% | WRMSSE: 1.2393  | fit: 16.89s
2026-09-07 23:29:19.729 | INFO     | __main__:run_bench_ml:342 - Bench ML: familia 2/5 -- xgboost
2026-09-07 23:29:19.806 | INFO     | __main__:tune_optuna_family:311 - [xgboost] Optuna arrancando: hasta 30 trials (timeout 60s) -- study 'study_level_01_weekly_total_sales_bench_xgboost'
2026-09-07 23:30:21.061 | INFO     | __main__:tune_optuna_family:321 - [xgboost] Optuna terminó -- elige hiperparámetros por regression_l2 (no por WRMSSE): mejor regression_l2 = 20184.5128 | WRMSSE de ESE trial: 0.9841 (solo referencia, puede no ser el mínimo posible; el WRMSSE definitivo se reporta abajo, tras reentrenar con estos hiperparámetros)
2026-09-07 23:30:21.068 | INFO     | __main__:tune_optuna_family:327 - [xgboost] Mejores hiperparámetros: {'learning_rate': 0.10726467353487336, 'max_depth': 6, 'min_child_weight': 3.658061844657051, 'subsample': 0.8157480589903932, 'colsample_bytree': 0.779892586811849, 'reg_alpha': 1.951865805118269, 'reg_lambda': 0.0012917759416186515}
2026-09-07 23:30:21.892 | INFO     | src.evaluation.reports:evaluate_predictions:58 - xgboost (Optuna bench) [ML] | WAPE: 6.39% | WRMSSE: 0.9841  | fit: 62.12s
2026-09-07 23:30:21.892 | INFO     | __main__:run_bench_ml:342 - Bench ML: familia 3/5 -- catboost
2026-09-07 23:30:21.949 | INFO     | __main__:tune_optuna_family:311 - [catboost] Optuna arrancando: hasta 30 trials (timeout 60s) -- study 'study_level_01_weekly_total_sales_bench_catboost'
2026-09-07 23:31:25.862 | INFO     | __main__:tune_optuna_family:321 - [catboost] Optuna terminó -- elige hiperparámetros por regression_l2 (no por WRMSSE): mejor regression_l2 = 27616.1737 | WRMSSE de ESE trial: 1.3464 (solo referencia, puede no ser el mínimo posible; el WRMSSE definitivo se reporta abajo, tras reentrenar con estos hiperparámetros)
2026-09-07 23:31:25.866 | INFO     | __main__:tune_optuna_family:327 - [catboost] Mejores hiperparámetros: {'learning_rate': 0.11454435497690606, 'depth': 5, 'l2_leaf_reg': 1.5199348301309807}
2026-09-07 23:31:26.805 | INFO     | src.evaluation.reports:evaluate_predictions:58 - catboost (Optuna bench) [ML] | WAPE: 8.76% | WRMSSE: 1.3464  | fit: 64.85s
2026-09-07 23:31:26.806 | INFO     | __main__:run_bench_ml:342 - Bench ML: familia 4/5 -- histgb
2026-09-07 23:31:26.913 | INFO     | __main__:tune_optuna_family:311 - [histgb] Optuna arrancando: hasta 30 trials (timeout 60s) -- study 'study_level_01_weekly_total_sales_bench_histgb'
2026-09-07 23:31:56.797 | INFO     | __main__:tune_optuna_family:321 - [histgb] Optuna terminó -- elige hiperparámetros por regression_l2 (no por WRMSSE): mejor regression_l2 = 22895.0939 | WRMSSE de ESE trial: 1.1162 (solo referencia, puede no ser el mínimo posible; el WRMSSE definitivo se reporta abajo, tras reentrenar con estos hiperparámetros)
2026-09-07 23:31:56.803 | INFO     | __main__:tune_optuna_family:327 - [histgb] Mejores hiperparámetros: {'learning_rate': 0.0507560089324913, 'max_leaf_nodes': 112, 'max_depth': 6, 'min_samples_leaf': 23, 'l2_regularization': 2.3072155059037045}
2026-09-07 23:31:58.664 | INFO     | src.evaluation.reports:evaluate_predictions:58 - histgb (Optuna bench) [ML] | WAPE: 7.27% | WRMSSE: 1.1162  | fit: 31.78s
2026-09-07 23:31:58.665 | INFO     | __main__:run_bench_ml:342 - Bench ML: familia 5/5 -- ridge
2026-09-07 23:31:58.762 | INFO     | __main__:tune_optuna_family:311 - [ridge] Optuna arrancando: hasta 30 trials (timeout 60s) -- study 'study_level_01_weekly_total_sales_bench_ridge'
2026-09-07 23:32:06.026 | INFO     | __main__:tune_optuna_family:321 - [ridge] Optuna terminó -- elige hiperparámetros por regression_l2 (no por WRMSSE): mejor regression_l2 = 18313.9000 | WRMSSE de ESE trial: 0.8929 (solo referencia, puede no ser el mínimo posible; el WRMSSE definitivo se reporta abajo, tras reentrenar con estos hiperparámetros)
2026-09-07 23:32:06.029 | INFO     | __main__:tune_optuna_family:327 - [ridge] Mejores hiperparámetros: {'alpha': 0.4068533085088935}
2026-09-07 23:32:06.082 | INFO     | src.evaluation.reports:evaluate_predictions:58 - ridge (Optuna bench) [ML] | WAPE: 5.45% | WRMSSE: 0.8929  | fit: 7.38s
2026-09-07 23:32:06.083 | SUCCESS  | __main__:pick_winner:369 - Modelo ganador (bench, 4 familias tree-based comparadas): xgboost | regression_l2=20184.5128
2026-09-07 23:32:06.084 | INFO     | __main__:run_pipeline:663 - Fase bench ML (Optuna corto, 5 familias): 183.3s
2026-09-07 23:32:06.089 | INFO     | __main__:select_features:400 - Top 10 gain importance (xgboost):
rolling_mean_lag13_window_size13    4.783857e+09
days_since_newyear                  2.299125e+09
lag4                                1.679495e+09
te_event_mean                       1.024888e+09
lag17                               9.845364e+08
days_since_release                  9.495318e+08
lag13                               9.077210e+08
lag52                               7.045652e+08
rolling_std_lag4_window_size26      3.643928e+08
lag22                               2.223140e+08
dtype: float64
2026-09-07 23:32:10.952 | INFO     | __main__:select_features:407 - Top 10 permutation importance (xgboost):
lag52                             1280.364453
lag4                               811.136328
lag26                              644.711719
event_name_1                       550.810938
day                                388.722266
price_vs_max                       181.109766
cv2_90                             151.017578
rolling_max_lag4_window_size4       91.542187
rolling_std_lag4_window_size13      85.485156
days_since_newyear                  79.765234
dtype: float64
2026-09-07 23:32:11.645 | INFO     | src.modeling.feature_selection:backward_feature_selection:139 - Baseline (109 features): regression_l2=20184.5128 | WRMSSE=0.9841 (informativo)
2026-09-07 23:32:34.974 | WARNING  | src.modeling.feature_selection:try_remove:162 - ELIMINADA(S) 8 features ['te_cat_mean', 'te_cat_std', 'rolling_min_lag4_window_size13', 'te_snap_mean', 'rolling_max_lag4_window_size26', 'rolling_mean_lag4_window_size13', 'pct_zero_28', 'rolling_max_lag1_window_size13'] -> 101 features | regression_l2=20175.4375 | WRMSSE=0.9836
2026-09-07 23:32:46.979 | WARNING  | src.modeling.feature_selection:try_remove:162 - ELIMINADA(S) 8 features ['state_id', 'store_id', 'cat_id', 'dept_id', 'event_type_2', 'dow_sin', 'zero_streak', 'is_store_closed'] -> 93 features | regression_l2=19728.2095 | WRMSSE=0.9618
2026-09-07 23:34:16.848 | WARNING  | src.modeling.feature_selection:try_remove:162 - ELIMINADA(S) 8 features ['event_type_1', 'days_since_price_change', 'days_since_release', 'event_type_1_enc', 'event_type_2_enc', 'is_month_start', 'te_dept_std', 'te_item_std'] -> 85 features | regression_l2=19196.1708 | WRMSSE=0.9359
2026-09-07 23:35:57.059 | INFO     | src.modeling.feature_selection:backward_feature_selection:189 - Seleccionadas 85/109 features | regression_l2 final: 19196.1708 | WRMSSE final: 0.9359
2026-09-07 23:35:57.061 | INFO     | __main__:select_features:426 - Features descartadas (24): ['cat_id', 'days_since_price_change', 'days_since_release', 'dept_id', 'dow_sin', 'event_type_1', 'event_type_1_enc', 'event_type_2', 'event_type_2_enc', 'is_month_start', 'is_store_closed', 'pct_zero_28', 'rolling_max_lag1_window_size13', 'rolling_max_lag4_window_size26', 'rolling_mean_lag4_window_size13', 'rolling_min_lag4_window_size13', 'state_id', 'store_id', 'te_cat_mean', 'te_cat_std', 'te_dept_std', 'te_item_std', 'te_snap_mean', 'zero_streak']
2026-09-07 23:35:57.069 | INFO     | __main__:select_features:439 - Features finales: 85 (3 categóricas) | regression_l2=19196.1708 | WRMSSE=0.9359 (informativo)
2026-09-07 23:35:57.070 | INFO     | __main__:run_pipeline:674 - Fase selección de features: 231.0s
2026-09-07 23:35:58.089 | INFO     | src.evaluation.reports:evaluate_predictions:58 - xgboost (Optuna bench, selected features) [ML] | WAPE: 5.91% | WRMSSE: 0.9359  | fit: 0.99s
2026-09-07 23:35:59.617 | INFO     | __main__:run_shap:485 - SHAP (xgboost): feature más importante = lag4 | plots guardados en /home/njimenez/workspace/magister/forecast-tfm/artifacts/plots
2026-09-07 23:35:59.619 | INFO     | __main__:run_pipeline:679 - Fase SHAP: 2.5s
2026-09-07 23:35:59.801 | INFO     | __main__:tune_optuna_family:311 - [xgboost] Optuna arrancando: hasta 100 trials (timeout 120s) -- study 'study_level_01_weekly_total_sales_final_xgboost'
2026-09-07 23:38:00.332 | INFO     | __main__:tune_optuna_family:321 - [xgboost] Optuna terminó -- elige hiperparámetros por regression_l2 (no por WRMSSE): mejor regression_l2 = 18383.4896 | WRMSSE de ESE trial: 0.8962 (solo referencia, puede no ser el mínimo posible; el WRMSSE definitivo se reporta abajo, tras reentrenar con estos hiperparámetros)
2026-09-07 23:38:00.334 | INFO     | __main__:tune_optuna_family:327 - [xgboost] Mejores hiperparámetros: {'learning_rate': 0.12754657759331747, 'max_depth': 10, 'min_child_weight': 4.580653729394212, 'subsample': 0.711733555351651, 'colsample_bytree': 0.9635826940213852, 'reg_alpha': 1.2130444496737043, 'reg_lambda': 0.006377415110439895}
2026-09-07 23:38:00.336 | INFO     | __main__:run_pipeline:685 - Fase Optuna final: 120.7s
2026-09-07 23:38:01.091 | INFO     | __main__:fit_final_model:534 - CV (1 folds) best_iteration: [60] -> n_estimators final = 60
2026-09-07 23:38:01.128 | INFO     | src.evaluation.reports:evaluate_predictions:58 - xgboost (final, Optuna) [ML] | WAPE: 5.59% | WRMSSE: 0.8962  | fit: 0.77s
2026-09-07 23:38:01.712 | INFO     | __main__:fit_final_model:555 - Test WAPE: 7.34% | Test WRMSSE: 1.2004
2026-09-07 23:38:02.712 | INFO     | __main__:save_model_comparison:390 - Comparación de modelos guardada en /home/njimenez/workspace/magister/forecast-tfm/artifacts/results
2026-09-07 23:38:02.770 | SUCCESS  | __main__:export_artifact:629 - Artifact guardado en /home/njimenez/workspace/magister/forecast-tfm/artifacts/models/level_01_weekly_total_sales_artifact.pkl (modelo: xgboost)
2026-09-07 23:38:02.808 | SUCCESS  | __main__:export_artifact:639 - Versión 20260908T023802Z registrada en registry.json
2026-09-07 23:38:02.809 | INFO     | __main__:run_pipeline:693 - Pipeline completo (level_01_weekly_total/sales) en 567.8s
2026-09-07 23:38:03.206 | INFO     | src.data.split:load_data:364 - level_02_daily_state | target=sales | 5,823 filas | 191 features (9 categóricas)
2026-09-07 23:38:03.220 | INFO     | src.data.split:log_summary:48 - Train : 2011-01-29 to 2015-04-26 (1,549 days, 4,647 rows)
2026-09-07 23:38:03.221 | INFO     | src.data.split:log_summary:49 - Valid : 2015-04-27 to 2016-04-24 (364 days, 1,092 rows)
2026-09-07 23:38:03.221 | INFO     | src.data.split:log_summary:50 - Test  : 2016-04-25 to 2016-05-22 (28 days, 84 rows)
2026-09-07 23:38:03.565 | INFO     | src.data.split:split_data:447 - Features: 191 (9 categóricas)
2026-09-07 23:38:03.619 | INFO     | src.evaluation.reports:evaluate_predictions:58 - Seasonal naive (1d) [Naive] | WAPE: 18.23% | WRMSSE: 1.3327  | fit: 0.01s
2026-09-07 23:38:03.673 | INFO     | src.evaluation.reports:evaluate_predictions:58 - Seasonal naive (7d) [Naive] | WAPE: 13.01% | WRMSSE: 0.9807  | fit: 0.01s
2026-09-07 23:38:03.728 | INFO     | src.evaluation.reports:evaluate_predictions:58 - Seasonal naive (28d) [Naive] | WAPE: 12.37% | WRMSSE: 0.9550  | fit: 0.02s
2026-09-07 23:38:03.782 | INFO     | src.evaluation.reports:evaluate_predictions:58 - Seasonal naive (364d) [Naive] | WAPE: 11.00% | WRMSSE: 0.9000  | fit: 0.02s
2026-09-07 23:38:03.831 | INFO     | src.evaluation.reports:evaluate_predictions:58 -             Drift [Naive] | WAPE: 19.64% | WRMSSE: 1.4373  | fit: 0.01s
2026-09-07 23:38:03.872 | INFO     | src.evaluation.reports:evaluate_predictions:58 -   Historical mean [Naive] | WAPE: 18.04% | WRMSSE: 1.4880  | fit: 0.00s
2026-09-07 23:38:03.915 | INFO     | src.evaluation.reports:evaluate_predictions:58 - Moving average (7d) [Naive] | WAPE: 15.44% | WRMSSE: 1.3024  | fit: 0.00s
2026-09-07 23:38:03.958 | INFO     | src.evaluation.reports:evaluate_predictions:58 - Moving average (14d) [Naive] | WAPE: 14.85% | WRMSSE: 1.2611  | fit: 0.00s
2026-09-07 23:38:04.002 | INFO     | src.evaluation.reports:evaluate_predictions:58 - Moving average (21d) [Naive] | WAPE: 14.33% | WRMSSE: 1.2089  | fit: 0.00s
2026-09-07 23:38:04.047 | INFO     | src.evaluation.reports:evaluate_predictions:58 - Moving average (28d) [Naive] | WAPE: 14.19% | WRMSSE: 1.1877  | fit: 0.00s
2026-09-07 23:38:04.090 | INFO     | src.evaluation.reports:evaluate_predictions:58 - Moving average (35d) [Naive] | WAPE: 14.44% | WRMSSE: 1.2190  | fit: 0.00s
2026-09-07 23:38:04.090 | INFO     | __main__:run_pipeline:652 - Fase naive: 0.5s
2026-09-07 23:38:10.960 | INFO     | src.evaluation.reports:evaluate_predictions:58 -      SARIMA [Statistical] | WAPE: 13.62% | WRMSSE: 1.0265  | fit: 6.82s
2026-09-07 23:38:14.750 | INFO     | src.evaluation.reports:evaluate_predictions:58 - ETS (Holt-Winters) [Statistical] | WAPE: 10.67% | WRMSSE: 0.8417  | fit: 3.73s
2026-09-07 23:38:14.926 | INFO     | src.evaluation.reports:evaluate_predictions:58 -       Theta [Statistical] | WAPE: 10.36% | WRMSSE: 0.8352  | fit: 0.13s
2026-09-07 23:38:36.724 | INFO     | src.evaluation.reports:evaluate_predictions:58 -       TBATS [Statistical] | WAPE: 11.55% | WRMSSE: 0.8989  | fit: 21.68s
2026-09-07 23:38:38.622 | INFO     | src.evaluation.reports:evaluate_predictions:58 -     Prophet [Statistical] | WAPE: 11.65% | WRMSSE: 0.9078  | fit: 1.83s
2026-09-07 23:38:38.623 | INFO     | __main__:run_pipeline:657 - Fase estadísticos clásicos: 34.5s
2026-09-07 23:38:38.623 | INFO     | __main__:run_bench_ml:342 - Bench ML: familia 1/5 -- lightgbm
2026-09-07 23:38:38.688 | INFO     | __main__:tune_optuna_family:311 - [lightgbm] Optuna arrancando: hasta 30 trials (timeout 60s) -- study 'study_level_02_daily_state_sales_bench_lightgbm'
2026-09-07 23:39:38.720 | INFO     | __main__:tune_optuna_family:321 - [lightgbm] Optuna terminó -- elige hiperparámetros por regression_l2 (no por WRMSSE): mejor regression_l2 = 1443.4515 | WRMSSE de ESE trial: 0.6395 (solo referencia, puede no ser el mínimo posible; el WRMSSE definitivo se reporta abajo, tras reentrenar con estos hiperparámetros)
2026-09-07 23:39:38.722 | INFO     | __main__:tune_optuna_family:327 - [lightgbm] Mejores hiperparámetros: {'learning_rate': 0.13407875359519203, 'num_leaves': 65, 'max_depth': 7, 'min_child_samples': 157, 'subsample': 0.6345229313049441, 'colsample_bytree': 0.7731542558612667, 'reg_alpha': 0.003248905579551546, 'reg_lambda': 0.02711571497397006}
2026-09-07 23:39:39.981 | INFO     | src.evaluation.reports:evaluate_predictions:58 - lightgbm (Optuna bench) [ML] | WAPE: 10.96% | WRMSSE: 0.8639  | fit: 61.30s
2026-09-07 23:39:39.982 | INFO     | __main__:run_bench_ml:342 - Bench ML: familia 2/5 -- xgboost
2026-09-07 23:39:40.031 | INFO     | __main__:tune_optuna_family:311 - [xgboost] Optuna arrancando: hasta 30 trials (timeout 60s) -- study 'study_level_02_daily_state_sales_bench_xgboost'
2026-09-07 23:40:40.407 | INFO     | __main__:tune_optuna_family:321 - [xgboost] Optuna terminó -- elige hiperparámetros por regression_l2 (no por WRMSSE): mejor regression_l2 = 1299.3015 | WRMSSE de ESE trial: 0.5899 (solo referencia, puede no ser el mínimo posible; el WRMSSE definitivo se reporta abajo, tras reentrenar con estos hiperparámetros)
2026-09-07 23:40:40.411 | INFO     | __main__:tune_optuna_family:327 - [xgboost] Mejores hiperparámetros: {'learning_rate': 0.07337972545268062, 'max_depth': 9, 'min_child_weight': 22.31429151072023, 'subsample': 0.7473697859674007, 'colsample_bytree': 0.7402481299593919, 'reg_alpha': 0.7639792108957237, 'reg_lambda': 1.5690111015937573}
2026-09-07 23:41:00.504 | INFO     | src.evaluation.reports:evaluate_predictions:58 - xgboost (Optuna bench) [ML] | WAPE: 8.11% | WRMSSE: 0.6989  | fit: 80.39s
2026-09-07 23:41:00.505 | INFO     | __main__:run_bench_ml:342 - Bench ML: familia 3/5 -- catboost
2026-09-07 23:41:00.575 | INFO     | __main__:tune_optuna_family:311 - [catboost] Optuna arrancando: hasta 30 trials (timeout 60s) -- study 'study_level_02_daily_state_sales_bench_catboost'
2026-09-07 23:41:56.275 | INFO     | __main__:tune_optuna_family:321 - [catboost] Optuna terminó -- elige hiperparámetros por regression_l2 (no por WRMSSE): mejor regression_l2 = 3282.4934 | WRMSSE de ESE trial: 1.3565 (solo referencia, puede no ser el mínimo posible; el WRMSSE definitivo se reporta abajo, tras reentrenar con estos hiperparámetros)
2026-09-07 23:41:56.276 | INFO     | __main__:tune_optuna_family:327 - [catboost] Mejores hiperparámetros: {'learning_rate': 0.13513657247321773, 'depth': 5, 'l2_leaf_reg': 1.1058682536292408}
2026-09-07 23:41:57.362 | INFO     | src.evaluation.reports:evaluate_predictions:58 - catboost (Optuna bench) [ML] | WAPE: 19.47% | WRMSSE: 1.4834  | fit: 56.79s
2026-09-07 23:41:57.362 | INFO     | __main__:run_bench_ml:342 - Bench ML: familia 4/5 -- histgb
2026-09-07 23:41:57.403 | INFO     | __main__:tune_optuna_family:311 - [histgb] Optuna arrancando: hasta 30 trials (timeout 60s) -- study 'study_level_02_daily_state_sales_bench_histgb'
2026-09-07 23:43:19.231 | INFO     | __main__:tune_optuna_family:321 - [histgb] Optuna terminó -- elige hiperparámetros por regression_l2 (no por WRMSSE): mejor regression_l2 = 1703.7287 | WRMSSE de ESE trial: 0.7363 (solo referencia, puede no ser el mínimo posible; el WRMSSE definitivo se reporta abajo, tras reentrenar con estos hiperparámetros)
2026-09-07 23:43:19.233 | INFO     | __main__:tune_optuna_family:327 - [histgb] Mejores hiperparámetros: {'learning_rate': 0.07297506121568255, 'max_leaf_nodes': 239, 'max_depth': 15, 'min_samples_leaf': 25, 'l2_regularization': 0.2577714521629187}
2026-09-07 23:43:42.675 | INFO     | src.evaluation.reports:evaluate_predictions:58 - histgb (Optuna bench) [ML] | WAPE: 9.14% | WRMSSE: 0.7825  | fit: 105.21s
2026-09-07 23:43:42.675 | INFO     | __main__:run_bench_ml:342 - Bench ML: familia 5/5 -- ridge
2026-09-07 23:43:42.714 | INFO     | __main__:tune_optuna_family:311 - [ridge] Optuna arrancando: hasta 30 trials (timeout 60s) -- study 'study_level_02_daily_state_sales_bench_ridge'
2026-09-07 23:43:58.752 | INFO     | __main__:tune_optuna_family:321 - [ridge] Optuna terminó -- elige hiperparámetros por regression_l2 (no por WRMSSE): mejor regression_l2 = 2557.9755 | WRMSSE de ESE trial: 1.0357 (solo referencia, puede no ser el mínimo posible; el WRMSSE definitivo se reporta abajo, tras reentrenar con estos hiperparámetros)
2026-09-07 23:43:58.754 | INFO     | __main__:tune_optuna_family:327 - [ridge] Mejores hiperparámetros: {'alpha': 99.95115919138186}
2026-09-07 23:43:59.010 | INFO     | src.evaluation.reports:evaluate_predictions:58 - ridge (Optuna bench) [ML] | WAPE: 14.44% | WRMSSE: 1.1421  | fit: 16.25s
2026-09-07 23:43:59.015 | SUCCESS  | __main__:pick_winner:369 - Modelo ganador (bench, 4 familias tree-based comparadas): xgboost | regression_l2=1537.5625
2026-09-07 23:43:59.015 | INFO     | __main__:run_pipeline:663 - Fase bench ML (Optuna corto, 5 familias): 320.4s
2026-09-07 23:43:59.020 | INFO     | __main__:select_features:400 - Top 10 gain importance (xgboost):
te_weekend_mean                   339516800.0
lag28                             227008496.0
lag7                               86342160.0
rolling_mean_lag3_window_size7     84849864.0
lag35                              44581772.0
lag91                              21984362.0
lag1                               18664656.0
snap                               17430680.0
lag364                             12866115.0
rolling_max_lag2_window_size7      12355632.0
dtype: float64
2026-09-07 23:44:27.839 | INFO     | __main__:select_features:407 - Top 10 permutation importance (xgboost):
lag28                         868.617578
te_weekend_mean               703.865576
lag364                        221.405640
lag7                          109.828247
event_name_1                   86.271509
snap                           80.270313
lag21                          75.678809
lag35                          75.412085
seasonal_mean_lag364_364_2     47.978516
lag91                          46.013330
dtype: float64
2026-09-07 23:44:46.943 | INFO     | src.modeling.feature_selection:backward_feature_selection:139 - Baseline (191 features): regression_l2=1537.5625 | WRMSSE=0.6989 (informativo)
2026-09-07 23:56:25.934 | WARNING  | src.modeling.feature_selection:try_remove:162 - ELIMINADA(S) 'te_cat_std' -> 190 features | regression_l2=1490.6971 | WRMSSE=0.6831
2026-09-08 00:28:05.160 | WARNING  | src.modeling.feature_selection:try_remove:162 - ELIMINADA(S) 7 features ['lag21', 'snap', 'event_name_1', 'lag7', 'lag364', 'te_weekend_mean', 'lag28'] -> 183 features | regression_l2=1468.3262 | WRMSSE=0.6981
2026-09-08 00:28:21.406 | WARNING  | src.modeling.feature_selection:try_remove:162 - ELIMINADA(S) 'expanding_mean_lag91' -> 182 features | regression_l2=1467.5550 | WRMSSE=0.6968
2026-09-08 00:28:29.185 | WARNING  | src.modeling.feature_selection:try_remove:162 - ELIMINADA(S) 'te_event_mean' -> 181 features | regression_l2=1435.4349 | WRMSSE=0.6783
2026-09-08 00:33:51.112 | WARNING  | src.modeling.feature_selection:try_remove:162 - ELIMINADA(S) 'rolling_min_lag91_window_size28' -> 180 features | regression_l2=1433.2298 | WRMSSE=0.6805
2026-09-08 00:34:05.541 | WARNING  | src.modeling.feature_selection:try_remove:162 - ELIMINADA(S) 'rolling_std_lag364_window_size91' -> 179 features | regression_l2=1427.3542 | WRMSSE=0.6750
2026-09-08 00:35:19.551 | WARNING  | src.modeling.feature_selection:try_remove:162 - ELIMINADA(S) 8 features ['lag10', 'rolling_max_lag6_window_size14', 'rolling_std_lag6_window_size7', 'rolling_mean_lag28_window_size7', 'rolling_max_lag91_window_size91', 'lag25', 'lag13', 'cv2_90'] -> 171 features | regression_l2=1404.3325 | WRMSSE=0.6671
2026-09-08 00:36:53.035 | WARNING  | src.modeling.feature_selection:try_remove:162 - ELIMINADA(S) 'rolling_std_lag4_window_size7' -> 170 features | regression_l2=1380.5705 | WRMSSE=0.6539
2026-09-08 00:38:33.953 | WARNING  | src.modeling.feature_selection:try_remove:162 - ELIMINADA(S) 'rolling_min_lag2_window_size7' -> 169 features | regression_l2=1362.0852 | WRMSSE=0.6462
2026-09-08 02:13:12.531 | INFO     | src.modeling.feature_selection:backward_feature_selection:189 - Seleccionadas 169/191 features | regression_l2 final: 1362.0852 | WRMSSE final: 0.6462
2026-09-08 02:13:12.533 | INFO     | __main__:select_features:426 - Features descartadas (22): ['cv2_90', 'event_name_1', 'expanding_mean_lag91', 'lag10', 'lag13', 'lag21', 'lag25', 'lag28', 'lag364', 'lag7', 'rolling_max_lag6_window_size14', 'rolling_max_lag91_window_size91', 'rolling_mean_lag28_window_size7', 'rolling_min_lag2_window_size7', 'rolling_min_lag91_window_size28', 'rolling_std_lag364_window_size91', 'rolling_std_lag4_window_size7', 'rolling_std_lag6_window_size7', 'snap', 'te_cat_std', 'te_event_mean', 'te_weekend_mean']
2026-09-08 02:13:12.548 | INFO     | __main__:select_features:439 - Features finales: 169 (8 categóricas) | regression_l2=1362.0852 | WRMSSE=0.6462 (informativo)
2026-09-08 02:13:12.549 | INFO     | __main__:run_pipeline:674 - Fase selección de features: 8953.5s
2026-09-08 02:13:38.714 | INFO     | src.evaluation.reports:evaluate_predictions:58 - xgboost (Optuna bench, selected features) [ML] | WAPE: 7.54% | WRMSSE: 0.6427  | fit: 26.06s
2026-09-08 02:13:40.773 | INFO     | __main__:run_shap:485 - SHAP (xgboost): feature más importante = lag35 | plots guardados en /home/njimenez/workspace/magister/forecast-tfm/artifacts/plots
2026-09-08 02:13:40.777 | INFO     | __main__:run_pipeline:679 - Fase SHAP: 28.2s
2026-09-08 02:13:40.823 | INFO     | __main__:tune_optuna_family:311 - [xgboost] Optuna arrancando: hasta 100 trials (timeout 120s) -- study 'study_level_02_daily_state_sales_final_xgboost'
2026-09-08 02:15:49.111 | INFO     | __main__:tune_optuna_family:321 - [xgboost] Optuna terminó -- elige hiperparámetros por regression_l2 (no por WRMSSE): mejor regression_l2 = 917.1391 | WRMSSE de ESE trial: 0.4193 (solo referencia, puede no ser el mínimo posible; el WRMSSE definitivo se reporta abajo, tras reentrenar con estos hiperparámetros)
2026-09-08 02:15:49.114 | INFO     | __main__:tune_optuna_family:327 - [xgboost] Mejores hiperparámetros: {'learning_rate': 0.06456640537545144, 'max_depth': 9, 'min_child_weight': 30.380811219331445, 'subsample': 0.9492205414766367, 'colsample_bytree': 0.6864491456081857, 'reg_alpha': 0.348091092598608, 'reg_lambda': 0.0024728859282517283}
2026-09-08 02:15:49.117 | INFO     | __main__:run_pipeline:685 - Fase Optuna final: 128.3s
2026-09-08 02:16:45.518 | INFO     | __main__:fit_final_model:534 - CV (1 folds) best_iteration: [1053] -> n_estimators final = 1053
2026-09-08 02:16:45.611 | INFO     | src.evaluation.reports:evaluate_predictions:58 - xgboost (final, Optuna) [ML] | WAPE: 8.05% | WRMSSE: 0.6892  | fit: 56.45s
2026-09-08 02:17:18.890 | INFO     | __main__:fit_final_model:555 - Test WAPE: 6.60% | Test WRMSSE: 0.5727
2026-09-08 02:17:20.846 | INFO     | __main__:save_model_comparison:390 - Comparación de modelos guardada en /home/njimenez/workspace/magister/forecast-tfm/artifacts/results
2026-09-08 02:17:21.728 | SUCCESS  | __main__:export_artifact:629 - Artifact guardado en /home/njimenez/workspace/magister/forecast-tfm/artifacts/models/level_02_daily_state_sales_artifact.pkl (modelo: xgboost)
2026-09-08 02:17:22.272 | SUCCESS  | __main__:export_artifact:639 - Versión 20260908T051721Z registrada en registry.json
2026-09-08 02:17:22.276 | INFO     | __main__:run_pipeline:693 - Pipeline completo (level_02_daily_state/sales) en 9559.1s
2026-09-08 02:17:22.490 | INFO     | src.data.split:load_data:364 - level_02_weekly_state | target=sales | 834 filas | 109 features (9 categóricas)
2026-09-08 02:17:22.496 | INFO     | src.data.split:log_summary:48 - Train : 2011-01-29 to 2015-04-20 (1,549 days, 666 rows)
2026-09-08 02:17:22.496 | INFO     | src.data.split:log_summary:49 - Valid : 2015-04-27 to 2016-04-18 (364 days, 156 rows)
2026-09-08 02:17:22.496 | INFO     | src.data.split:log_summary:50 - Test  : 2016-04-25 to 2016-05-16 (22 days, 12 rows)
2026-09-08 02:17:22.713 | INFO     | src.data.split:split_data:447 - Features: 109 (9 categóricas)
2026-09-08 02:17:22.749 | INFO     | src.evaluation.reports:evaluate_predictions:58 - Seasonal naive (1w) [Naive] | WAPE: 11.68% | WRMSSE: 1.6320  | fit: 0.01s
2026-09-08 02:17:22.784 | INFO     | src.evaluation.reports:evaluate_predictions:58 - Seasonal naive (4w) [Naive] | WAPE: 9.48% | WRMSSE: 1.3967  | fit: 0.01s
2026-09-08 02:17:22.819 | INFO     | src.evaluation.reports:evaluate_predictions:58 - Seasonal naive (52w) [Naive] | WAPE: 9.00% | WRMSSE: 1.2796  | fit: 0.01s
2026-09-08 02:17:22.856 | INFO     | src.evaluation.reports:evaluate_predictions:58 -             Drift [Naive] | WAPE: 7.61% | WRMSSE: 1.1560  | fit: 0.01s
2026-09-08 02:17:22.887 | INFO     | src.evaluation.reports:evaluate_predictions:58 -   Historical mean [Naive] | WAPE: 16.35% | WRMSSE: 2.2160  | fit: 0.00s
2026-09-08 02:17:22.917 | INFO     | src.evaluation.reports:evaluate_predictions:58 - Moving average (2w) [Naive] | WAPE: 10.75% | WRMSSE: 1.5492  | fit: 0.00s
2026-09-08 02:17:22.947 | INFO     | src.evaluation.reports:evaluate_predictions:58 - Moving average (3w) [Naive] | WAPE: 9.45% | WRMSSE: 1.3881  | fit: 0.00s
2026-09-08 02:17:22.976 | INFO     | src.evaluation.reports:evaluate_predictions:58 - Moving average (4w) [Naive] | WAPE: 8.85% | WRMSSE: 1.3015  | fit: 0.00s
2026-09-08 02:17:23.010 | INFO     | src.evaluation.reports:evaluate_predictions:58 - Moving average (6w) [Naive] | WAPE: 10.05% | WRMSSE: 1.4428  | fit: 0.00s
2026-09-08 02:17:23.040 | INFO     | src.evaluation.reports:evaluate_predictions:58 - Moving average (8w) [Naive] | WAPE: 9.37% | WRMSSE: 1.3703  | fit: 0.00s
2026-09-08 02:17:23.041 | INFO     | __main__:run_pipeline:652 - Fase naive: 0.3s
2026-09-08 02:17:29.800 | INFO     | src.evaluation.reports:evaluate_predictions:58 -      SARIMA [Statistical] | WAPE: 3.28% | WRMSSE: nan  | fit: 6.71s
2026-09-08 02:17:33.309 | INFO     | src.evaluation.reports:evaluate_predictions:58 - ETS (Holt-Winters) [Statistical] | WAPE: 5.81% | WRMSSE: 0.9185  | fit: 3.45s
2026-09-08 02:17:33.436 | INFO     | src.evaluation.reports:evaluate_predictions:58 -       Theta [Statistical] | WAPE: 8.62% | WRMSSE: 1.2733  | fit: 0.09s
2026-09-08 02:17:58.853 | INFO     | src.evaluation.reports:evaluate_predictions:58 -       TBATS [Statistical] | WAPE: 6.72% | WRMSSE: 0.9762  | fit: 25.36s
2026-09-08 02:17:59.623 | INFO     | src.evaluation.reports:evaluate_predictions:58 -     Prophet [Statistical] | WAPE: 9.51% | WRMSSE: 1.3797  | fit: 0.72s
2026-09-08 02:17:59.623 | INFO     | __main__:run_pipeline:657 - Fase estadísticos clásicos: 36.6s
2026-09-08 02:17:59.624 | INFO     | __main__:run_bench_ml:342 - Bench ML: familia 1/5 -- lightgbm
2026-09-08 02:17:59.709 | INFO     | __main__:tune_optuna_family:311 - [lightgbm] Optuna arrancando: hasta 30 trials (timeout 60s) -- study 'study_level_02_weekly_state_sales_bench_lightgbm'
2026-09-08 02:18:54.213 | INFO     | __main__:tune_optuna_family:321 - [lightgbm] Optuna terminó -- elige hiperparámetros por regression_l2 (no por WRMSSE): mejor regression_l2 = 11475.3042 | WRMSSE de ESE trial: 1.5318 (solo referencia, puede no ser el mínimo posible; el WRMSSE definitivo se reporta abajo, tras reentrenar con estos hiperparámetros)
2026-09-08 02:18:54.215 | INFO     | __main__:tune_optuna_family:327 - [lightgbm] Mejores hiperparámetros: {'learning_rate': 0.06755329572888466, 'num_leaves': 89, 'max_depth': 9, 'min_child_samples': 171, 'subsample': 0.9405457261465521, 'colsample_bytree': 0.879133412078718, 'reg_alpha': 0.029245379666149353, 'reg_lambda': 0.04406099963814378}
2026-09-08 02:18:54.402 | INFO     | src.evaluation.reports:evaluate_predictions:58 - lightgbm (Optuna bench) [ML] | WAPE: 11.35% | WRMSSE: 1.6515  | fit: 54.74s
2026-09-08 02:18:54.402 | INFO     | __main__:run_bench_ml:342 - Bench ML: familia 2/5 -- xgboost
2026-09-08 02:18:54.455 | INFO     | __main__:tune_optuna_family:311 - [xgboost] Optuna arrancando: hasta 30 trials (timeout 60s) -- study 'study_level_02_weekly_state_sales_bench_xgboost'
2026-09-08 02:19:57.123 | INFO     | __main__:tune_optuna_family:321 - [xgboost] Optuna terminó -- elige hiperparámetros por regression_l2 (no por WRMSSE): mejor regression_l2 = 8009.8830 | WRMSSE de ESE trial: 1.0801 (solo referencia, puede no ser el mínimo posible; el WRMSSE definitivo se reporta abajo, tras reentrenar con estos hiperparámetros)
2026-09-08 02:19:57.127 | INFO     | __main__:tune_optuna_family:327 - [xgboost] Mejores hiperparámetros: {'learning_rate': 0.06884948757716375, 'max_depth': 9, 'min_child_weight': 9.575046872011711, 'subsample': 0.9993216126457126, 'colsample_bytree': 0.8083641630486588, 'reg_alpha': 0.5107775553814867, 'reg_lambda': 1.1533476702890695}
2026-09-08 02:20:02.779 | INFO     | src.evaluation.reports:evaluate_predictions:58 - xgboost (Optuna bench) [ML] | WAPE: 7.12% | WRMSSE: 1.0801  | fit: 68.30s
2026-09-08 02:20:02.780 | INFO     | __main__:run_bench_ml:342 - Bench ML: familia 3/5 -- catboost
2026-09-08 02:20:02.881 | INFO     | __main__:tune_optuna_family:311 - [catboost] Optuna arrancando: hasta 30 trials (timeout 60s) -- study 'study_level_02_weekly_state_sales_bench_catboost'
2026-09-08 02:21:45.972 | INFO     | __main__:tune_optuna_family:321 - [catboost] Optuna terminó -- elige hiperparámetros por regression_l2 (no por WRMSSE): mejor regression_l2 = 17334.7012 | WRMSSE de ESE trial: 2.2063 (solo referencia, puede no ser el mínimo posible; el WRMSSE definitivo se reporta abajo, tras reentrenar con estos hiperparámetros)
2026-09-08 02:21:45.974 | INFO     | __main__:tune_optuna_family:327 - [catboost] Mejores hiperparámetros: {'learning_rate': 0.07862589064613253, 'depth': 5, 'l2_leaf_reg': 1.4321698289111515}
2026-09-08 02:21:46.984 | INFO     | src.evaluation.reports:evaluate_predictions:58 - catboost (Optuna bench) [ML] | WAPE: 14.78% | WRMSSE: 2.2063  | fit: 104.15s
2026-09-08 02:21:46.985 | INFO     | __main__:run_bench_ml:342 - Bench ML: familia 4/5 -- histgb
2026-09-08 02:21:47.060 | INFO     | __main__:tune_optuna_family:311 - [histgb] Optuna arrancando: hasta 30 trials (timeout 60s) -- study 'study_level_02_weekly_state_sales_bench_histgb'
2026-09-08 02:22:50.737 | INFO     | __main__:tune_optuna_family:321 - [histgb] Optuna terminó -- elige hiperparámetros por regression_l2 (no por WRMSSE): mejor regression_l2 = 11326.0074 | WRMSSE de ESE trial: 1.4556 (solo referencia, puede no ser el mínimo posible; el WRMSSE definitivo se reporta abajo, tras reentrenar con estos hiperparámetros)
2026-09-08 02:22:50.739 | INFO     | __main__:tune_optuna_family:327 - [histgb] Mejores hiperparámetros: {'learning_rate': 0.07943192533056054, 'max_leaf_nodes': 152, 'max_depth': 11, 'min_samples_leaf': 34, 'l2_regularization': 0.7666040059879236}
2026-09-08 02:22:55.434 | INFO     | src.evaluation.reports:evaluate_predictions:58 - histgb (Optuna bench) [ML] | WAPE: 9.31% | WRMSSE: 1.4556  | fit: 68.39s
2026-09-08 02:22:55.434 | INFO     | __main__:run_bench_ml:342 - Bench ML: familia 5/5 -- ridge
2026-09-08 02:22:55.498 | INFO     | __main__:tune_optuna_family:311 - [ridge] Optuna arrancando: hasta 30 trials (timeout 60s) -- study 'study_level_02_weekly_state_sales_bench_ridge'
2026-09-08 02:23:02.249 | INFO     | __main__:tune_optuna_family:321 - [ridge] Optuna terminó -- elige hiperparámetros por regression_l2 (no por WRMSSE): mejor regression_l2 = 6416.7826 | WRMSSE de ESE trial: 0.8453 (solo referencia, puede no ser el mínimo posible; el WRMSSE definitivo se reporta abajo, tras reentrenar con estos hiperparámetros)
2026-09-08 02:23:02.251 | INFO     | __main__:tune_optuna_family:327 - [ridge] Mejores hiperparámetros: {'alpha': 0.003972005324312403}
2026-09-08 02:23:02.378 | INFO     | src.evaluation.reports:evaluate_predictions:58 - ridge (Optuna bench) [ML] | WAPE: 5.09% | WRMSSE: 0.8453  | fit: 6.85s
2026-09-08 02:23:02.379 | SUCCESS  | __main__:pick_winner:369 - Modelo ganador (bench, 4 familias tree-based comparadas): xgboost | regression_l2=8009.8830
2026-09-08 02:23:02.379 | INFO     | __main__:run_pipeline:663 - Fase bench ML (Optuna corto, 5 familias): 302.8s
2026-09-08 02:23:02.382 | INFO     | __main__:select_features:400 - Top 10 gain importance (xgboost):
rolling_mean_lag4_window_size4    5.687258e+09
rolling_min_lag4_window_size4     2.474083e+09
rolling_mean_lag1_window_size4    1.656030e+09
lag4                              6.985427e+08
te_snap_mean                      4.309821e+08
rolling_min_lag4_window_size13    3.754302e+08
rolling_max_lag1_window_size4     3.737424e+08
te_weekend_mean                   1.850385e+08
lag1                              1.699416e+08
lag52                             1.529879e+08
dtype: float64
2026-09-08 02:23:13.834 | INFO     | __main__:select_features:407 - Top 10 permutation importance (xgboost):
rolling_mean_lag4_window_size4    3631.237207
lag4                              2689.317871
rolling_min_lag4_window_size4     2624.738574
te_snap_mean                      1955.249512
lag52                             1213.508887
te_weekend_mean                    391.526660
rolling_max_lag1_window_size4      188.299609
day                                170.387402
event_name_1                       168.529004
lag17                              150.877734
dtype: float64
2026-09-08 02:23:16.030 | INFO     | src.modeling.feature_selection:backward_feature_selection:139 - Baseline (109 features): regression_l2=8009.8830 | WRMSSE=1.0801 (informativo)
2026-09-08 02:23:23.375 | WARNING  | src.modeling.feature_selection:try_remove:162 - ELIMINADA(S) 'rolling_min_lag13_window_size26' -> 108 features | regression_l2=7982.5118 | WRMSSE=1.0533
2026-09-08 02:23:27.728 | WARNING  | src.modeling.feature_selection:try_remove:162 - ELIMINADA(S) 'lag2' -> 107 features | regression_l2=7728.2742 | WRMSSE=1.0231
2026-09-08 02:23:37.079 | WARNING  | src.modeling.feature_selection:try_remove:162 - ELIMINADA(S) 'rolling_mean_lag13_window_size26' -> 106 features | regression_l2=7638.3495 | WRMSSE=1.0197
2026-09-08 02:23:45.604 | WARNING  | src.modeling.feature_selection:try_remove:162 - ELIMINADA(S) 'price_lag_1' -> 105 features | regression_l2=7120.7294 | WRMSSE=0.9489
2026-09-08 02:33:43.163 | INFO     | src.modeling.feature_selection:backward_feature_selection:189 - Seleccionadas 105/109 features | regression_l2 final: 7120.7294 | WRMSSE final: 0.9489
2026-09-08 02:33:43.165 | INFO     | __main__:select_features:426 - Features descartadas (4): ['lag2', 'price_lag_1', 'rolling_mean_lag13_window_size26', 'rolling_min_lag13_window_size26']
2026-09-08 02:33:43.173 | INFO     | __main__:select_features:439 - Features finales: 105 (9 categóricas) | regression_l2=7120.7294 | WRMSSE=0.9489 (informativo)
2026-09-08 02:33:43.173 | INFO     | __main__:run_pipeline:674 - Fase selección de features: 640.8s
2026-09-08 02:33:46.188 | INFO     | src.evaluation.reports:evaluate_predictions:58 - xgboost (Optuna bench, selected features) [ML] | WAPE: 6.22% | WRMSSE: 0.9489  | fit: 2.96s
2026-09-08 02:33:47.746 | INFO     | __main__:run_shap:485 - SHAP (xgboost): feature más importante = rolling_mean_lag4_window_size4 | plots guardados en /home/njimenez/workspace/magister/forecast-tfm/artifacts/plots
2026-09-08 02:33:47.748 | INFO     | __main__:run_pipeline:679 - Fase SHAP: 4.6s
2026-09-08 02:33:47.806 | INFO     | __main__:tune_optuna_family:311 - [xgboost] Optuna arrancando: hasta 100 trials (timeout 120s) -- study 'study_level_02_weekly_state_sales_final_xgboost'
2026-09-08 02:35:48.766 | INFO     | __main__:tune_optuna_family:321 - [xgboost] Optuna terminó -- elige hiperparámetros por regression_l2 (no por WRMSSE): mejor regression_l2 = 8248.1168 | WRMSSE de ESE trial: 1.0726 (solo referencia, puede no ser el mínimo posible; el WRMSSE definitivo se reporta abajo, tras reentrenar con estos hiperparámetros)
2026-09-08 02:35:48.771 | INFO     | __main__:tune_optuna_family:327 - [xgboost] Mejores hiperparámetros: {'learning_rate': 0.06987936144398395, 'max_depth': 6, 'min_child_weight': 4.957215274312038, 'subsample': 0.8670023238896379, 'colsample_bytree': 0.9610550392754327, 'reg_alpha': 0.049308257171213406, 'reg_lambda': 1.5580108952086458}
2026-09-08 02:35:48.775 | INFO     | __main__:run_pipeline:685 - Fase Optuna final: 121.0s
2026-09-08 02:35:50.389 | INFO     | __main__:fit_final_model:534 - CV (1 folds) best_iteration: [113] -> n_estimators final = 113
2026-09-08 02:35:50.434 | INFO     | src.evaluation.reports:evaluate_predictions:58 - xgboost (final, Optuna) [ML] | WAPE: 7.03% | WRMSSE: 1.0726  | fit: 1.63s
2026-09-08 02:35:51.795 | INFO     | __main__:fit_final_model:555 - Test WAPE: 6.20% | Test WRMSSE: 1.0263
2026-09-08 02:35:53.139 | INFO     | __main__:save_model_comparison:390 - Comparación de modelos guardada en /home/njimenez/workspace/magister/forecast-tfm/artifacts/results
2026-09-08 02:35:53.241 | SUCCESS  | __main__:export_artifact:629 - Artifact guardado en /home/njimenez/workspace/magister/forecast-tfm/artifacts/models/level_02_weekly_state_sales_artifact.pkl (modelo: xgboost)
2026-09-08 02:35:53.306 | SUCCESS  | __main__:export_artifact:639 - Versión 20260908T053553Z registrada en registry.json
2026-09-08 02:35:53.307 | INFO     | __main__:run_pipeline:693 - Pipeline completo (level_02_weekly_state/sales) en 1110.8s
2026-09-08 02:35:53.555 | INFO     | src.data.split:load_data:364 - level_03_daily_cat | target=sales | 5,823 filas | 191 features (9 categóricas)
2026-09-08 02:35:53.563 | INFO     | src.data.split:log_summary:48 - Train : 2011-01-29 to 2015-04-26 (1,549 days, 4,647 rows)
2026-09-08 02:35:53.563 | INFO     | src.data.split:log_summary:49 - Valid : 2015-04-27 to 2016-04-24 (364 days, 1,092 rows)
2026-09-08 02:35:53.563 | INFO     | src.data.split:log_summary:50 - Test  : 2016-04-25 to 2016-05-22 (28 days, 84 rows)
2026-09-08 02:35:53.854 | INFO     | src.data.split:split_data:447 - Features: 191 (9 categóricas)
2026-09-08 02:35:53.909 | INFO     | src.evaluation.reports:evaluate_predictions:58 - Seasonal naive (1d) [Naive] | WAPE: 17.17% | WRMSSE: 1.3286  | fit: 0.01s
2026-09-08 02:35:53.966 | INFO     | src.evaluation.reports:evaluate_predictions:58 - Seasonal naive (7d) [Naive] | WAPE: 12.89% | WRMSSE: 0.9854  | fit: 0.01s
2026-09-08 02:35:54.025 | INFO     | src.evaluation.reports:evaluate_predictions:58 - Seasonal naive (28d) [Naive] | WAPE: 11.37% | WRMSSE: 0.9179  | fit: 0.02s
2026-09-08 02:35:54.084 | INFO     | src.evaluation.reports:evaluate_predictions:58 - Seasonal naive (364d) [Naive] | WAPE: 11.54% | WRMSSE: 1.0240  | fit: 0.02s
2026-09-08 02:35:54.135 | INFO     | src.evaluation.reports:evaluate_predictions:58 -             Drift [Naive] | WAPE: 18.65% | WRMSSE: 1.4628  | fit: 0.01s
2026-09-08 02:35:54.177 | INFO     | src.evaluation.reports:evaluate_predictions:58 -   Historical mean [Naive] | WAPE: 18.79% | WRMSSE: 1.6687  | fit: 0.00s
2026-09-08 02:35:54.224 | INFO     | src.evaluation.reports:evaluate_predictions:58 - Moving average (7d) [Naive] | WAPE: 15.49% | WRMSSE: 1.3321  | fit: 0.00s
2026-09-08 02:35:54.269 | INFO     | src.evaluation.reports:evaluate_predictions:58 - Moving average (14d) [Naive] | WAPE: 14.67% | WRMSSE: 1.2835  | fit: 0.00s
2026-09-08 02:35:54.315 | INFO     | src.evaluation.reports:evaluate_predictions:58 - Moving average (21d) [Naive] | WAPE: 14.02% | WRMSSE: 1.2219  | fit: 0.00s
2026-09-08 02:35:54.361 | INFO     | src.evaluation.reports:evaluate_predictions:58 - Moving average (28d) [Naive] | WAPE: 13.83% | WRMSSE: 1.2003  | fit: 0.00s
2026-09-08 02:35:54.407 | INFO     | src.evaluation.reports:evaluate_predictions:58 - Moving average (35d) [Naive] | WAPE: 14.18% | WRMSSE: 1.2374  | fit: 0.00s
2026-09-08 02:35:54.407 | INFO     | __main__:run_pipeline:652 - Fase naive: 0.6s
2026-09-08 02:36:03.357 | INFO     | src.evaluation.reports:evaluate_predictions:58 -      SARIMA [Statistical] | WAPE: 15.83% | WRMSSE: 1.1786  | fit: 8.84s
2026-09-08 02:36:09.590 | INFO     | src.evaluation.reports:evaluate_predictions:58 - ETS (Holt-Winters) [Statistical] | WAPE: 10.57% | WRMSSE: 0.8367  | fit: 6.07s
2026-09-08 02:36:09.993 | INFO     | src.evaluation.reports:evaluate_predictions:58 -       Theta [Statistical] | WAPE: 10.31% | WRMSSE: 0.8353  | fit: 0.29s
2026-09-08 02:36:37.625 | INFO     | src.evaluation.reports:evaluate_predictions:58 -       TBATS [Statistical] | WAPE: 14.95% | WRMSSE: 1.0978  | fit: 27.52s
2026-09-08 02:36:39.965 | INFO     | src.evaluation.reports:evaluate_predictions:58 -     Prophet [Statistical] | WAPE: 11.09% | WRMSSE: 0.8639  | fit: 2.27s
2026-09-08 02:36:39.966 | INFO     | __main__:run_pipeline:657 - Fase estadísticos clásicos: 45.6s
2026-09-08 02:36:39.966 | INFO     | __main__:run_bench_ml:342 - Bench ML: familia 1/5 -- lightgbm
2026-09-08 02:36:40.023 | INFO     | __main__:tune_optuna_family:311 - [lightgbm] Optuna arrancando: hasta 30 trials (timeout 60s) -- study 'study_level_03_daily_cat_sales_bench_lightgbm'
2026-09-08 02:37:41.039 | INFO     | __main__:tune_optuna_family:321 - [lightgbm] Optuna terminó -- elige hiperparámetros por regression_l2 (no por WRMSSE): mejor regression_l2 = 2783.6636 | WRMSSE de ESE trial: 1.1951 (solo referencia, puede no ser el mínimo posible; el WRMSSE definitivo se reporta abajo, tras reentrenar con estos hiperparámetros)
2026-09-08 02:37:41.041 | INFO     | __main__:tune_optuna_family:327 - [lightgbm] Mejores hiperparámetros: {'learning_rate': 0.1209165053364066, 'num_leaves': 52, 'max_depth': 8, 'min_child_samples': 20, 'subsample': 0.6437405005640229, 'colsample_bytree': 0.7639945342805182, 'reg_alpha': 0.003014772225170552, 'reg_lambda': 0.6440652089244702}
2026-09-08 02:37:43.034 | INFO     | src.evaluation.reports:evaluate_predictions:58 - lightgbm (Optuna bench) [ML] | WAPE: 13.20% | WRMSSE: 1.0994  | fit: 63.01s
2026-09-08 02:37:43.035 | INFO     | __main__:run_bench_ml:342 - Bench ML: familia 2/5 -- xgboost
2026-09-08 02:37:43.084 | INFO     | __main__:tune_optuna_family:311 - [xgboost] Optuna arrancando: hasta 30 trials (timeout 60s) -- study 'study_level_03_daily_cat_sales_bench_xgboost'
2026-09-08 02:39:02.100 | INFO     | __main__:tune_optuna_family:321 - [xgboost] Optuna terminó -- elige hiperparámetros por regression_l2 (no por WRMSSE): mejor regression_l2 = 1044.0122 | WRMSSE de ESE trial: 0.4448 (solo referencia, puede no ser el mínimo posible; el WRMSSE definitivo se reporta abajo, tras reentrenar con estos hiperparámetros)
2026-09-08 02:39:02.102 | INFO     | __main__:tune_optuna_family:327 - [xgboost] Mejores hiperparámetros: {'learning_rate': 0.07835947611987812, 'max_depth': 10, 'min_child_weight': 1.0504742744932498, 'subsample': 0.9640534116578019, 'colsample_bytree': 0.863725652480479, 'reg_alpha': 0.7828165844071346, 'reg_lambda': 0.007676541435737429}
2026-09-08 02:39:17.440 | INFO     | src.evaluation.reports:evaluate_predictions:58 - xgboost (Optuna bench) [ML] | WAPE: 8.93% | WRMSSE: 0.7855  | fit: 94.34s
2026-09-08 02:39:17.440 | INFO     | __main__:run_bench_ml:342 - Bench ML: familia 3/5 -- catboost
2026-09-08 02:39:17.482 | INFO     | __main__:tune_optuna_family:311 - [catboost] Optuna arrancando: hasta 30 trials (timeout 60s) -- study 'study_level_03_daily_cat_sales_bench_catboost'
2026-09-08 02:40:20.029 | INFO     | __main__:tune_optuna_family:321 - [catboost] Optuna terminó -- elige hiperparámetros por regression_l2 (no por WRMSSE): mejor regression_l2 = 7144.1302 | WRMSSE de ESE trial: 2.6504 (solo referencia, puede no ser el mínimo posible; el WRMSSE definitivo se reporta abajo, tras reentrenar con estos hiperparámetros)
2026-09-08 02:40:20.032 | INFO     | __main__:tune_optuna_family:327 - [catboost] Mejores hiperparámetros: {'learning_rate': 0.14532677182367137, 'depth': 5, 'l2_leaf_reg': 1.6983252645916374}
2026-09-08 02:40:23.333 | INFO     | src.evaluation.reports:evaluate_predictions:58 - catboost (Optuna bench) [ML] | WAPE: 37.33% | WRMSSE: 2.6504  | fit: 65.77s
2026-09-08 02:40:23.333 | INFO     | __main__:run_bench_ml:342 - Bench ML: familia 4/5 -- histgb
2026-09-08 02:40:23.403 | INFO     | __main__:tune_optuna_family:311 - [histgb] Optuna arrancando: hasta 30 trials (timeout 60s) -- study 'study_level_03_daily_cat_sales_bench_histgb'
2026-09-08 02:41:43.945 | INFO     | __main__:tune_optuna_family:321 - [histgb] Optuna terminó -- elige hiperparámetros por regression_l2 (no por WRMSSE): mejor regression_l2 = 6586.6357 | WRMSSE de ESE trial: 2.6254 (solo referencia, puede no ser el mínimo posible; el WRMSSE definitivo se reporta abajo, tras reentrenar con estos hiperparámetros)
2026-09-08 02:41:43.947 | INFO     | __main__:tune_optuna_family:327 - [histgb] Mejores hiperparámetros: {'learning_rate': 0.04032148397120551, 'max_leaf_nodes': 176, 'max_depth': 11, 'min_samples_leaf': 178, 'l2_regularization': 1.280763247944713}
2026-09-08 02:41:57.827 | INFO     | src.evaluation.reports:evaluate_predictions:58 - histgb (Optuna bench) [ML] | WAPE: 35.46% | WRMSSE: 2.6254  | fit: 94.16s
2026-09-08 02:41:57.828 | INFO     | __main__:run_bench_ml:342 - Bench ML: familia 5/5 -- ridge
2026-09-08 02:41:57.886 | INFO     | __main__:tune_optuna_family:311 - [ridge] Optuna arrancando: hasta 30 trials (timeout 60s) -- study 'study_level_03_daily_cat_sales_bench_ridge'
2026-09-08 02:42:13.101 | INFO     | __main__:tune_optuna_family:321 - [ridge] Optuna terminó -- elige hiperparámetros por regression_l2 (no por WRMSSE): mejor regression_l2 = 4617.9134 | WRMSSE de ESE trial: 1.7417 (solo referencia, puede no ser el mínimo posible; el WRMSSE definitivo se reporta abajo, tras reentrenar con estos hiperparámetros)
2026-09-08 02:42:13.105 | INFO     | __main__:tune_optuna_family:327 - [ridge] Mejores hiperparámetros: {'alpha': 0.030557570607172693}
2026-09-08 02:42:13.557 | INFO     | src.evaluation.reports:evaluate_predictions:58 - ridge (Optuna bench) [ML] | WAPE: 20.96% | WRMSSE: 1.7417  | fit: 15.60s
2026-09-08 02:42:13.558 | SUCCESS  | __main__:pick_winner:369 - Modelo ganador (bench, 4 familias tree-based comparadas): xgboost | regression_l2=1670.7250
2026-09-08 02:42:13.558 | INFO     | __main__:run_pipeline:663 - Fase bench ML (Optuna corto, 5 familias): 333.6s
2026-09-08 02:42:13.564 | INFO     | __main__:select_features:400 - Top 10 gain importance (xgboost):
cat_id                             1.234557e+10
te_cat_std                         5.985724e+08
te_weekend_mean                    2.335682e+08
lag28                              1.397814e+08
is_store_closed                    9.120866e+07
lag14                              4.699753e+07
lag182                             1.931157e+07
lag7                               1.184022e+07
rolling_mean_lag28_window_size7    1.080308e+07
lag91                              9.230039e+06
dtype: float64
2026-09-08 02:42:51.677 | INFO     | __main__:select_features:407 - Top 10 permutation importance (xgboost):
cat_id                             7169.883911
te_weekend_mean                    1956.822974
lag28                               978.812573
te_cat_std                          188.489331
day                                 176.878882
event_name_1                        166.873584
lag182                              148.106104
lag364                               32.661987
lag7                                 31.688745
rolling_mean_lag28_window_size7      30.734790
dtype: float64
2026-09-08 02:43:12.659 | INFO     | src.modeling.feature_selection:backward_feature_selection:139 - Baseline (191 features): regression_l2=1670.7250 | WRMSSE=0.7855 (informativo)
2026-09-08 02:43:59.173 | WARNING  | src.modeling.feature_selection:try_remove:162 - ELIMINADA(S) 'doy_cos' -> 190 features | regression_l2=1666.1233 | WRMSSE=0.7808
2026-09-08 02:44:26.121 | WARNING  | src.modeling.feature_selection:try_remove:162 - ELIMINADA(S) 'rolling_std_lag28_window_size7' -> 189 features | regression_l2=1594.7428 | WRMSSE=0.7388
2026-09-08 03:36:53.641 | WARNING  | src.modeling.feature_selection:try_remove:162 - ELIMINADA(S) 8 features ['rolling_mean_lag5_window_size14', 'rolling_std_lag5_window_size14', 'lag10', 'lag27', 'lag42', 'lag56', 'rolling_std_lag28_window_size28', 'rolling_std_lag5_window_size7'] -> 181 features | regression_l2=1590.2021 | WRMSSE=0.7427
2026-09-08 04:56:38.326 | INFO     | src.modeling.feature_selection:backward_feature_selection:189 - Seleccionadas 181/191 features | regression_l2 final: 1590.2021 | WRMSSE final: 0.7427
2026-09-08 04:56:38.329 | INFO     | __main__:select_features:426 - Features descartadas (10): ['doy_cos', 'lag10', 'lag27', 'lag42', 'lag56', 'rolling_mean_lag5_window_size14', 'rolling_std_lag28_window_size28', 'rolling_std_lag28_window_size7', 'rolling_std_lag5_window_size14', 'rolling_std_lag5_window_size7']
2026-09-08 04:56:38.348 | INFO     | __main__:select_features:439 - Features finales: 181 (9 categóricas) | regression_l2=1590.2021 | WRMSSE=0.7427 (informativo)
2026-09-08 04:56:38.349 | INFO     | __main__:run_pipeline:674 - Fase selección de features: 8064.8s
2026-09-08 04:57:08.795 | INFO     | src.evaluation.reports:evaluate_predictions:58 - xgboost (Optuna bench, selected features) [ML] | WAPE: 8.31% | WRMSSE: 0.7427  | fit: 30.38s
2026-09-08 04:57:10.649 | INFO     | __main__:run_shap:485 - SHAP (xgboost): feature más importante = cat_id | plots guardados en /home/njimenez/workspace/magister/forecast-tfm/artifacts/plots
2026-09-08 04:57:10.650 | INFO     | __main__:run_pipeline:679 - Fase SHAP: 32.3s
2026-09-08 04:57:10.693 | INFO     | __main__:tune_optuna_family:311 - [xgboost] Optuna arrancando: hasta 100 trials (timeout 120s) -- study 'study_level_03_daily_cat_sales_final_xgboost'
2026-09-08 04:59:18.861 | INFO     | __main__:tune_optuna_family:321 - [xgboost] Optuna terminó -- elige hiperparámetros por regression_l2 (no por WRMSSE): mejor regression_l2 = 885.8527 | WRMSSE de ESE trial: 0.3863 (solo referencia, puede no ser el mínimo posible; el WRMSSE definitivo se reporta abajo, tras reentrenar con estos hiperparámetros)
2026-09-08 04:59:18.862 | INFO     | __main__:tune_optuna_family:327 - [xgboost] Mejores hiperparámetros: {'learning_rate': 0.11202914600615087, 'max_depth': 10, 'min_child_weight': 2.2042421092983187, 'subsample': 0.933733622002059, 'colsample_bytree': 0.9728984059205478, 'reg_alpha': 1.94014573129907, 'reg_lambda': 0.0010576320755806294}
2026-09-08 04:59:18.864 | INFO     | __main__:run_pipeline:685 - Fase Optuna final: 128.2s
2026-09-08 04:59:29.805 | INFO     | __main__:fit_final_model:534 - CV (1 folds) best_iteration: [33] -> n_estimators final = 33
2026-09-08 04:59:29.872 | INFO     | src.evaluation.reports:evaluate_predictions:58 - xgboost (final, Optuna) [ML] | WAPE: 9.23% | WRMSSE: 0.8306  | fit: 10.97s
2026-09-08 04:59:37.676 | INFO     | __main__:fit_final_model:555 - Test WAPE: 7.25% | Test WRMSSE: 0.6049
2026-09-08 04:59:39.670 | INFO     | __main__:save_model_comparison:390 - Comparación de modelos guardada en /home/njimenez/workspace/magister/forecast-tfm/artifacts/results
2026-09-08 04:59:39.750 | SUCCESS  | __main__:export_artifact:629 - Artifact guardado en /home/njimenez/workspace/magister/forecast-tfm/artifacts/models/level_03_daily_cat_sales_artifact.pkl (modelo: xgboost)
2026-09-08 04:59:39.780 | SUCCESS  | __main__:export_artifact:639 - Versión 20260908T075939Z registrada en registry.json
2026-09-08 04:59:39.780 | INFO     | __main__:run_pipeline:693 - Pipeline completo (level_03_daily_cat/sales) en 8626.3s
2026-09-08 04:59:39.988 | INFO     | src.data.split:load_data:364 - level_03_weekly_cat | target=sales | 834 filas | 109 features (9 categóricas)
2026-09-08 04:59:39.993 | INFO     | src.data.split:log_summary:48 - Train : 2011-01-29 to 2015-04-20 (1,549 days, 666 rows)
2026-09-08 04:59:39.994 | INFO     | src.data.split:log_summary:49 - Valid : 2015-04-27 to 2016-04-18 (364 days, 156 rows)
2026-09-08 04:59:39.994 | INFO     | src.data.split:log_summary:50 - Test  : 2016-04-25 to 2016-05-16 (22 days, 12 rows)
2026-09-08 04:59:40.214 | INFO     | src.data.split:split_data:447 - Features: 109 (9 categóricas)
2026-09-08 04:59:40.251 | INFO     | src.evaluation.reports:evaluate_predictions:58 - Seasonal naive (1w) [Naive] | WAPE: 11.70% | WRMSSE: 1.5277  | fit: 0.01s
2026-09-08 04:59:40.285 | INFO     | src.evaluation.reports:evaluate_predictions:58 - Seasonal naive (4w) [Naive] | WAPE: 8.68% | WRMSSE: 1.2442  | fit: 0.01s
2026-09-08 04:59:40.319 | INFO     | src.evaluation.reports:evaluate_predictions:58 - Seasonal naive (52w) [Naive] | WAPE: 9.65% | WRMSSE: 1.6775  | fit: 0.01s
2026-09-08 04:59:40.355 | INFO     | src.evaluation.reports:evaluate_predictions:58 -             Drift [Naive] | WAPE: 7.64% | WRMSSE: 1.1685  | fit: 0.01s
2026-09-08 04:59:40.384 | INFO     | src.evaluation.reports:evaluate_predictions:58 -   Historical mean [Naive] | WAPE: 16.83% | WRMSSE: 2.7663  | fit: 0.00s
2026-09-08 04:59:40.415 | INFO     | src.evaluation.reports:evaluate_predictions:58 - Moving average (2w) [Naive] | WAPE: 10.38% | WRMSSE: 1.4325  | fit: 0.00s
2026-09-08 04:59:40.445 | INFO     | src.evaluation.reports:evaluate_predictions:58 - Moving average (3w) [Naive] | WAPE: 8.77% | WRMSSE: 1.2368  | fit: 0.00s
2026-09-08 04:59:40.476 | INFO     | src.evaluation.reports:evaluate_predictions:58 - Moving average (4w) [Naive] | WAPE: 8.19% | WRMSSE: 1.1701  | fit: 0.00s
2026-09-08 04:59:40.505 | INFO     | src.evaluation.reports:evaluate_predictions:58 - Moving average (6w) [Naive] | WAPE: 9.59% | WRMSSE: 1.3313  | fit: 0.00s
2026-09-08 04:59:40.536 | INFO     | src.evaluation.reports:evaluate_predictions:58 - Moving average (8w) [Naive] | WAPE: 8.83% | WRMSSE: 1.2561  | fit: 0.00s
2026-09-08 04:59:40.537 | INFO     | __main__:run_pipeline:652 - Fase naive: 0.3s
2026-09-08 04:59:47.289 | INFO     | src.evaluation.reports:evaluate_predictions:58 -      SARIMA [Statistical] | WAPE: 7.81% | WRMSSE: 1.0696  | fit: 6.69s
2026-09-08 04:59:51.401 | INFO     | src.evaluation.reports:evaluate_predictions:58 - ETS (Holt-Winters) [Statistical] | WAPE: 5.68% | WRMSSE: 0.8441  | fit: 3.96s
2026-09-08 04:59:51.649 | INFO     | src.evaluation.reports:evaluate_predictions:58 -       Theta [Statistical] | WAPE: 8.20% | WRMSSE: 1.1437  | fit: 0.17s
2026-09-08 05:00:20.251 | INFO     | src.evaluation.reports:evaluate_predictions:58 -       TBATS [Statistical] | WAPE: 15.93% | WRMSSE: 2.7197  | fit: 28.53s
2026-09-08 05:00:21.039 | INFO     | src.evaluation.reports:evaluate_predictions:58 -     Prophet [Statistical] | WAPE: 8.45% | WRMSSE: 1.2418  | fit: 0.72s
2026-09-08 05:00:21.040 | INFO     | __main__:run_pipeline:657 - Fase estadísticos clásicos: 40.5s
2026-09-08 05:00:21.041 | INFO     | __main__:run_bench_ml:342 - Bench ML: familia 1/5 -- lightgbm
2026-09-08 05:00:21.154 | INFO     | __main__:tune_optuna_family:311 - [lightgbm] Optuna arrancando: hasta 30 trials (timeout 60s) -- study 'study_level_03_weekly_cat_sales_bench_lightgbm'
2026-09-08 05:01:15.518 | INFO     | __main__:tune_optuna_family:321 - [lightgbm] Optuna terminó -- elige hiperparámetros por regression_l2 (no por WRMSSE): mejor regression_l2 = 18139.9892 | WRMSSE de ESE trial: 2.0696 (solo referencia, puede no ser el mínimo posible; el WRMSSE definitivo se reporta abajo, tras reentrenar con estos hiperparámetros)
2026-09-08 05:01:15.520 | INFO     | __main__:tune_optuna_family:327 - [lightgbm] Mejores hiperparámetros: {'learning_rate': 0.12907402230775522, 'num_leaves': 110, 'max_depth': 8, 'min_child_samples': 86, 'subsample': 0.9947699599379092, 'colsample_bytree': 0.8353348413170694, 'reg_alpha': 0.051209275303360655, 'reg_lambda': 0.4091672624083911}
2026-09-08 05:01:15.722 | INFO     | src.evaluation.reports:evaluate_predictions:58 - lightgbm (Optuna bench) [ML] | WAPE: 14.93% | WRMSSE: 2.3005  | fit: 54.64s
2026-09-08 05:01:15.722 | INFO     | __main__:run_bench_ml:342 - Bench ML: familia 2/5 -- xgboost
2026-09-08 05:01:15.797 | INFO     | __main__:tune_optuna_family:311 - [xgboost] Optuna arrancando: hasta 30 trials (timeout 60s) -- study 'study_level_03_weekly_cat_sales_bench_xgboost'
2026-09-08 05:02:15.898 | INFO     | __main__:tune_optuna_family:321 - [xgboost] Optuna terminó -- elige hiperparámetros por regression_l2 (no por WRMSSE): mejor regression_l2 = 7524.2197 | WRMSSE de ESE trial: 0.8750 (solo referencia, puede no ser el mínimo posible; el WRMSSE definitivo se reporta abajo, tras reentrenar con estos hiperparámetros)
2026-09-08 05:02:15.901 | INFO     | __main__:tune_optuna_family:327 - [xgboost] Mejores hiperparámetros: {'learning_rate': 0.10161513909081091, 'max_depth': 8, 'min_child_weight': 2.2609913102778183, 'subsample': 0.9087696049520285, 'colsample_bytree': 0.813154008229878, 'reg_alpha': 0.0011883905112014027, 'reg_lambda': 0.01853549910684811}
2026-09-08 05:02:20.976 | INFO     | src.evaluation.reports:evaluate_predictions:58 - xgboost (Optuna bench) [ML] | WAPE: 5.10% | WRMSSE: 0.8750  | fit: 65.17s
2026-09-08 05:02:20.976 | INFO     | __main__:run_bench_ml:342 - Bench ML: familia 3/5 -- catboost
2026-09-08 05:02:21.053 | INFO     | __main__:tune_optuna_family:311 - [catboost] Optuna arrancando: hasta 30 trials (timeout 60s) -- study 'study_level_03_weekly_cat_sales_bench_catboost'
2026-09-08 05:03:36.437 | INFO     | __main__:tune_optuna_family:321 - [catboost] Optuna terminó -- elige hiperparámetros por regression_l2 (no por WRMSSE): mejor regression_l2 = 37784.4359 | WRMSSE de ESE trial: 3.4182 (solo referencia, puede no ser el mínimo posible; el WRMSSE definitivo se reporta abajo, tras reentrenar con estos hiperparámetros)
2026-09-08 05:03:36.443 | INFO     | __main__:tune_optuna_family:327 - [catboost] Mejores hiperparámetros: {'learning_rate': 0.054816785328198704, 'depth': 10, 'l2_leaf_reg': 5.395030966670228}
2026-09-08 05:04:59.215 | INFO     | src.evaluation.reports:evaluate_predictions:58 - catboost (Optuna bench) [ML] | WAPE: 27.56% | WRMSSE: 3.4182  | fit: 158.16s
2026-09-08 05:04:59.216 | INFO     | __main__:run_bench_ml:342 - Bench ML: familia 4/5 -- histgb
2026-09-08 05:04:59.320 | INFO     | __main__:tune_optuna_family:311 - [histgb] Optuna arrancando: hasta 30 trials (timeout 60s) -- study 'study_level_03_weekly_cat_sales_bench_histgb'
2026-09-08 05:05:56.773 | INFO     | __main__:tune_optuna_family:321 - [histgb] Optuna terminó -- elige hiperparámetros por regression_l2 (no por WRMSSE): mejor regression_l2 = 14597.1383 | WRMSSE de ESE trial: 1.5727 (solo referencia, puede no ser el mínimo posible; el WRMSSE definitivo se reporta abajo, tras reentrenar con estos hiperparámetros)
2026-09-08 05:05:56.776 | INFO     | __main__:tune_optuna_family:327 - [histgb] Mejores hiperparámetros: {'learning_rate': 0.10247330158107547, 'max_leaf_nodes': 230, 'max_depth': 4, 'min_samples_leaf': 173, 'l2_regularization': 0.883135023774737}
2026-09-08 05:05:58.111 | INFO     | src.evaluation.reports:evaluate_predictions:58 - histgb (Optuna bench) [ML] | WAPE: 10.48% | WRMSSE: 1.5727  | fit: 58.83s
2026-09-08 05:05:58.111 | INFO     | __main__:run_bench_ml:342 - Bench ML: familia 5/5 -- ridge
2026-09-08 05:05:58.168 | INFO     | __main__:tune_optuna_family:311 - [ridge] Optuna arrancando: hasta 30 trials (timeout 60s) -- study 'study_level_03_weekly_cat_sales_bench_ridge'
2026-09-08 05:06:02.967 | INFO     | __main__:tune_optuna_family:321 - [ridge] Optuna terminó -- elige hiperparámetros por regression_l2 (no por WRMSSE): mejor regression_l2 = 26611.9162 | WRMSSE de ESE trial: 2.8210 (solo referencia, puede no ser el mínimo posible; el WRMSSE definitivo se reporta abajo, tras reentrenar con estos hiperparámetros)
2026-09-08 05:06:02.969 | INFO     | __main__:tune_optuna_family:327 - [ridge] Mejores hiperparámetros: {'alpha': 0.006944088880118898}
2026-09-08 05:06:03.035 | INFO     | src.evaluation.reports:evaluate_predictions:58 - ridge (Optuna bench) [ML] | WAPE: 18.90% | WRMSSE: 2.8210  | fit: 4.88s
2026-09-08 05:06:03.035 | SUCCESS  | __main__:pick_winner:369 - Modelo ganador (bench, 4 familias tree-based comparadas): xgboost | regression_l2=7524.2197
2026-09-08 05:06:03.036 | INFO     | __main__:run_pipeline:663 - Fase bench ML (Optuna corto, 5 familias): 342.0s
2026-09-08 05:06:03.040 | INFO     | __main__:select_features:400 - Top 10 gain importance (xgboost):
te_weekend_mean                   8.733679e+10
cat_id                            8.052148e+09
te_cat_mean                       3.042934e+09
days_since_newyear                3.005625e+09
te_snap_mean                      2.744173e+09
rolling_max_lag52_window_size4    1.918941e+09
lag4                              7.810444e+08
lag52                             7.336718e+08
lag1                              3.385939e+08
adi_expanding                     1.219779e+08
dtype: float64
2026-09-08 05:06:14.220 | INFO     | __main__:select_features:407 - Top 10 permutation importance (xgboost):
te_weekend_mean    42966.476367
cat_id              9351.073047
lag4                5499.202539
te_cat_mean         2794.371289
lag26               1263.860547
lag52               1222.321289
lag17               1200.154297
te_snap_mean        1007.123633
lag22                849.268555
day                  808.571484
dtype: float64
2026-09-08 05:06:18.612 | INFO     | src.modeling.feature_selection:backward_feature_selection:139 - Baseline (109 features): regression_l2=7524.2197 | WRMSSE=0.8750 (informativo)
2026-09-08 05:06:35.407 | WARNING  | src.modeling.feature_selection:try_remove:162 - ELIMINADA(S) 'rolling_max_lag13_window_size26' -> 108 features | regression_l2=7493.3675 | WRMSSE=0.8278
2026-09-08 05:14:38.973 | WARNING  | src.modeling.feature_selection:try_remove:162 - ELIMINADA(S) 'days_since_newyear' -> 107 features | regression_l2=7442.9752 | WRMSSE=0.8665
2026-09-08 05:22:21.958 | INFO     | src.modeling.feature_selection:backward_feature_selection:189 - Seleccionadas 107/109 features | regression_l2 final: 7442.9752 | WRMSSE final: 0.8665
2026-09-08 05:22:21.960 | INFO     | __main__:select_features:426 - Features descartadas (2): ['days_since_newyear', 'rolling_max_lag13_window_size26']
2026-09-08 05:22:21.968 | INFO     | __main__:select_features:439 - Features finales: 107 (9 categóricas) | regression_l2=7442.9752 | WRMSSE=0.8665 (informativo)
2026-09-08 05:22:21.968 | INFO     | __main__:run_pipeline:674 - Fase selección de features: 978.9s
2026-09-08 05:22:26.575 | INFO     | src.evaluation.reports:evaluate_predictions:58 - xgboost (Optuna bench, selected features) [ML] | WAPE: 5.01% | WRMSSE: 0.8645  | fit: 4.56s
2026-09-08 05:22:28.135 | INFO     | __main__:run_shap:485 - SHAP (xgboost): feature más importante = te_weekend_mean | plots guardados en /home/njimenez/workspace/magister/forecast-tfm/artifacts/plots
2026-09-08 05:22:28.137 | INFO     | __main__:run_pipeline:679 - Fase SHAP: 6.2s
2026-09-08 05:22:28.192 | INFO     | __main__:tune_optuna_family:311 - [xgboost] Optuna arrancando: hasta 100 trials (timeout 120s) -- study 'study_level_03_weekly_cat_sales_final_xgboost'
2026-09-08 05:24:32.366 | INFO     | __main__:tune_optuna_family:321 - [xgboost] Optuna terminó -- elige hiperparámetros por regression_l2 (no por WRMSSE): mejor regression_l2 = 7134.8259 | WRMSSE de ESE trial: 0.7892 (solo referencia, puede no ser el mínimo posible; el WRMSSE definitivo se reporta abajo, tras reentrenar con estos hiperparámetros)
2026-09-08 05:24:32.370 | INFO     | __main__:tune_optuna_family:327 - [xgboost] Mejores hiperparámetros: {'learning_rate': 0.08000901213327702, 'max_depth': 9, 'min_child_weight': 2.197878416935077, 'subsample': 0.9993339482967073, 'colsample_bytree': 0.9786167796977798, 'reg_alpha': 0.009995665990971089, 'reg_lambda': 0.0024575720026684925}
2026-09-08 05:24:32.374 | INFO     | __main__:run_pipeline:685 - Fase Optuna final: 124.2s
2026-09-08 05:24:40.578 | INFO     | __main__:fit_final_model:534 - CV (1 folds) best_iteration: [85] -> n_estimators final = 85
2026-09-08 05:24:40.669 | INFO     | src.evaluation.reports:evaluate_predictions:58 - xgboost (final, Optuna) [ML] | WAPE: 4.80% | WRMSSE: 0.7892  | fit: 8.24s
2026-09-08 05:24:47.693 | INFO     | __main__:fit_final_model:555 - Test WAPE: 5.73% | Test WRMSSE: 0.7637
2026-09-08 05:24:50.182 | INFO     | __main__:save_model_comparison:390 - Comparación de modelos guardada en /home/njimenez/workspace/magister/forecast-tfm/artifacts/results
2026-09-08 05:24:50.383 | SUCCESS  | __main__:export_artifact:629 - Artifact guardado en /home/njimenez/workspace/magister/forecast-tfm/artifacts/models/level_03_weekly_cat_sales_artifact.pkl (modelo: xgboost)
2026-09-08 05:24:50.487 | SUCCESS  | __main__:export_artifact:639 - Versión 20260908T082450Z registrada en registry.json
2026-09-08 05:24:50.488 | INFO     | __main__:run_pipeline:693 - Pipeline completo (level_03_weekly_cat/sales) en 1510.5s
2026-09-08 05:24:50.980 | INFO     | src.data.split:load_data:364 - level_04_daily_dept | target=sales | 13,587 filas | 191 features (9 categóricas)
2026-09-08 05:24:50.997 | INFO     | src.data.split:log_summary:48 - Train : 2011-01-29 to 2015-04-26 (1,549 days, 10,843 rows)
2026-09-08 05:24:50.998 | INFO     | src.data.split:log_summary:49 - Valid : 2015-04-27 to 2016-04-24 (364 days, 2,548 rows)
2026-09-08 05:24:50.998 | INFO     | src.data.split:log_summary:50 - Test  : 2016-04-25 to 2016-05-22 (28 days, 196 rows)
2026-09-08 05:24:51.467 | INFO     | src.data.split:split_data:447 - Features: 191 (9 categóricas)
2026-09-08 05:24:51.618 | INFO     | src.evaluation.reports:evaluate_predictions:58 - Seasonal naive (1d) [Naive] | WAPE: 18.49% | WRMSSE: 1.3949  | fit: 0.05s
2026-09-08 05:24:51.768 | INFO     | src.evaluation.reports:evaluate_predictions:58 - Seasonal naive (7d) [Naive] | WAPE: 13.67% | WRMSSE: 1.0629  | fit: 0.05s
2026-09-08 05:24:51.896 | INFO     | src.evaluation.reports:evaluate_predictions:58 - Seasonal naive (28d) [Naive] | WAPE: 12.70% | WRMSSE: 1.0286  | fit: 0.04s
2026-09-08 05:24:52.068 | INFO     | src.evaluation.reports:evaluate_predictions:58 - Seasonal naive (364d) [Naive] | WAPE: 13.62% | WRMSSE: 1.1354  | fit: 0.07s
2026-09-08 05:24:52.187 | INFO     | src.evaluation.reports:evaluate_predictions:58 -             Drift [Naive] | WAPE: 19.93% | WRMSSE: 1.5081  | fit: 0.02s
2026-09-08 05:24:52.292 | INFO     | src.evaluation.reports:evaluate_predictions:58 -   Historical mean [Naive] | WAPE: 20.43% | WRMSSE: 1.7444  | fit: 0.00s
2026-09-08 05:24:52.391 | INFO     | src.evaluation.reports:evaluate_predictions:58 - Moving average (7d) [Naive] | WAPE: 16.45% | WRMSSE: 1.3856  | fit: 0.01s
2026-09-08 05:24:52.489 | INFO     | src.evaluation.reports:evaluate_predictions:58 - Moving average (14d) [Naive] | WAPE: 15.78% | WRMSSE: 1.3462  | fit: 0.01s
2026-09-08 05:24:52.602 | INFO     | src.evaluation.reports:evaluate_predictions:58 - Moving average (21d) [Naive] | WAPE: 15.14% | WRMSSE: 1.2774  | fit: 0.01s
2026-09-08 05:24:52.712 | INFO     | src.evaluation.reports:evaluate_predictions:58 - Moving average (28d) [Naive] | WAPE: 14.99% | WRMSSE: 1.2605  | fit: 0.01s
2026-09-08 05:24:52.822 | INFO     | src.evaluation.reports:evaluate_predictions:58 - Moving average (35d) [Naive] | WAPE: 15.31% | WRMSSE: 1.2966  | fit: 0.01s
2026-09-08 05:24:52.822 | INFO     | __main__:run_pipeline:652 - Fase naive: 1.4s
2026-09-08 05:25:08.774 | INFO     | src.evaluation.reports:evaluate_predictions:58 -      SARIMA [Statistical] | WAPE: 16.39% | WRMSSE: 1.2091  | fit: 15.83s
2026-09-08 05:25:11.157 | INFO     | src.evaluation.reports:evaluate_predictions:58 - ETS (Holt-Winters) [Statistical] | WAPE: 11.87% | WRMSSE: 0.9401  | fit: 2.27s
2026-09-08 05:25:11.656 | INFO     | src.evaluation.reports:evaluate_predictions:58 -       Theta [Statistical] | WAPE: 11.32% | WRMSSE: 0.9193  | fit: 0.41s
2026-09-08 05:25:37.447 | INFO     | src.evaluation.reports:evaluate_predictions:58 -       TBATS [Statistical] | WAPE: 16.44% | WRMSSE: 1.2332  | fit: 25.71s
2026-09-08 05:25:39.800 | INFO     | src.evaluation.reports:evaluate_predictions:58 -     Prophet [Statistical] | WAPE: 12.56% | WRMSSE: 0.9501  | fit: 2.27s
2026-09-08 05:25:39.801 | INFO     | __main__:run_pipeline:657 - Fase estadísticos clásicos: 47.0s
2026-09-08 05:25:39.801 | INFO     | __main__:run_bench_ml:342 - Bench ML: familia 1/5 -- lightgbm
2026-09-08 05:25:39.842 | INFO     | __main__:tune_optuna_family:311 - [lightgbm] Optuna arrancando: hasta 30 trials (timeout 60s) -- study 'study_level_04_daily_dept_sales_bench_lightgbm'
2026-09-08 05:27:25.524 | INFO     | __main__:tune_optuna_family:321 - [lightgbm] Optuna terminó -- elige hiperparámetros por regression_l2 (no por WRMSSE): mejor regression_l2 = 1581.7659 | WRMSSE de ESE trial: 1.3947 (solo referencia, puede no ser el mínimo posible; el WRMSSE definitivo se reporta abajo, tras reentrenar con estos hiperparámetros)
2026-09-08 05:27:25.529 | INFO     | __main__:tune_optuna_family:327 - [lightgbm] Mejores hiperparámetros: {'learning_rate': 0.033278412094718345, 'num_leaves': 208, 'max_depth': 9, 'min_child_samples': 23, 'subsample': 0.7783116615922907, 'colsample_bytree': 0.6648920811402232, 'reg_alpha': 0.01571666241722599, 'reg_lambda': 0.0013524348106999985}
2026-09-08 05:27:33.855 | INFO     | src.evaluation.reports:evaluate_predictions:58 - lightgbm (Optuna bench) [ML] | WAPE: 17.90% | WRMSSE: 1.3510  | fit: 113.96s
2026-09-08 05:27:33.855 | INFO     | __main__:run_bench_ml:342 - Bench ML: familia 2/5 -- xgboost
2026-09-08 05:27:33.908 | INFO     | __main__:tune_optuna_family:311 - [xgboost] Optuna arrancando: hasta 30 trials (timeout 60s) -- study 'study_level_04_daily_dept_sales_bench_xgboost'
2026-09-08 05:28:39.079 | INFO     | __main__:tune_optuna_family:321 - [xgboost] Optuna terminó -- elige hiperparámetros por regression_l2 (no por WRMSSE): mejor regression_l2 = 922.1082 | WRMSSE de ESE trial: 0.9820 (solo referencia, puede no ser el mínimo posible; el WRMSSE definitivo se reporta abajo, tras reentrenar con estos hiperparámetros)
2026-09-08 05:28:39.082 | INFO     | __main__:tune_optuna_family:327 - [xgboost] Mejores hiperparámetros: {'learning_rate': 0.062058071237459135, 'max_depth': 9, 'min_child_weight': 1.8021474629084508, 'subsample': 0.8187496431034856, 'colsample_bytree': 0.8085153440492214, 'reg_alpha': 1.3568911475978342, 'reg_lambda': 0.0037440948673433208}
2026-09-08 05:29:18.724 | INFO     | src.evaluation.reports:evaluate_predictions:58 - xgboost (Optuna bench) [ML] | WAPE: 17.93% | WRMSSE: 1.4136  | fit: 104.73s
2026-09-08 05:29:18.724 | INFO     | __main__:run_bench_ml:342 - Bench ML: familia 3/5 -- catboost
2026-09-08 05:29:18.765 | INFO     | __main__:tune_optuna_family:311 - [catboost] Optuna arrancando: hasta 30 trials (timeout 60s) -- study 'study_level_04_daily_dept_sales_bench_catboost'
2026-09-08 05:30:28.981 | INFO     | __main__:tune_optuna_family:321 - [catboost] Optuna terminó -- elige hiperparámetros por regression_l2 (no por WRMSSE): mejor regression_l2 = 4079.6830 | WRMSSE de ESE trial: 2.7252 (solo referencia, puede no ser el mínimo posible; el WRMSSE definitivo se reporta abajo, tras reentrenar con estos hiperparámetros)
2026-09-08 05:30:28.984 | INFO     | __main__:tune_optuna_family:327 - [catboost] Mejores hiperparámetros: {'learning_rate': 0.13498424012075178, 'depth': 4, 'l2_leaf_reg': 8.084716496554307}
2026-09-08 05:30:34.742 | INFO     | src.evaluation.reports:evaluate_predictions:58 - catboost (Optuna bench) [ML] | WAPE: 41.31% | WRMSSE: 2.7252  | fit: 75.84s
2026-09-08 05:30:34.742 | INFO     | __main__:run_bench_ml:342 - Bench ML: familia 4/5 -- histgb
2026-09-08 05:30:34.811 | INFO     | __main__:tune_optuna_family:311 - [histgb] Optuna arrancando: hasta 30 trials (timeout 60s) -- study 'study_level_04_daily_dept_sales_bench_histgb'
2026-09-08 05:31:44.040 | INFO     | __main__:tune_optuna_family:321 - [histgb] Optuna terminó -- elige hiperparámetros por regression_l2 (no por WRMSSE): mejor regression_l2 = 2638.6888 | WRMSSE de ESE trial: 2.0410 (solo referencia, puede no ser el mínimo posible; el WRMSSE definitivo se reporta abajo, tras reentrenar con estos hiperparámetros)
2026-09-08 05:31:44.042 | INFO     | __main__:tune_optuna_family:327 - [histgb] Mejores hiperparámetros: {'learning_rate': 0.031456163175583855, 'max_leaf_nodes': 248, 'max_depth': 13, 'min_samples_leaf': 58, 'l2_regularization': 0.004705059281907645}
2026-09-08 05:32:42.654 | INFO     | src.evaluation.reports:evaluate_predictions:58 - histgb (Optuna bench) [ML] | WAPE: 32.71% | WRMSSE: 2.2715  | fit: 127.18s
2026-09-08 05:32:42.654 | INFO     | __main__:run_bench_ml:342 - Bench ML: familia 5/5 -- ridge
2026-09-08 05:32:42.728 | INFO     | __main__:tune_optuna_family:311 - [ridge] Optuna arrancando: hasta 30 trials (timeout 60s) -- study 'study_level_04_daily_dept_sales_bench_ridge'
2026-09-08 05:33:05.523 | INFO     | __main__:tune_optuna_family:321 - [ridge] Optuna terminó -- elige hiperparámetros por regression_l2 (no por WRMSSE): mejor regression_l2 = 2970.2645 | WRMSSE de ESE trial: 2.0794 (solo referencia, puede no ser el mínimo posible; el WRMSSE definitivo se reporta abajo, tras reentrenar con estos hiperparámetros)
2026-09-08 05:33:05.526 | INFO     | __main__:tune_optuna_family:327 - [ridge] Mejores hiperparámetros: {'alpha': 0.0010034714788271749}
2026-09-08 05:33:05.910 | INFO     | src.evaluation.reports:evaluate_predictions:58 - ridge (Optuna bench) [ML] | WAPE: 31.10% | WRMSSE: 2.0794  | fit: 23.17s
2026-09-08 05:33:05.911 | SUCCESS  | __main__:pick_winner:369 - Modelo ganador (bench, 4 familias tree-based comparadas): xgboost | regression_l2=1361.1681
2026-09-08 05:33:05.911 | INFO     | __main__:run_pipeline:663 - Fase bench ML (Optuna corto, 5 familias): 446.1s
2026-09-08 05:33:05.916 | INFO     | __main__:select_features:400 - Top 10 gain importance (xgboost):
dept_id                            1.354198e+09
te_weekend_mean                    1.400888e+08
lag1                               8.466866e+07
lag28                              7.621074e+07
lag7                               4.362578e+07
rolling_mean_lag1_window_size35    4.298219e+07
rolling_mean_lag1_window_size7     3.647514e+07
rolling_max_lag1_window_size7      1.744705e+07
te_event_mean                      9.489040e+06
is_store_closed                    4.268634e+06
dtype: float64
2026-09-08 05:33:43.574 | INFO     | __main__:select_features:407 - Top 10 permutation importance (xgboost):
dept_id            3779.362378
lag28               659.149219
te_weekend_mean     506.037671
lag7                 63.630933
lag364               46.847412
lag56                45.147046
event_name_1         40.062671
lag21                35.574829
lag91                28.463062
day                  27.790186
dtype: float64
2026-09-08 05:34:04.017 | INFO     | src.modeling.feature_selection:backward_feature_selection:139 - Baseline (191 features): regression_l2=1361.1681 | WRMSSE=1.4136 (informativo)
2026-09-08 05:34:32.086 | WARNING  | src.modeling.feature_selection:try_remove:162 - ELIMINADA(S) 8 features ['price_vs_mean', 'lag23', 'lag24', 'rolling_max_lag6_window_size14', 'lag17', 'lag10', 'lag16', 'lag25'] -> 183 features | regression_l2=1296.7533 | WRMSSE=1.3497
2026-09-08 05:34:56.342 | WARNING  | src.modeling.feature_selection:try_remove:162 - ELIMINADA(S) 8 features ['days_to_thanksgiving', 'rolling_mean_lag28_window_size91', 'rolling_mean_lag91_window_size91', 'rolling_mean_lag364_window_size91', 'rolling_max_lag91_window_size91', 'lag11', 'rolling_std_lag91_window_size91', 'lag8'] -> 175 features | regression_l2=1207.3865 | WRMSSE=1.2603
2026-09-08 05:35:07.985 | WARNING  | src.modeling.feature_selection:try_remove:162 - ELIMINADA(S) 8 features ['rolling_std_lag91_window_size28', 'lag26', 'rolling_std_lag28_window_size28', 'lag19', 'rolling_std_lag7_window_size14', 'lag6', 'rolling_std_lag28_window_size7', 'lag15'] -> 167 features | regression_l2=1200.2349 | WRMSSE=1.2736
2026-09-08 05:35:22.672 | WARNING  | src.modeling.feature_selection:try_remove:162 - ELIMINADA(S) 8 features ['rolling_std_lag28_window_size91', 'rolling_mean_lag7_window_size14', 'rolling_max_lag364_window_size28', 'rolling_std_lag7_window_size7', 'seasonal_mean_lag364_7_8', 'rolling_std_lag4_window_size7', 'days_since_event', 'lag9'] -> 159 features | regression_l2=1165.4957 | WRMSSE=1.1990
2026-09-08 05:35:32.144 | WARNING  | src.modeling.feature_selection:try_remove:162 - ELIMINADA(S) 8 features ['expanding_mean_lag91', 'month_cos', 'month_sin', 'rolling_max_lag1_window_size7', 'lag12', 'rolling_std_lag2_window_size7', 'rolling_mean_lag3_window_size14', 'rolling_std_lag364_window_size91'] -> 151 features | regression_l2=1162.6734 | WRMSSE=1.2076
2026-09-08 06:16:43.474 | WARNING  | src.modeling.feature_selection:try_remove:162 - ELIMINADA(S) 8 features ['lag1', 'rolling_min_lag91_window_size28', 'lag14', 'seasonal_mean_lag364_364_2', 'dayofweek', 'day', 'lag91', 'lag21'] -> 143 features | regression_l2=1075.2836 | WRMSSE=1.0056
2026-09-08 06:17:14.461 | WARNING  | src.modeling.feature_selection:try_remove:162 - ELIMINADA(S) 'event_name_1' -> 142 features | regression_l2=1050.2473 | WRMSSE=1.0314
2026-09-08 06:17:29.231 | WARNING  | src.modeling.feature_selection:try_remove:162 - ELIMINADA(S) 'lag56' -> 141 features | regression_l2=1017.1183 | WRMSSE=0.9544
2026-09-08 06:19:11.482 | WARNING  | src.modeling.feature_selection:try_remove:162 - ELIMINADA(S) 'dept_id' -> 140 features | regression_l2=936.6994 | WRMSSE=0.9101
2026-09-08 07:06:18.899 | INFO     | src.modeling.feature_selection:backward_feature_selection:189 - Seleccionadas 140/191 features | regression_l2 final: 936.6994 | WRMSSE final: 0.9101
2026-09-08 07:06:18.901 | INFO     | __main__:select_features:426 - Features descartadas (51): ['day', 'dayofweek', 'days_since_event', 'days_to_thanksgiving', 'dept_id', 'event_name_1', 'expanding_mean_lag91', 'lag1', 'lag10', 'lag11', 'lag12', 'lag14', 'lag15', 'lag16', 'lag17', 'lag19', 'lag21', 'lag23', 'lag24', 'lag25', 'lag26', 'lag56', 'lag6', 'lag8', 'lag9', 'lag91', 'month_cos', 'month_sin', 'price_vs_mean', 'rolling_max_lag1_window_size7', 'rolling_max_lag364_window_size28', 'rolling_max_lag6_window_size14', 'rolling_max_lag91_window_size91', 'rolling_mean_lag28_window_size91', 'rolling_mean_lag364_window_size91', 'rolling_mean_lag3_window_size14', 'rolling_mean_lag7_window_size14', 'rolling_mean_lag91_window_size91', 'rolling_min_lag91_window_size28', 'rolling_std_lag28_window_size28', 'rolling_std_lag28_window_size7', 'rolling_std_lag28_window_size91', 'rolling_std_lag2_window_size7', 'rolling_std_lag364_window_size91', 'rolling_std_lag4_window_size7', 'rolling_std_lag7_window_size14', 'rolling_std_lag7_window_size7', 'rolling_std_lag91_window_size28', 'rolling_std_lag91_window_size91', 'seasonal_mean_lag364_364_2', 'seasonal_mean_lag364_7_8']
2026-09-08 07:06:18.913 | INFO     | __main__:select_features:439 - Features finales: 140 (7 categóricas) | regression_l2=936.6994 | WRMSSE=0.9101 (informativo)
2026-09-08 07:06:18.913 | INFO     | __main__:run_pipeline:674 - Fase selección de features: 5593.0s
2026-09-08 07:06:33.337 | INFO     | src.evaluation.reports:evaluate_predictions:58 - xgboost (Optuna bench, selected features) [ML] | WAPE: 10.65% | WRMSSE: 0.9101  | fit: 14.34s
2026-09-08 07:06:35.211 | INFO     | __main__:run_shap:485 - SHAP (xgboost): feature más importante = te_weekend_mean | plots guardados en /home/njimenez/workspace/magister/forecast-tfm/artifacts/plots
2026-09-08 07:06:35.212 | INFO     | __main__:run_pipeline:679 - Fase SHAP: 16.3s
2026-09-08 07:06:35.260 | INFO     | __main__:tune_optuna_family:311 - [xgboost] Optuna arrancando: hasta 100 trials (timeout 120s) -- study 'study_level_04_daily_dept_sales_final_xgboost'
2026-09-08 07:08:56.984 | INFO     | __main__:tune_optuna_family:321 - [xgboost] Optuna terminó -- elige hiperparámetros por regression_l2 (no por WRMSSE): mejor regression_l2 = 672.7077 | WRMSSE de ESE trial: 0.7300 (solo referencia, puede no ser el mínimo posible; el WRMSSE definitivo se reporta abajo, tras reentrenar con estos hiperparámetros)
2026-09-08 07:08:56.988 | INFO     | __main__:tune_optuna_family:327 - [xgboost] Mejores hiperparámetros: {'learning_rate': 0.14388702181839996, 'max_depth': 8, 'min_child_weight': 1.213022184424775, 'subsample': 0.887352152856701, 'colsample_bytree': 0.8394474835577637, 'reg_alpha': 0.041997865276686946, 'reg_lambda': 0.2589682401010065}
2026-09-08 07:08:56.992 | INFO     | __main__:run_pipeline:685 - Fase Optuna final: 141.8s
2026-09-08 07:09:13.455 | INFO     | __main__:fit_final_model:534 - CV (1 folds) best_iteration: [70] -> n_estimators final = 70
2026-09-08 07:09:13.613 | INFO     | src.evaluation.reports:evaluate_predictions:58 - xgboost (final, Optuna) [ML] | WAPE: 15.33% | WRMSSE: 1.2223  | fit: 16.52s
2026-09-08 07:09:26.477 | INFO     | __main__:fit_final_model:555 - Test WAPE: 7.33% | Test WRMSSE: 0.6320
2026-09-08 07:09:30.772 | INFO     | __main__:save_model_comparison:390 - Comparación de modelos guardada en /home/njimenez/workspace/magister/forecast-tfm/artifacts/results
2026-09-08 07:09:30.862 | SUCCESS  | __main__:export_artifact:629 - Artifact guardado en /home/njimenez/workspace/magister/forecast-tfm/artifacts/models/level_04_daily_dept_sales_artifact.pkl (modelo: xgboost)
2026-09-08 07:09:30.910 | SUCCESS  | __main__:export_artifact:639 - Versión 20260908T100930Z registrada en registry.json
2026-09-08 07:09:30.911 | INFO     | __main__:run_pipeline:693 - Pipeline completo (level_04_daily_dept/sales) en 6280.1s
2026-09-08 07:09:31.154 | INFO     | src.data.split:load_data:364 - level_04_weekly_dept | target=sales | 1,946 filas | 109 features (9 categóricas)
2026-09-08 07:09:31.160 | INFO     | src.data.split:log_summary:48 - Train : 2011-01-29 to 2015-04-20 (1,549 days, 1,554 rows)
2026-09-08 07:09:31.161 | INFO     | src.data.split:log_summary:49 - Valid : 2015-04-27 to 2016-04-18 (364 days, 364 rows)
2026-09-08 07:09:31.161 | INFO     | src.data.split:log_summary:50 - Test  : 2016-04-25 to 2016-05-16 (22 days, 28 rows)
2026-09-08 07:09:31.394 | INFO     | src.data.split:split_data:447 - Features: 109 (9 categóricas)
2026-09-08 07:09:31.441 | INFO     | src.evaluation.reports:evaluate_predictions:58 - Seasonal naive (1w) [Naive] | WAPE: 12.27% | WRMSSE: 1.5067  | fit: 0.01s
2026-09-08 07:09:31.490 | INFO     | src.evaluation.reports:evaluate_predictions:58 - Seasonal naive (4w) [Naive] | WAPE: 10.14% | WRMSSE: 1.3146  | fit: 0.01s
2026-09-08 07:09:31.538 | INFO     | src.evaluation.reports:evaluate_predictions:58 - Seasonal naive (52w) [Naive] | WAPE: 11.93% | WRMSSE: 1.7098  | fit: 0.01s
2026-09-08 07:09:31.582 | INFO     | src.evaluation.reports:evaluate_predictions:58 -             Drift [Naive] | WAPE: 9.00% | WRMSSE: 1.2220  | fit: 0.01s
2026-09-08 07:09:31.618 | INFO     | src.evaluation.reports:evaluate_predictions:58 -   Historical mean [Naive] | WAPE: 17.63% | WRMSSE: 2.6284  | fit: 0.00s
2026-09-08 07:09:31.655 | INFO     | src.evaluation.reports:evaluate_predictions:58 - Moving average (2w) [Naive] | WAPE: 11.13% | WRMSSE: 1.4254  | fit: 0.00s
2026-09-08 07:09:31.692 | INFO     | src.evaluation.reports:evaluate_predictions:58 - Moving average (3w) [Naive] | WAPE: 9.77% | WRMSSE: 1.2546  | fit: 0.00s
2026-09-08 07:09:31.730 | INFO     | src.evaluation.reports:evaluate_predictions:58 - Moving average (4w) [Naive] | WAPE: 9.20% | WRMSSE: 1.2030  | fit: 0.00s
2026-09-08 07:09:31.769 | INFO     | src.evaluation.reports:evaluate_predictions:58 - Moving average (6w) [Naive] | WAPE: 10.36% | WRMSSE: 1.3336  | fit: 0.00s
2026-09-08 07:09:31.807 | INFO     | src.evaluation.reports:evaluate_predictions:58 - Moving average (8w) [Naive] | WAPE: 9.80% | WRMSSE: 1.2739  | fit: 0.00s
2026-09-08 07:09:31.807 | INFO     | __main__:run_pipeline:652 - Fase naive: 0.4s
2026-09-08 07:09:39.903 | INFO     | src.evaluation.reports:evaluate_predictions:58 -      SARIMA [Statistical] | WAPE: 7.87% | WRMSSE: 1.0470  | fit: 8.04s
2026-09-08 07:09:41.297 | INFO     | src.evaluation.reports:evaluate_predictions:58 - ETS (Holt-Winters) [Statistical] | WAPE: 6.47% | WRMSSE: 0.8436  | fit: 1.33s
2026-09-08 07:09:41.437 | INFO     | src.evaluation.reports:evaluate_predictions:58 -       Theta [Statistical] | WAPE: 8.28% | WRMSSE: 1.0726  | fit: 0.10s
2026-09-08 07:10:04.042 | INFO     | src.evaluation.reports:evaluate_predictions:58 -       TBATS [Statistical] | WAPE: 11.03% | WRMSSE: 1.4985  | fit: 22.57s
2026-09-08 07:10:04.742 | INFO     | src.evaluation.reports:evaluate_predictions:58 -     Prophet [Statistical] | WAPE: 10.65% | WRMSSE: 1.3967  | fit: 0.65s
2026-09-08 07:10:04.742 | INFO     | __main__:run_pipeline:657 - Fase estadísticos clásicos: 32.9s
2026-09-08 07:10:04.742 | INFO     | __main__:run_bench_ml:342 - Bench ML: familia 1/5 -- lightgbm
2026-09-08 07:10:04.801 | INFO     | __main__:tune_optuna_family:311 - [lightgbm] Optuna arrancando: hasta 30 trials (timeout 60s) -- study 'study_level_04_weekly_dept_sales_bench_lightgbm'
2026-09-08 07:10:26.603 | INFO     | __main__:tune_optuna_family:321 - [lightgbm] Optuna terminó -- elige hiperparámetros por regression_l2 (no por WRMSSE): mejor regression_l2 = 9233.5799 | WRMSSE de ESE trial: 1.6735 (solo referencia, puede no ser el mínimo posible; el WRMSSE definitivo se reporta abajo, tras reentrenar con estos hiperparámetros)
2026-09-08 07:10:26.605 | INFO     | __main__:tune_optuna_family:327 - [lightgbm] Mejores hiperparámetros: {'learning_rate': 0.05846542661524756, 'num_leaves': 242, 'max_depth': 9, 'min_child_samples': 132, 'subsample': 0.7442578096512015, 'colsample_bytree': 0.760253789035045, 'reg_alpha': 0.041886785769478484, 'reg_lambda': 4.836439650833564}
2026-09-08 07:10:26.932 | INFO     | src.evaluation.reports:evaluate_predictions:58 - lightgbm (Optuna bench) [ML] | WAPE: 20.14% | WRMSSE: 2.6225  | fit: 22.15s
2026-09-08 07:10:26.932 | INFO     | __main__:run_bench_ml:342 - Bench ML: familia 2/5 -- xgboost
2026-09-08 07:10:26.985 | INFO     | __main__:tune_optuna_family:311 - [xgboost] Optuna arrancando: hasta 30 trials (timeout 60s) -- study 'study_level_04_weekly_dept_sales_bench_xgboost'
2026-09-08 07:11:28.720 | INFO     | __main__:tune_optuna_family:321 - [xgboost] Optuna terminó -- elige hiperparámetros por regression_l2 (no por WRMSSE): mejor regression_l2 = 10978.4270 | WRMSSE de ESE trial: 2.3763 (solo referencia, puede no ser el mínimo posible; el WRMSSE definitivo se reporta abajo, tras reentrenar con estos hiperparámetros)
2026-09-08 07:11:28.725 | INFO     | __main__:tune_optuna_family:327 - [xgboost] Mejores hiperparámetros: {'learning_rate': 0.04039512666823938, 'max_depth': 10, 'min_child_weight': 60.758057027616346, 'subsample': 0.9757995766256756, 'colsample_bytree': 0.9579309401710595, 'reg_alpha': 0.16278488880914346, 'reg_lambda': 2.570307853015558}
2026-09-08 07:11:36.573 | INFO     | src.evaluation.reports:evaluate_predictions:58 - xgboost (Optuna bench) [ML] | WAPE: 16.84% | WRMSSE: 2.3763  | fit: 69.58s
2026-09-08 07:11:36.574 | INFO     | __main__:run_bench_ml:342 - Bench ML: familia 3/5 -- catboost
2026-09-08 07:11:36.627 | INFO     | __main__:tune_optuna_family:311 - [catboost] Optuna arrancando: hasta 30 trials (timeout 60s) -- study 'study_level_04_weekly_dept_sales_bench_catboost'
2026-09-08 07:12:52.980 | INFO     | __main__:tune_optuna_family:321 - [catboost] Optuna terminó -- elige hiperparámetros por regression_l2 (no por WRMSSE): mejor regression_l2 = 18059.8338 | WRMSSE de ESE trial: 2.8898 (solo referencia, puede no ser el mínimo posible; el WRMSSE definitivo se reporta abajo, tras reentrenar con estos hiperparámetros)
2026-09-08 07:12:52.982 | INFO     | __main__:tune_optuna_family:327 - [catboost] Mejores hiperparámetros: {'learning_rate': 0.07862589064613253, 'depth': 5, 'l2_leaf_reg': 1.4321698289111515}
2026-09-08 07:12:55.763 | INFO     | src.evaluation.reports:evaluate_predictions:58 - catboost (Optuna bench) [ML] | WAPE: 22.83% | WRMSSE: 2.8898  | fit: 79.09s
2026-09-08 07:12:55.763 | INFO     | __main__:run_bench_ml:342 - Bench ML: familia 4/5 -- histgb
2026-09-08 07:12:55.851 | INFO     | __main__:tune_optuna_family:311 - [histgb] Optuna arrancando: hasta 30 trials (timeout 60s) -- study 'study_level_04_weekly_dept_sales_bench_histgb'
2026-09-08 07:13:55.954 | INFO     | __main__:tune_optuna_family:321 - [histgb] Optuna terminó -- elige hiperparámetros por regression_l2 (no por WRMSSE): mejor regression_l2 = 16348.3069 | WRMSSE de ESE trial: 2.9194 (solo referencia, puede no ser el mínimo posible; el WRMSSE definitivo se reporta abajo, tras reentrenar con estos hiperparámetros)
2026-09-08 07:13:55.957 | INFO     | __main__:tune_optuna_family:327 - [histgb] Mejores hiperparámetros: {'learning_rate': 0.07105553026352547, 'max_leaf_nodes': 239, 'max_depth': 12, 'min_samples_leaf': 23, 'l2_regularization': 0.0011398423777763103}
2026-09-08 07:13:59.924 | INFO     | src.evaluation.reports:evaluate_predictions:58 - histgb (Optuna bench) [ML] | WAPE: 22.99% | WRMSSE: 2.9194  | fit: 64.10s
2026-09-08 07:13:59.925 | INFO     | __main__:run_bench_ml:342 - Bench ML: familia 5/5 -- ridge
2026-09-08 07:13:59.988 | INFO     | __main__:tune_optuna_family:311 - [ridge] Optuna arrancando: hasta 30 trials (timeout 60s) -- study 'study_level_04_weekly_dept_sales_bench_ridge'
2026-09-08 07:14:06.312 | INFO     | __main__:tune_optuna_family:321 - [ridge] Optuna terminó -- elige hiperparámetros por regression_l2 (no por WRMSSE): mejor regression_l2 = 17965.5703 | WRMSSE de ESE trial: 3.6718 (solo referencia, puede no ser el mínimo posible; el WRMSSE definitivo se reporta abajo, tras reentrenar con estos hiperparámetros)
2026-09-08 07:14:06.314 | INFO     | __main__:tune_optuna_family:327 - [ridge] Mejores hiperparámetros: {'alpha': 0.0019517224641449498}
2026-09-08 07:14:06.393 | INFO     | src.evaluation.reports:evaluate_predictions:58 - ridge (Optuna bench) [ML] | WAPE: 26.07% | WRMSSE: 3.6718  | fit: 6.42s
2026-09-08 07:14:06.393 | SUCCESS  | __main__:pick_winner:369 - Modelo ganador (bench, 4 familias tree-based comparadas): xgboost | regression_l2=10978.4270
2026-09-08 07:14:06.394 | INFO     | __main__:run_pipeline:663 - Fase bench ML (Optuna corto, 5 familias): 241.7s
2026-09-08 07:14:06.397 | INFO     | __main__:select_features:400 - Top 10 gain importance (xgboost):
te_weekend_mean                  6.525423e+09
te_snap_mean                     5.974644e+09
lag1                             4.586980e+09
te_event_mean                    3.042427e+09
lag2                             2.898002e+09
lag4                             2.211523e+09
rolling_max_lag4_window_size4    1.526392e+09
te_dept_std                      1.458513e+09
lag3                             1.316344e+09
rolling_max_lag1_window_size4    1.211965e+09
dtype: float64
2026-09-08 07:14:16.919 | INFO     | __main__:select_features:407 - Top 10 permutation importance (xgboost):
te_dept_std                        2430.378320
te_snap_mean                       1784.082813
lag8                               1459.790234
rolling_std_lag4_window_size13     1278.933789
lag13                              1258.022461
rolling_std_lag13_window_size26     839.617578
te_weekend_mean                     811.713867
rolling_mean_lag4_window_size4      648.278711
rolling_std_lag13_window_size13     610.111914
rolling_std_lag52_window_size4      551.583789
dtype: float64
2026-09-08 07:14:29.971 | INFO     | src.modeling.feature_selection:backward_feature_selection:139 - Baseline (109 features): regression_l2=10978.4270 | WRMSSE=2.3763 (informativo)
2026-09-08 07:14:48.484 | WARNING  | src.modeling.feature_selection:try_remove:162 - ELIMINADA(S) 8 features ['rolling_min_lag1_window_size13', 'rolling_max_lag1_window_size4', 'rolling_mean_lag1_window_size4', 'price_lag_1', 'avg_sell_price', 'rolling_std_lag1_window_size13', 'lag2', 'price_vs_max'] -> 101 features | regression_l2=10286.8610 | WRMSSE=2.3780
2026-09-08 07:15:13.202 | WARNING  | src.modeling.feature_selection:try_remove:162 - ELIMINADA(S) 'te_cat_std' -> 100 features | regression_l2=10237.8835 | WRMSSE=2.4196
2026-09-08 07:15:20.290 | WARNING  | src.modeling.feature_selection:try_remove:162 - ELIMINADA(S) 'price_volatility' -> 99 features | regression_l2=10233.4967 | WRMSSE=2.4190
2026-09-08 07:16:11.093 | WARNING  | src.modeling.feature_selection:try_remove:162 - ELIMINADA(S) 8 features ['weekofyear', 'days_to_thanksgiving', 'month_cos', 'days_to_newyear', 'te_item_std', 'days_since_release', 'days_to_closure', 'days_since_price_change'] -> 91 features | regression_l2=10123.5857 | WRMSSE=2.3376
2026-09-08 07:16:56.672 | WARNING  | src.modeling.feature_selection:try_remove:162 - ELIMINADA(S) 'item_id' -> 90 features | regression_l2=10095.8356 | WRMSSE=2.3394
2026-09-08 07:21:56.691 | WARNING  | src.modeling.feature_selection:try_remove:162 - ELIMINADA(S) 'days_since_thanksgiving' -> 89 features | regression_l2=10058.3305 | WRMSSE=2.3409
2026-09-08 07:23:58.067 | WARNING  | src.modeling.feature_selection:try_remove:162 - ELIMINADA(S) 'rolling_std_lag1_window_size4' -> 88 features | regression_l2=10045.3610 | WRMSSE=2.3244
2026-09-08 07:24:13.110 | WARNING  | src.modeling.feature_selection:try_remove:162 - ELIMINADA(S) 'rolling_std_lag4_window_size26' -> 87 features | regression_l2=10022.4688 | WRMSSE=2.3681
2026-09-08 07:24:38.221 | WARNING  | src.modeling.feature_selection:try_remove:162 - ELIMINADA(S) 8 features ['rolling_min_lag4_window_size26', 'day', 'rolling_min_lag4_window_size13', 'lag26', 'rolling_mean_lag4_window_size26', 'rolling_min_lag52_window_size13', 'rolling_mean_lag52_window_size13', 'rolling_mean_lag13_window_size26'] -> 79 features | regression_l2=9980.6558 | WRMSSE=2.3575
2026-09-08 07:25:14.445 | WARNING  | src.modeling.feature_selection:try_remove:162 - ELIMINADA(S) 'rolling_max_lag13_window_size13' -> 78 features | regression_l2=9965.2371 | WRMSSE=2.3808
2026-09-08 07:26:01.428 | WARNING  | src.modeling.feature_selection:try_remove:162 - ELIMINADA(S) 'te_event_mean' -> 77 features | regression_l2=9940.9561 | WRMSSE=2.3730
2026-09-08 07:26:18.491 | WARNING  | src.modeling.feature_selection:try_remove:162 - ELIMINADA(S) 'lag3' -> 76 features | regression_l2=9542.2379 | WRMSSE=2.2259
2026-09-08 07:27:13.615 | WARNING  | src.modeling.feature_selection:try_remove:162 - ELIMINADA(S) 'lag4' -> 75 features | regression_l2=9482.7120 | WRMSSE=2.2241
2026-09-08 07:27:56.040 | WARNING  | src.modeling.feature_selection:try_remove:162 - ELIMINADA(S) 'rolling_std_lag13_window_size26' -> 74 features | regression_l2=9295.5427 | WRMSSE=2.1465
2026-09-08 07:28:31.450 | WARNING  | src.modeling.feature_selection:try_remove:162 - ELIMINADA(S) 8 features ['rolling_max_lag13_window_size26', 'momentum_lag4_4_13', 'cat_id', 'rolling_min_lag13_window_size26', 'rolling_mean_lag4_window_size13', 'days_since_newyear', 'event_name_2', 'zero_streak'] -> 66 features | regression_l2=9270.4322 | WRMSSE=2.1877
2026-09-08 07:28:36.255 | WARNING  | src.modeling.feature_selection:try_remove:162 - ELIMINADA(S) 8 features ['is_store_closed', 'event_type_2_enc', 'event_type_1_enc', 'event_type_1', 'pct_zero_28', 'pct_zero_90', 'dow_cos', 'dow_sin'] -> 58 features | regression_l2=9226.5343 | WRMSSE=2.0728
2026-09-08 07:28:53.210 | WARNING  | src.modeling.feature_selection:try_remove:162 - ELIMINADA(S) 'store_id' -> 57 features | regression_l2=9125.3120 | WRMSSE=2.1302
2026-09-08 07:29:52.757 | WARNING  | src.modeling.feature_selection:try_remove:162 - ELIMINADA(S) 8 features ['has_event_2', 'has_event', 'adi_expanding', 'is_likely_stockout', 'event_type_2', 'quarter', 'state_id', 'month_sin'] -> 49 features | regression_l2=9114.0975 | WRMSSE=2.1119
2026-09-08 07:33:32.916 | WARNING  | src.modeling.feature_selection:try_remove:162 - ELIMINADA(S) 'rolling_max_lag4_window_size4' -> 48 features | regression_l2=9074.5340 | WRMSSE=1.9833
2026-09-08 07:35:30.644 | WARNING  | src.modeling.feature_selection:try_remove:162 - ELIMINADA(S) 8 features ['days_to_event', 'doy_sin', 'price_vs_mean', 'price_change', 'rolling_min_lag13_window_size13', 'rolling_min_lag1_window_size4', 'rolling_max_lag52_window_size4', 'cv2_90'] -> 40 features | regression_l2=8861.3724 | WRMSSE=2.1345
2026-09-08 07:35:33.714 | WARNING  | src.modeling.feature_selection:try_remove:162 - ELIMINADA(S) 8 features ['rolling_max_lag4_window_size13', 'rolling_mean_lag1_window_size13', 'te_cat_mean', 'event_name_1', 'rolling_mean_lag52_window_size4', 'doy_cos', 'rolling_max_lag4_window_size26', 'rolling_max_lag52_window_size13'] -> 32 features | regression_l2=8743.2966 | WRMSSE=2.1409
2026-09-08 07:35:36.754 | WARNING  | src.modeling.feature_selection:try_remove:162 - ELIMINADA(S) 8 features ['rolling_mean_lag13_window_size13', 'lag1', 'rolling_min_lag4_window_size4', 'rolling_std_lag4_window_size4', 'rolling_min_lag52_window_size4', 'expanding_mean_lag13', 'rolling_std_lag52_window_size13', 'lag17'] -> 24 features | regression_l2=8517.0690 | WRMSSE=2.1633
2026-09-08 07:35:38.726 | WARNING  | src.modeling.feature_selection:try_remove:162 - ELIMINADA(S) 8 features ['te_item_mean', 'te_dept_mean', 'lag52', 'lag22', 'dept_id', 'lag39', 'rolling_max_lag1_window_size13', 'rolling_std_lag52_window_size4'] -> 16 features | regression_l2=7286.1118 | WRMSSE=1.8116
2026-09-08 07:35:40.855 | WARNING  | src.modeling.feature_selection:try_remove:162 - ELIMINADA(S) 'rolling_std_lag13_window_size13' -> 15 features | regression_l2=6999.0547 | WRMSSE=1.7584
2026-09-08 07:35:42.944 | WARNING  | src.modeling.feature_selection:try_remove:162 - ELIMINADA(S) 'rolling_mean_lag4_window_size4' -> 14 features | regression_l2=6950.5900 | WRMSSE=1.7673
2026-09-08 07:35:46.638 | WARNING  | src.modeling.feature_selection:try_remove:162 - ELIMINADA(S) 'lag13' -> 13 features | regression_l2=6230.0073 | WRMSSE=1.5185
2026-09-08 07:35:52.254 | WARNING  | src.modeling.feature_selection:try_remove:162 - ELIMINADA(S) 'lag8' -> 12 features | regression_l2=6056.1323 | WRMSSE=1.4905
2026-09-08 07:36:44.431 | INFO     | src.modeling.feature_selection:backward_feature_selection:189 - Seleccionadas 12/109 features | regression_l2 final: 6056.1323 | WRMSSE final: 1.4905
2026-09-08 07:36:44.433 | INFO     | __main__:select_features:426 - Features descartadas (97): ['adi_expanding', 'avg_sell_price', 'cat_id', 'cv2_90', 'day', 'days_since_newyear', 'days_since_price_change', 'days_since_release', 'days_since_thanksgiving', 'days_to_closure', 'days_to_event', 'days_to_newyear', 'days_to_thanksgiving', 'dept_id', 'dow_cos', 'dow_sin', 'doy_cos', 'doy_sin', 'event_name_1', 'event_name_2', 'event_type_1', 'event_type_1_enc', 'event_type_2', 'event_type_2_enc', 'expanding_mean_lag13', 'has_event', 'has_event_2', 'is_likely_stockout', 'is_store_closed', 'item_id', 'lag1', 'lag13', 'lag17', 'lag2', 'lag22', 'lag26', 'lag3', 'lag39', 'lag4', 'lag52', 'lag8', 'momentum_lag4_4_13', 'month_cos', 'month_sin', 'pct_zero_28', 'pct_zero_90', 'price_change', 'price_lag_1', 'price_volatility', 'price_vs_max', 'price_vs_mean', 'quarter', 'rolling_max_lag13_window_size13', 'rolling_max_lag13_window_size26', 'rolling_max_lag1_window_size13', 'rolling_max_lag1_window_size4', 'rolling_max_lag4_window_size13', 'rolling_max_lag4_window_size26', 'rolling_max_lag4_window_size4', 'rolling_max_lag52_window_size13', 'rolling_max_lag52_window_size4', 'rolling_mean_lag13_window_size13', 'rolling_mean_lag13_window_size26', 'rolling_mean_lag1_window_size13', 'rolling_mean_lag1_window_size4', 'rolling_mean_lag4_window_size13', 'rolling_mean_lag4_window_size26', 'rolling_mean_lag4_window_size4', 'rolling_mean_lag52_window_size13', 'rolling_mean_lag52_window_size4', 'rolling_min_lag13_window_size13', 'rolling_min_lag13_window_size26', 'rolling_min_lag1_window_size13', 'rolling_min_lag1_window_size4', 'rolling_min_lag4_window_size13', 'rolling_min_lag4_window_size26', 'rolling_min_lag4_window_size4', 'rolling_min_lag52_window_size13', 'rolling_min_lag52_window_size4', 'rolling_std_lag13_window_size13', 'rolling_std_lag13_window_size26', 'rolling_std_lag1_window_size13', 'rolling_std_lag1_window_size4', 'rolling_std_lag4_window_size26', 'rolling_std_lag4_window_size4', 'rolling_std_lag52_window_size13', 'rolling_std_lag52_window_size4', 'state_id', 'store_id', 'te_cat_mean', 'te_cat_std', 'te_dept_mean', 'te_event_mean', 'te_item_mean', 'te_item_std', 'weekofyear', 'zero_streak']
2026-09-08 07:36:44.441 | INFO     | __main__:select_features:439 - Features finales: 12 (0 categóricas) | regression_l2=6056.1323 | WRMSSE=1.4905 (informativo)
2026-09-08 07:36:44.441 | INFO     | __main__:run_pipeline:674 - Fase selección de features: 1358.0s
2026-09-08 07:36:46.301 | INFO     | src.evaluation.reports:evaluate_predictions:58 - xgboost (Optuna bench, selected features) [ML] | WAPE: 10.19% | WRMSSE: 1.4905  | fit: 1.82s
2026-09-08 07:36:47.521 | INFO     | __main__:run_shap:485 - SHAP (xgboost): feature más importante = te_snap_mean | plots guardados en /home/njimenez/workspace/magister/forecast-tfm/artifacts/plots
2026-09-08 07:36:47.525 | INFO     | __main__:run_pipeline:679 - Fase SHAP: 3.1s
2026-09-08 07:36:47.597 | INFO     | __main__:tune_optuna_family:311 - [xgboost] Optuna arrancando: hasta 100 trials (timeout 120s) -- study 'study_level_04_weekly_dept_sales_final_xgboost'
2026-09-08 07:38:48.230 | INFO     | __main__:tune_optuna_family:321 - [xgboost] Optuna terminó -- elige hiperparámetros por regression_l2 (no por WRMSSE): mejor regression_l2 = 4661.0246 | WRMSSE de ESE trial: 1.0290 (solo referencia, puede no ser el mínimo posible; el WRMSSE definitivo se reporta abajo, tras reentrenar con estos hiperparámetros)
2026-09-08 07:38:48.232 | INFO     | __main__:tune_optuna_family:327 - [xgboost] Mejores hiperparámetros: {'learning_rate': 0.07783972061633886, 'max_depth': 3, 'min_child_weight': 25.002240473339537, 'subsample': 0.6682096494749166, 'colsample_bytree': 0.6260206371941118, 'reg_alpha': 3.235185145617431, 'reg_lambda': 3.7311604524743114}
2026-09-08 07:38:48.235 | INFO     | __main__:run_pipeline:685 - Fase Optuna final: 120.7s
2026-09-08 07:38:49.048 | INFO     | __main__:fit_final_model:534 - CV (1 folds) best_iteration: [540] -> n_estimators final = 540
2026-09-08 07:38:49.089 | INFO     | src.evaluation.reports:evaluate_predictions:58 - xgboost (final, Optuna) [ML] | WAPE: 7.55% | WRMSSE: 1.0139  | fit: 0.82s
2026-09-08 07:38:49.838 | INFO     | __main__:fit_final_model:555 - Test WAPE: 11.87% | Test WRMSSE: 1.5719
2026-09-08 07:38:51.818 | INFO     | __main__:save_model_comparison:390 - Comparación de modelos guardada en /home/njimenez/workspace/magister/forecast-tfm/artifacts/results
2026-09-08 07:38:52.191 | SUCCESS  | __main__:export_artifact:629 - Artifact guardado en /home/njimenez/workspace/magister/forecast-tfm/artifacts/models/level_04_weekly_dept_sales_artifact.pkl (modelo: xgboost)
2026-09-08 07:38:52.462 | SUCCESS  | __main__:export_artifact:639 - Versión 20260908T103852Z registrada en registry.json
2026-09-08 07:38:52.464 | INFO     | __main__:run_pipeline:693 - Pipeline completo (level_04_weekly_dept/sales) en 1761.3s
2026-09-08 07:38:52.757 | INFO     | src.data.split:load_data:364 - level_05_daily_state_cat | target=sales | 17,469 filas | 191 features (9 categóricas)
2026-09-08 07:38:52.769 | INFO     | src.data.split:log_summary:48 - Train : 2011-01-29 to 2015-04-26 (1,549 days, 13,941 rows)
2026-09-08 07:38:52.770 | INFO     | src.data.split:log_summary:49 - Valid : 2015-04-27 to 2016-04-24 (364 days, 3,276 rows)
2026-09-08 07:38:52.770 | INFO     | src.data.split:log_summary:50 - Test  : 2016-04-25 to 2016-05-22 (28 days, 252 rows)
2026-09-08 07:38:53.062 | INFO     | src.data.split:split_data:447 - Features: 191 (9 categóricas)
2026-09-08 07:38:53.162 | INFO     | src.evaluation.reports:evaluate_predictions:58 - Seasonal naive (1d) [Naive] | WAPE: 19.07% | WRMSSE: 1.3398  | fit: 0.03s
2026-09-08 07:38:53.262 | INFO     | src.evaluation.reports:evaluate_predictions:58 - Seasonal naive (7d) [Naive] | WAPE: 14.02% | WRMSSE: 0.9828  | fit: 0.03s
2026-09-08 07:38:53.365 | INFO     | src.evaluation.reports:evaluate_predictions:58 - Seasonal naive (28d) [Naive] | WAPE: 13.66% | WRMSSE: 0.9789  | fit: 0.03s
2026-09-08 07:38:53.468 | INFO     | src.evaluation.reports:evaluate_predictions:58 - Seasonal naive (364d) [Naive] | WAPE: 13.11% | WRMSSE: 1.0332  | fit: 0.03s
2026-09-08 07:38:53.548 | INFO     | src.evaluation.reports:evaluate_predictions:58 -             Drift [Naive] | WAPE: 20.50% | WRMSSE: 1.4596  | fit: 0.01s
2026-09-08 07:38:53.618 | INFO     | src.evaluation.reports:evaluate_predictions:58 -   Historical mean [Naive] | WAPE: 20.07% | WRMSSE: 1.5869  | fit: 0.00s
2026-09-08 07:38:53.691 | INFO     | src.evaluation.reports:evaluate_predictions:58 - Moving average (7d) [Naive] | WAPE: 16.73% | WRMSSE: 1.2838  | fit: 0.00s
2026-09-08 07:38:53.763 | INFO     | src.evaluation.reports:evaluate_predictions:58 - Moving average (14d) [Naive] | WAPE: 15.99% | WRMSSE: 1.2466  | fit: 0.00s
2026-09-08 07:38:53.835 | INFO     | src.evaluation.reports:evaluate_predictions:58 - Moving average (21d) [Naive] | WAPE: 15.45% | WRMSSE: 1.2009  | fit: 0.00s
2026-09-08 07:38:53.907 | INFO     | src.evaluation.reports:evaluate_predictions:58 - Moving average (28d) [Naive] | WAPE: 15.26% | WRMSSE: 1.1830  | fit: 0.00s
2026-09-08 07:38:53.978 | INFO     | src.evaluation.reports:evaluate_predictions:58 - Moving average (35d) [Naive] | WAPE: 15.55% | WRMSSE: 1.2101  | fit: 0.00s
2026-09-08 07:38:53.978 | INFO     | __main__:run_pipeline:652 - Fase naive: 0.9s
2026-09-08 07:39:03.118 | INFO     | src.evaluation.reports:evaluate_predictions:58 -      SARIMA [Statistical] | WAPE: 17.99% | WRMSSE: 1.2328  | fit: 9.05s
2026-09-08 07:39:05.138 | INFO     | src.evaluation.reports:evaluate_predictions:58 - ETS (Holt-Winters) [Statistical] | WAPE: 12.17% | WRMSSE: 0.8746  | fit: 1.93s
2026-09-08 07:39:05.477 | INFO     | src.evaluation.reports:evaluate_predictions:58 -       Theta [Statistical] | WAPE: 11.65% | WRMSSE: 0.8562  | fit: 0.24s
2026-09-08 07:39:32.781 | INFO     | src.evaluation.reports:evaluate_predictions:58 -       TBATS [Statistical] | WAPE: 16.07% | WRMSSE: 1.1186  | fit: 27.18s
2026-09-08 07:39:37.745 | INFO     | src.evaluation.reports:evaluate_predictions:58 -     Prophet [Statistical] | WAPE: 12.64% | WRMSSE: 0.9225  | fit: 4.86s
2026-09-08 07:39:37.746 | INFO     | __main__:run_pipeline:657 - Fase estadísticos clásicos: 43.8s
2026-09-08 07:39:37.746 | INFO     | __main__:run_bench_ml:342 - Bench ML: familia 1/5 -- lightgbm
2026-09-08 07:39:37.824 | INFO     | __main__:tune_optuna_family:311 - [lightgbm] Optuna arrancando: hasta 30 trials (timeout 60s) -- study 'study_level_05_daily_state_cat_sales_bench_lightgbm'
2026-09-08 07:40:38.962 | INFO     | __main__:tune_optuna_family:321 - [lightgbm] Optuna terminó -- elige hiperparámetros por regression_l2 (no por WRMSSE): mejor regression_l2 = 1434.9882 | WRMSSE de ESE trial: 1.5682 (solo referencia, puede no ser el mínimo posible; el WRMSSE definitivo se reporta abajo, tras reentrenar con estos hiperparámetros)
2026-09-08 07:40:38.966 | INFO     | __main__:tune_optuna_family:327 - [lightgbm] Mejores hiperparámetros: {'learning_rate': 0.14837731302300042, 'num_leaves': 166, 'max_depth': 10, 'min_child_samples': 21, 'subsample': 0.7860783209944804, 'colsample_bytree': 0.80840766634179, 'reg_alpha': 0.44113201337986485, 'reg_lambda': 4.497637772760464}
2026-09-08 07:40:45.418 | INFO     | src.evaluation.reports:evaluate_predictions:58 - lightgbm (Optuna bench) [ML] | WAPE: 24.94% | WRMSSE: 1.8452  | fit: 67.57s
2026-09-08 07:40:45.418 | INFO     | __main__:run_bench_ml:342 - Bench ML: familia 2/5 -- xgboost
2026-09-08 07:40:45.469 | INFO     | __main__:tune_optuna_family:311 - [xgboost] Optuna arrancando: hasta 30 trials (timeout 60s) -- study 'study_level_05_daily_state_cat_sales_bench_xgboost'
2026-09-08 07:42:04.791 | INFO     | __main__:tune_optuna_family:321 - [xgboost] Optuna terminó -- elige hiperparámetros por regression_l2 (no por WRMSSE): mejor regression_l2 = 735.1460 | WRMSSE de ESE trial: 0.8784 (solo referencia, puede no ser el mínimo posible; el WRMSSE definitivo se reporta abajo, tras reentrenar con estos hiperparámetros)
2026-09-08 07:42:04.795 | INFO     | __main__:tune_optuna_family:327 - [xgboost] Mejores hiperparámetros: {'learning_rate': 0.10544933352515529, 'max_depth': 9, 'min_child_weight': 2.4482046836825098, 'subsample': 0.9993286561212946, 'colsample_bytree': 0.8133439666817808, 'reg_alpha': 0.35941635892674934, 'reg_lambda': 0.03186063043854122}
2026-09-08 07:42:26.506 | INFO     | src.evaluation.reports:evaluate_predictions:58 - xgboost (Optuna bench) [ML] | WAPE: 12.97% | WRMSSE: 1.0388  | fit: 100.99s
2026-09-08 07:42:26.507 | INFO     | __main__:run_bench_ml:342 - Bench ML: familia 3/5 -- catboost
2026-09-08 07:42:26.547 | INFO     | __main__:tune_optuna_family:311 - [catboost] Optuna arrancando: hasta 30 trials (timeout 60s) -- study 'study_level_05_daily_state_cat_sales_bench_catboost'
2026-09-08 07:43:42.849 | INFO     | __main__:tune_optuna_family:321 - [catboost] Optuna terminó -- elige hiperparámetros por regression_l2 (no por WRMSSE): mejor regression_l2 = 2174.3904 | WRMSSE de ESE trial: 2.1419 (solo referencia, puede no ser el mínimo posible; el WRMSSE definitivo se reporta abajo, tras reentrenar con estos hiperparámetros)
2026-09-08 07:43:42.852 | INFO     | __main__:tune_optuna_family:327 - [catboost] Mejores hiperparámetros: {'learning_rate': 0.07862589064613253, 'depth': 5, 'l2_leaf_reg': 1.4321698289111515}
2026-09-08 07:43:51.262 | INFO     | src.evaluation.reports:evaluate_predictions:58 - catboost (Optuna bench) [ML] | WAPE: 40.43% | WRMSSE: 2.6471  | fit: 84.57s
2026-09-08 07:43:51.262 | INFO     | __main__:run_bench_ml:342 - Bench ML: familia 4/5 -- histgb
2026-09-08 07:43:51.329 | INFO     | __main__:tune_optuna_family:311 - [histgb] Optuna arrancando: hasta 30 trials (timeout 60s) -- study 'study_level_05_daily_state_cat_sales_bench_histgb'
2026-09-08 07:45:01.738 | INFO     | __main__:tune_optuna_family:321 - [histgb] Optuna terminó -- elige hiperparámetros por regression_l2 (no por WRMSSE): mejor regression_l2 = 2182.0334 | WRMSSE de ESE trial: 2.3715 (solo referencia, puede no ser el mínimo posible; el WRMSSE definitivo se reporta abajo, tras reentrenar con estos hiperparámetros)
2026-09-08 07:45:01.740 | INFO     | __main__:tune_optuna_family:327 - [histgb] Mejores hiperparámetros: {'learning_rate': 0.07106591851092234, 'max_leaf_nodes': 244, 'max_depth': 12, 'min_samples_leaf': 128, 'l2_regularization': 0.003776663327107336}
2026-09-08 07:45:38.371 | INFO     | src.evaluation.reports:evaluate_predictions:58 - histgb (Optuna bench) [ML] | WAPE: 34.94% | WRMSSE: 2.3715  | fit: 106.30s
2026-09-08 07:45:38.372 | INFO     | __main__:run_bench_ml:342 - Bench ML: familia 5/5 -- ridge
2026-09-08 07:45:38.447 | INFO     | __main__:tune_optuna_family:311 - [ridge] Optuna arrancando: hasta 30 trials (timeout 60s) -- study 'study_level_05_daily_state_cat_sales_bench_ridge'
2026-09-08 07:46:10.825 | INFO     | __main__:tune_optuna_family:321 - [ridge] Optuna terminó -- elige hiperparámetros por regression_l2 (no por WRMSSE): mejor regression_l2 = 2829.8274 | WRMSSE de ESE trial: 2.6324 (solo referencia, puede no ser el mínimo posible; el WRMSSE definitivo se reporta abajo, tras reentrenar con estos hiperparámetros)
2026-09-08 07:46:10.827 | INFO     | __main__:tune_optuna_family:327 - [ridge] Mejores hiperparámetros: {'alpha': 10.054976495118236}
2026-09-08 07:46:11.335 | INFO     | src.evaluation.reports:evaluate_predictions:58 - ridge (Optuna bench) [ML] | WAPE: 42.28% | WRMSSE: 2.6324  | fit: 32.84s
2026-09-08 07:46:11.335 | SUCCESS  | __main__:pick_winner:369 - Modelo ganador (bench, 4 familias tree-based comparadas): xgboost | regression_l2=805.8091
2026-09-08 07:46:11.335 | INFO     | __main__:run_pipeline:663 - Fase bench ML (Optuna corto, 5 familias): 393.6s
2026-09-08 07:46:11.339 | INFO     | __main__:select_features:400 - Top 10 gain importance (xgboost):
te_weekend_mean                   747961792.0
rolling_max_lag1_window_size7     622869056.0
lag7                               67972352.0
lag28                              59204176.0
lag14                              56269288.0
cat_id                             17763546.0
is_store_closed                    14073472.0
rolling_mean_lag1_window_size7     10636806.0
lag1                               10402349.0
snap                               10023001.0
dtype: float64
2026-09-08 07:46:42.599 | INFO     | __main__:select_features:407 - Top 10 permutation importance (xgboost):
te_weekend_mean                   2155.976794
cat_id                             455.919177
lag28                              298.008826
lag14                               87.529736
lag7                                77.448743
event_name_1                        45.430542
snap                                43.060632
te_snap_mean                        32.074561
rolling_min_lag28_window_size7      22.818689
state_id                            20.208691
dtype: float64
2026-09-08 07:46:56.528 | INFO     | src.modeling.feature_selection:backward_feature_selection:139 - Baseline (191 features): regression_l2=805.8091 | WRMSSE=1.0388 (informativo)
2026-09-08 07:48:02.094 | WARNING  | src.modeling.feature_selection:try_remove:162 - ELIMINADA(S) 'rolling_std_lag91_window_size91' -> 190 features | regression_l2=788.3258 | WRMSSE=1.0672
2026-09-08 07:50:04.925 | WARNING  | src.modeling.feature_selection:try_remove:162 - ELIMINADA(S) 8 features ['days_since_thanksgiving', 'rolling_min_lag91_window_size28', 'lag13', 'rolling_std_lag91_window_size28', 'expanding_mean_lag91', 'lag17', 'rolling_mean_lag28_window_size28', 'lag11'] -> 182 features | regression_l2=760.3930 | WRMSSE=0.9885
2026-09-08 08:09:54.437 | WARNING  | src.modeling.feature_selection:try_remove:162 - ELIMINADA(S) 8 features ['rolling_max_lag2_window_size14', 'rolling_std_lag7_window_size14', 'rolling_max_lag1_window_size35', 'rolling_min_lag6_window_size14', 'rolling_min_lag5_window_size14', 'rolling_std_lag1_window_size35', 'rolling_min_lag7_window_size7', 'rolling_max_lag5_window_size7'] -> 174 features | regression_l2=757.3808 | WRMSSE=0.9997
2026-09-08 08:12:47.047 | WARNING  | src.modeling.feature_selection:try_remove:162 - ELIMINADA(S) 8 features ['rolling_mean_lag91_window_size91', 'days_to_closure', 'dow_cos', 'rolling_std_lag1_window_size14', 'rolling_mean_lag5_window_size14', 'rolling_mean_lag4_window_size7', 'avg_sell_price', 'rolling_max_lag4_window_size7'] -> 166 features | regression_l2=750.3767 | WRMSSE=0.9930
2026-09-08 08:14:38.988 | WARNING  | src.modeling.feature_selection:try_remove:162 - ELIMINADA(S) 'rolling_max_lag7_window_size14' -> 165 features | regression_l2=744.3653 | WRMSSE=0.9804
2026-09-08 08:21:13.407 | WARNING  | src.modeling.feature_selection:try_remove:162 - ELIMINADA(S) 'days_to_event' -> 164 features | regression_l2=735.8188 | WRMSSE=0.9722
2026-09-08 08:34:16.201 | WARNING  | src.modeling.feature_selection:try_remove:162 - ELIMINADA(S) 'lag1' -> 163 features | regression_l2=712.5805 | WRMSSE=0.8622
2026-09-08 08:35:02.825 | WARNING  | src.modeling.feature_selection:try_remove:162 - ELIMINADA(S) 'lag27' -> 162 features | regression_l2=681.8972 | WRMSSE=0.8044
2026-09-08 08:42:00.514 | WARNING  | src.modeling.feature_selection:try_remove:162 - ELIMINADA(S) 'lag23' -> 161 features | regression_l2=663.8053 | WRMSSE=0.7856
2026-09-08 09:24:23.815 | WARNING  | src.modeling.feature_selection:try_remove:162 - ELIMINADA(S) 'lag20' -> 160 features | regression_l2=662.2582 | WRMSSE=0.7771
2026-09-08 09:39:56.979 | WARNING  | src.modeling.feature_selection:try_remove:162 - ELIMINADA(S) 'lag14' -> 159 features | regression_l2=657.4911 | WRMSSE=0.7520
2026-09-08 09:49:51.928 | WARNING  | src.modeling.feature_selection:try_remove:162 - ELIMINADA(S) 'rolling_max_lag5_window_size14' -> 158 features | regression_l2=656.1462 | WRMSSE=0.7669
2026-09-08 09:50:56.454 | WARNING  | src.modeling.feature_selection:try_remove:162 - ELIMINADA(S) 'rolling_mean_lag7_window_size14' -> 157 features | regression_l2=656.1022 | WRMSSE=0.7654
2026-09-08 09:57:20.868 | WARNING  | src.modeling.feature_selection:try_remove:162 - ELIMINADA(S) 'rolling_min_lag1_window_size14' -> 156 features | regression_l2=655.9957 | WRMSSE=0.7509
2026-09-08 10:12:32.327 | WARNING  | src.modeling.feature_selection:try_remove:162 - ELIMINADA(S) 'rolling_min_lag7_window_size14' -> 155 features | regression_l2=651.9296 | WRMSSE=0.7587
2026-09-08 11:37:12.489 | INFO     | src.modeling.feature_selection:backward_feature_selection:189 - Seleccionadas 155/191 features | regression_l2 final: 651.9296 | WRMSSE final: 0.7587
2026-09-08 11:37:12.492 | INFO     | __main__:select_features:426 - Features descartadas (36): ['avg_sell_price', 'days_since_thanksgiving', 'days_to_closure', 'days_to_event', 'dow_cos', 'expanding_mean_lag91', 'lag1', 'lag11', 'lag13', 'lag14', 'lag17', 'lag20', 'lag23', 'lag27', 'rolling_max_lag1_window_size35', 'rolling_max_lag2_window_size14', 'rolling_max_lag4_window_size7', 'rolling_max_lag5_window_size14', 'rolling_max_lag5_window_size7', 'rolling_max_lag7_window_size14', 'rolling_mean_lag28_window_size28', 'rolling_mean_lag4_window_size7', 'rolling_mean_lag5_window_size14', 'rolling_mean_lag7_window_size14', 'rolling_mean_lag91_window_size91', 'rolling_min_lag1_window_size14', 'rolling_min_lag5_window_size14', 'rolling_min_lag6_window_size14', 'rolling_min_lag7_window_size14', 'rolling_min_lag7_window_size7', 'rolling_min_lag91_window_size28', 'rolling_std_lag1_window_size14', 'rolling_std_lag1_window_size35', 'rolling_std_lag7_window_size14', 'rolling_std_lag91_window_size28', 'rolling_std_lag91_window_size91']
2026-09-08 11:37:12.506 | INFO     | __main__:select_features:439 - Features finales: 155 (9 categóricas) | regression_l2=651.9296 | WRMSSE=0.7587 (informativo)
2026-09-08 11:37:12.506 | INFO     | __main__:run_pipeline:674 - Fase selección de features: 13861.2s
2026-09-08 11:37:29.541 | INFO     | src.evaluation.reports:evaluate_predictions:58 - xgboost (Optuna bench, selected features) [ML] | WAPE: 9.59% | WRMSSE: 0.7587  | fit: 16.93s
2026-09-08 11:37:31.533 | INFO     | __main__:run_shap:485 - SHAP (xgboost): feature más importante = te_weekend_mean | plots guardados en /home/njimenez/workspace/magister/forecast-tfm/artifacts/plots
2026-09-08 11:37:31.535 | INFO     | __main__:run_pipeline:679 - Fase SHAP: 19.0s
2026-09-08 11:37:31.582 | INFO     | __main__:tune_optuna_family:311 - [xgboost] Optuna arrancando: hasta 100 trials (timeout 120s) -- study 'study_level_05_daily_state_cat_sales_final_xgboost'
2026-09-08 11:40:04.098 | INFO     | __main__:tune_optuna_family:321 - [xgboost] Optuna terminó -- elige hiperparámetros por regression_l2 (no por WRMSSE): mejor regression_l2 = 672.9153 | WRMSSE de ESE trial: 0.7868 (solo referencia, puede no ser el mínimo posible; el WRMSSE definitivo se reporta abajo, tras reentrenar con estos hiperparámetros)
2026-09-08 11:40:04.101 | INFO     | __main__:tune_optuna_family:327 - [xgboost] Mejores hiperparámetros: {'learning_rate': 0.09802464246314858, 'max_depth': 10, 'min_child_weight': 3.1016066753462033, 'subsample': 0.9953322990004814, 'colsample_bytree': 0.8458441282629534, 'reg_alpha': 0.3778090752182734, 'reg_lambda': 0.027314286920106658}
2026-09-08 11:40:04.105 | INFO     | __main__:run_pipeline:685 - Fase Optuna final: 152.6s
2026-09-08 11:40:34.037 | INFO     | __main__:fit_final_model:534 - CV (1 folds) best_iteration: [129] -> n_estimators final = 129
2026-09-08 11:40:34.148 | INFO     | src.evaluation.reports:evaluate_predictions:58 - xgboost (final, Optuna) [ML] | WAPE: 10.47% | WRMSSE: 0.8285  | fit: 29.97s
2026-09-08 11:40:55.829 | INFO     | __main__:fit_final_model:555 - Test WAPE: 7.36% | Test WRMSSE: 0.6091
2026-09-08 11:40:59.760 | INFO     | __main__:save_model_comparison:390 - Comparación de modelos guardada en /home/njimenez/workspace/magister/forecast-tfm/artifacts/results
2026-09-08 11:41:00.098 | SUCCESS  | __main__:export_artifact:629 - Artifact guardado en /home/njimenez/workspace/magister/forecast-tfm/artifacts/models/level_05_daily_state_cat_sales_artifact.pkl (modelo: xgboost)
2026-09-08 11:41:00.196 | SUCCESS  | __main__:export_artifact:639 - Versión 20260908T144100Z registrada en registry.json
2026-09-08 11:41:00.197 | INFO     | __main__:run_pipeline:693 - Pipeline completo (level_05_daily_state_cat/sales) en 14527.5s
2026-09-08 11:41:00.439 | INFO     | src.data.split:load_data:364 - level_05_weekly_state_cat | target=sales | 2,502 filas | 109 features (9 categóricas)
2026-09-08 11:41:00.446 | INFO     | src.data.split:log_summary:48 - Train : 2011-01-29 to 2015-04-20 (1,549 days, 1,998 rows)
2026-09-08 11:41:00.446 | INFO     | src.data.split:log_summary:49 - Valid : 2015-04-27 to 2016-04-18 (364 days, 468 rows)
2026-09-08 11:41:00.446 | INFO     | src.data.split:log_summary:50 - Test  : 2016-04-25 to 2016-05-16 (22 days, 36 rows)
2026-09-08 11:41:00.680 | INFO     | src.data.split:split_data:447 - Features: 109 (9 categóricas)
2026-09-08 11:41:00.729 | INFO     | src.evaluation.reports:evaluate_predictions:58 - Seasonal naive (1w) [Naive] | WAPE: 12.14% | WRMSSE: 1.4720  | fit: 0.01s
2026-09-08 11:41:00.778 | INFO     | src.evaluation.reports:evaluate_predictions:58 - Seasonal naive (4w) [Naive] | WAPE: 10.19% | WRMSSE: 1.3221  | fit: 0.01s
2026-09-08 11:41:00.827 | INFO     | src.evaluation.reports:evaluate_predictions:58 - Seasonal naive (52w) [Naive] | WAPE: 10.29% | WRMSSE: 1.6295  | fit: 0.01s
2026-09-08 11:41:00.876 | INFO     | src.evaluation.reports:evaluate_predictions:58 -             Drift [Naive] | WAPE: 9.26% | WRMSSE: 1.2937  | fit: 0.01s
2026-09-08 11:41:00.918 | INFO     | src.evaluation.reports:evaluate_predictions:58 -   Historical mean [Naive] | WAPE: 17.50% | WRMSSE: 2.6171  | fit: 0.00s
2026-09-08 11:41:00.960 | INFO     | src.evaluation.reports:evaluate_predictions:58 - Moving average (2w) [Naive] | WAPE: 11.15% | WRMSSE: 1.4265  | fit: 0.00s
2026-09-08 11:41:01.002 | INFO     | src.evaluation.reports:evaluate_predictions:58 - Moving average (3w) [Naive] | WAPE: 10.02% | WRMSSE: 1.2915  | fit: 0.00s
2026-09-08 11:41:01.047 | INFO     | src.evaluation.reports:evaluate_predictions:58 - Moving average (4w) [Naive] | WAPE: 9.49% | WRMSSE: 1.2249  | fit: 0.00s
2026-09-08 11:41:01.089 | INFO     | src.evaluation.reports:evaluate_predictions:58 - Moving average (6w) [Naive] | WAPE: 10.54% | WRMSSE: 1.3377  | fit: 0.00s
2026-09-08 11:41:01.131 | INFO     | src.evaluation.reports:evaluate_predictions:58 - Moving average (8w) [Naive] | WAPE: 9.93% | WRMSSE: 1.2867  | fit: 0.00s
2026-09-08 11:41:01.132 | INFO     | __main__:run_pipeline:652 - Fase naive: 0.5s
2026-09-08 11:41:09.675 | INFO     | src.evaluation.reports:evaluate_predictions:58 -      SARIMA [Statistical] | WAPE: 11.12% | WRMSSE: 2.3067  | fit: 8.50s
2026-09-08 11:41:11.315 | INFO     | src.evaluation.reports:evaluate_predictions:58 - ETS (Holt-Winters) [Statistical] | WAPE: 7.01% | WRMSSE: 0.9662  | fit: 1.59s
2026-09-08 11:41:11.483 | INFO     | src.evaluation.reports:evaluate_predictions:58 -       Theta [Statistical] | WAPE: 9.28% | WRMSSE: 1.1923  | fit: 0.13s
2026-09-08 11:41:41.248 | INFO     | src.evaluation.reports:evaluate_predictions:58 -       TBATS [Statistical] | WAPE: 13.33% | WRMSSE: 1.7051  | fit: 29.68s
2026-09-08 11:41:42.848 | INFO     | src.evaluation.reports:evaluate_predictions:58 -     Prophet [Statistical] | WAPE: 9.48% | WRMSSE: 1.2902  | fit: 1.49s
2026-09-08 11:41:42.849 | INFO     | __main__:run_pipeline:657 - Fase estadísticos clásicos: 41.7s
2026-09-08 11:41:42.849 | INFO     | __main__:run_bench_ml:342 - Bench ML: familia 1/5 -- lightgbm
2026-09-08 11:41:42.980 | INFO     | __main__:tune_optuna_family:311 - [lightgbm] Optuna arrancando: hasta 30 trials (timeout 60s) -- study 'study_level_05_weekly_state_cat_sales_bench_lightgbm'
2026-09-08 11:42:45.544 | INFO     | __main__:tune_optuna_family:321 - [lightgbm] Optuna terminó -- elige hiperparámetros por regression_l2 (no por WRMSSE): mejor regression_l2 = 10373.1689 | WRMSSE de ESE trial: 3.6944 (solo referencia, puede no ser el mínimo posible; el WRMSSE definitivo se reporta abajo, tras reentrenar con estos hiperparámetros)
2026-09-08 11:42:45.546 | INFO     | __main__:tune_optuna_family:327 - [lightgbm] Mejores hiperparámetros: {'learning_rate': 0.0927284236643618, 'num_leaves': 109, 'max_depth': 6, 'min_child_samples': 139, 'subsample': 0.6193703668065199, 'colsample_bytree': 0.9979373368196096, 'reg_alpha': 0.909681828252672, 'reg_lambda': 0.6293717950844757}
2026-09-08 11:42:45.874 | INFO     | src.evaluation.reports:evaluate_predictions:58 - lightgbm (Optuna bench) [ML] | WAPE: 29.87% | WRMSSE: 4.4426  | fit: 62.98s
2026-09-08 11:42:45.874 | INFO     | __main__:run_bench_ml:342 - Bench ML: familia 2/5 -- xgboost
2026-09-08 11:42:45.969 | INFO     | __main__:tune_optuna_family:311 - [xgboost] Optuna arrancando: hasta 30 trials (timeout 60s) -- study 'study_level_05_weekly_state_cat_sales_bench_xgboost'
2026-09-08 11:43:53.353 | INFO     | __main__:tune_optuna_family:321 - [xgboost] Optuna terminó -- elige hiperparámetros por regression_l2 (no por WRMSSE): mejor regression_l2 = 10703.9634 | WRMSSE de ESE trial: 3.7228 (solo referencia, puede no ser el mínimo posible; el WRMSSE definitivo se reporta abajo, tras reentrenar con estos hiperparámetros)
2026-09-08 11:43:53.357 | INFO     | __main__:tune_optuna_family:327 - [xgboost] Mejores hiperparámetros: {'learning_rate': 0.08376148633427712, 'max_depth': 7, 'min_child_weight': 196.43673423926884, 'subsample': 0.6838366696571874, 'colsample_bytree': 0.6034821444793572, 'reg_alpha': 3.3684103597853023, 'reg_lambda': 0.48044682815893236}
2026-09-08 11:44:01.012 | INFO     | src.evaluation.reports:evaluate_predictions:58 - xgboost (Optuna bench) [ML] | WAPE: 25.46% | WRMSSE: 3.7228  | fit: 75.02s
2026-09-08 11:44:01.013 | INFO     | __main__:run_bench_ml:342 - Bench ML: familia 3/5 -- catboost
2026-09-08 11:44:01.097 | INFO     | __main__:tune_optuna_family:311 - [catboost] Optuna arrancando: hasta 30 trials (timeout 60s) -- study 'study_level_05_weekly_state_cat_sales_bench_catboost'
2026-09-08 11:45:02.660 | INFO     | __main__:tune_optuna_family:321 - [catboost] Optuna terminó -- elige hiperparámetros por regression_l2 (no por WRMSSE): mejor regression_l2 = 13154.8311 | WRMSSE de ESE trial: 2.7808 (solo referencia, puede no ser el mínimo posible; el WRMSSE definitivo se reporta abajo, tras reentrenar con estos hiperparámetros)
2026-09-08 11:45:02.665 | INFO     | __main__:tune_optuna_family:327 - [catboost] Mejores hiperparámetros: {'learning_rate': 0.032939724109789965, 'depth': 10, 'l2_leaf_reg': 3.9913058785616786}
2026-09-08 11:45:34.943 | INFO     | src.evaluation.reports:evaluate_predictions:58 - catboost (Optuna bench) [ML] | WAPE: 23.59% | WRMSSE: 2.7808  | fit: 93.81s
2026-09-08 11:45:34.944 | INFO     | __main__:run_bench_ml:342 - Bench ML: familia 4/5 -- histgb
2026-09-08 11:45:35.019 | INFO     | __main__:tune_optuna_family:311 - [histgb] Optuna arrancando: hasta 30 trials (timeout 60s) -- study 'study_level_05_weekly_state_cat_sales_bench_histgb'
2026-09-08 11:46:36.612 | INFO     | __main__:tune_optuna_family:321 - [histgb] Optuna terminó -- elige hiperparámetros por regression_l2 (no por WRMSSE): mejor regression_l2 = 13042.1336 | WRMSSE de ESE trial: 3.7649 (solo referencia, puede no ser el mínimo posible; el WRMSSE definitivo se reporta abajo, tras reentrenar con estos hiperparámetros)
2026-09-08 11:46:36.614 | INFO     | __main__:tune_optuna_family:327 - [histgb] Mejores hiperparámetros: {'learning_rate': 0.18293517328594538, 'max_leaf_nodes': 63, 'max_depth': 9, 'min_samples_leaf': 127, 'l2_regularization': 0.0014853153980421612}
2026-09-08 11:46:42.536 | INFO     | src.evaluation.reports:evaluate_predictions:58 - histgb (Optuna bench) [ML] | WAPE: 27.20% | WRMSSE: 3.7649  | fit: 67.46s
2026-09-08 11:46:42.537 | INFO     | __main__:run_bench_ml:342 - Bench ML: familia 5/5 -- ridge
2026-09-08 11:46:42.607 | INFO     | __main__:tune_optuna_family:311 - [ridge] Optuna arrancando: hasta 30 trials (timeout 60s) -- study 'study_level_05_weekly_state_cat_sales_bench_ridge'
2026-09-08 11:46:48.368 | INFO     | __main__:tune_optuna_family:321 - [ridge] Optuna terminó -- elige hiperparámetros por regression_l2 (no por WRMSSE): mejor regression_l2 = 6913.0827 | WRMSSE de ESE trial: 2.1580 (solo referencia, puede no ser el mínimo posible; el WRMSSE definitivo se reporta abajo, tras reentrenar con estos hiperparámetros)
2026-09-08 11:46:48.370 | INFO     | __main__:tune_optuna_family:327 - [ridge] Mejores hiperparámetros: {'alpha': 12.231268291041761}
2026-09-08 11:46:48.463 | INFO     | src.evaluation.reports:evaluate_predictions:58 - ridge (Optuna bench) [ML] | WAPE: 13.81% | WRMSSE: 2.1580  | fit: 5.87s
2026-09-08 11:46:48.463 | SUCCESS  | __main__:pick_winner:369 - Modelo ganador (bench, 4 familias tree-based comparadas): xgboost | regression_l2=10703.9634
2026-09-08 11:46:48.464 | INFO     | __main__:run_pipeline:663 - Fase bench ML (Optuna corto, 5 familias): 305.6s
2026-09-08 11:46:48.467 | INFO     | __main__:select_features:400 - Top 10 gain importance (xgboost):
te_snap_mean                       2.151782e+10
lag4                               1.574183e+10
rolling_max_lag1_window_size4      1.327007e+10
lag1                               8.925459e+09
rolling_mean_lag1_window_size4     8.496592e+09
te_weekend_mean                    3.932648e+09
lag2                               1.265643e+09
rolling_max_lag13_window_size13    1.185560e+09
lag3                               6.485476e+08
lag13                              3.301808e+08
dtype: float64
2026-09-08 11:47:02.393 | INFO     | __main__:select_features:407 - Top 10 permutation importance (xgboost):
te_snap_mean                        4685.614258
lag4                                1133.361328
state_id                             855.334570
lag52                                834.208789
rolling_max_lag13_window_size26      756.360352
te_weekend_mean                      754.710938
lag26                                693.465820
lag39                                609.324805
rolling_mean_lag13_window_size26     552.664258
lag22                                309.503516
dtype: float64
2026-09-08 11:47:05.459 | INFO     | src.modeling.feature_selection:backward_feature_selection:139 - Baseline (109 features): regression_l2=10703.9634 | WRMSSE=3.7228 (informativo)
2026-09-08 11:47:09.006 | WARNING  | src.modeling.feature_selection:try_remove:162 - ELIMINADA(S) 8 features ['rolling_mean_lag1_window_size4', 'rolling_max_lag1_window_size4', 'rolling_mean_lag13_window_size13', 'rolling_std_lag1_window_size13', 'expanding_mean_lag13', 'price_vs_max', 'rolling_min_lag1_window_size4', 'te_item_mean'] -> 101 features | regression_l2=9098.0229 | WRMSSE=3.1097
2026-09-08 11:54:11.783 | WARNING  | src.modeling.feature_selection:try_remove:162 - ELIMINADA(S) 8 features ['lag1', 'rolling_std_lag13_window_size13', 'rolling_std_lag13_window_size26', 'lag22', 'rolling_mean_lag13_window_size26', 'lag39', 'lag26', 'te_weekend_mean'] -> 93 features | regression_l2=5497.4224 | WRMSSE=1.9480
2026-09-08 11:54:55.847 | WARNING  | src.modeling.feature_selection:try_remove:162 - ELIMINADA(S) 'rolling_min_lag1_window_size13' -> 92 features | regression_l2=5428.1130 | WRMSSE=2.0342
2026-09-08 11:55:03.418 | WARNING  | src.modeling.feature_selection:try_remove:162 - ELIMINADA(S) 'rolling_mean_lag1_window_size13' -> 91 features | regression_l2=5215.4099 | WRMSSE=1.9080
2026-09-08 11:56:45.911 | WARNING  | src.modeling.feature_selection:try_remove:162 - ELIMINADA(S) 8 features ['days_since_price_change', 'adi_expanding', 'pct_zero_28', 'item_id', 'dow_cos', 'event_type_1', 'store_id', 'month_sin'] -> 83 features | regression_l2=4884.1996 | WRMSSE=1.8527
2026-09-08 11:59:37.272 | WARNING  | src.modeling.feature_selection:try_remove:162 - ELIMINADA(S) 8 features ['rolling_std_lag52_window_size4', 'lag2', 'rolling_min_lag4_window_size13', 'rolling_min_lag52_window_size13', 'price_volatility', 'rolling_min_lag13_window_size26', 'lag17', 'rolling_max_lag4_window_size13'] -> 75 features | regression_l2=4476.8186 | WRMSSE=1.5218
2026-09-08 11:59:57.206 | WARNING  | src.modeling.feature_selection:try_remove:162 - ELIMINADA(S) 'lag13' -> 74 features | regression_l2=4344.7865 | WRMSSE=1.4501
2026-09-08 11:59:59.920 | WARNING  | src.modeling.feature_selection:try_remove:162 - ELIMINADA(S) 'rolling_max_lag13_window_size13' -> 73 features | regression_l2=4332.9490 | WRMSSE=1.5183
2026-09-08 12:00:43.014 | WARNING  | src.modeling.feature_selection:try_remove:162 - ELIMINADA(S) 8 features ['rolling_mean_lag4_window_size4', 'rolling_min_lag4_window_size4', 'lag8', 'rolling_std_lag1_window_size4', 'event_name_1', 'rolling_max_lag1_window_size13', 'doy_sin', 'month'] -> 65 features | regression_l2=4252.0951 | WRMSSE=1.3185
2026-09-08 12:01:02.980 | WARNING  | src.modeling.feature_selection:try_remove:162 - ELIMINADA(S) 'zero_streak' -> 64 features | regression_l2=4229.3979 | WRMSSE=1.4681
2026-09-08 12:01:05.248 | WARNING  | src.modeling.feature_selection:try_remove:162 - ELIMINADA(S) 'days_since_release' -> 63 features | regression_l2=4107.3086 | WRMSSE=1.3476
2026-09-08 12:01:11.717 | WARNING  | src.modeling.feature_selection:try_remove:162 - ELIMINADA(S) 8 features ['days_to_closure', 'event_type_1_enc', 'is_store_closed', 'days_to_event', 'dow_sin', 'dept_id', 'is_month_start', 'quarter'] -> 55 features | regression_l2=4010.3184 | WRMSSE=1.4094
2026-09-08 12:02:40.054 | WARNING  | src.modeling.feature_selection:try_remove:162 - ELIMINADA(S) 8 features ['price_vs_mean', 'lag3', 'days_since_newyear', 'rolling_std_lag4_window_size4', 'rolling_std_lag52_window_size13', 'rolling_mean_lag52_window_size13', 'momentum_lag4_4_13', 'rolling_max_lag52_window_size13'] -> 47 features | regression_l2=3915.5461 | WRMSSE=1.2784
2026-09-08 12:02:41.753 | WARNING  | src.modeling.feature_selection:try_remove:162 - ELIMINADA(S) 8 features ['te_cat_std', 'rolling_max_lag52_window_size4', 'rolling_max_lag4_window_size26', 'avg_sell_price', 'te_dept_mean', 'rolling_min_lag4_window_size26', 'te_cat_mean', 'rolling_min_lag13_window_size13'] -> 39 features | regression_l2=3850.1465 | WRMSSE=1.1580
2026-09-08 12:02:58.001 | WARNING  | src.modeling.feature_selection:try_remove:162 - ELIMINADA(S) 'te_snap_mean' -> 38 features | regression_l2=3807.5556 | WRMSSE=1.1453
2026-09-08 12:04:34.650 | WARNING  | src.modeling.feature_selection:try_remove:162 - ELIMINADA(S) 'state_id' -> 37 features | regression_l2=3761.9192 | WRMSSE=1.0814
2026-09-08 12:05:27.580 | WARNING  | src.modeling.feature_selection:try_remove:162 - ELIMINADA(S) 'cat_id' -> 36 features | regression_l2=3700.0710 | WRMSSE=1.0340
2026-09-08 12:06:15.623 | WARNING  | src.modeling.feature_selection:try_remove:162 - ELIMINADA(S) 'month_cos' -> 35 features | regression_l2=3681.3577 | WRMSSE=1.0297
2026-09-08 12:06:30.156 | WARNING  | src.modeling.feature_selection:try_remove:162 - ELIMINADA(S) 'is_likely_stockout' -> 34 features | regression_l2=3674.5743 | WRMSSE=0.9897
2026-09-08 12:08:47.584 | INFO     | src.modeling.feature_selection:backward_feature_selection:189 - Seleccionadas 34/109 features | regression_l2 final: 3674.5743 | WRMSSE final: 0.9897
2026-09-08 12:08:47.586 | INFO     | __main__:select_features:426 - Features descartadas (75): ['adi_expanding', 'avg_sell_price', 'cat_id', 'days_since_newyear', 'days_since_price_change', 'days_since_release', 'days_to_closure', 'days_to_event', 'dept_id', 'dow_cos', 'dow_sin', 'doy_sin', 'event_name_1', 'event_type_1', 'event_type_1_enc', 'expanding_mean_lag13', 'is_likely_stockout', 'is_month_start', 'is_store_closed', 'item_id', 'lag1', 'lag13', 'lag17', 'lag2', 'lag22', 'lag26', 'lag3', 'lag39', 'lag8', 'momentum_lag4_4_13', 'month', 'month_cos', 'month_sin', 'pct_zero_28', 'price_volatility', 'price_vs_max', 'price_vs_mean', 'quarter', 'rolling_max_lag13_window_size13', 'rolling_max_lag1_window_size13', 'rolling_max_lag1_window_size4', 'rolling_max_lag4_window_size13', 'rolling_max_lag4_window_size26', 'rolling_max_lag52_window_size13', 'rolling_max_lag52_window_size4', 'rolling_mean_lag13_window_size13', 'rolling_mean_lag13_window_size26', 'rolling_mean_lag1_window_size13', 'rolling_mean_lag1_window_size4', 'rolling_mean_lag4_window_size4', 'rolling_mean_lag52_window_size13', 'rolling_min_lag13_window_size13', 'rolling_min_lag13_window_size26', 'rolling_min_lag1_window_size13', 'rolling_min_lag1_window_size4', 'rolling_min_lag4_window_size13', 'rolling_min_lag4_window_size26', 'rolling_min_lag4_window_size4', 'rolling_min_lag52_window_size13', 'rolling_std_lag13_window_size13', 'rolling_std_lag13_window_size26', 'rolling_std_lag1_window_size13', 'rolling_std_lag1_window_size4', 'rolling_std_lag4_window_size4', 'rolling_std_lag52_window_size13', 'rolling_std_lag52_window_size4', 'state_id', 'store_id', 'te_cat_mean', 'te_cat_std', 'te_dept_mean', 'te_item_mean', 'te_snap_mean', 'te_weekend_mean', 'zero_streak']
2026-09-08 12:08:47.598 | INFO     | __main__:select_features:439 - Features finales: 34 (2 categóricas) | regression_l2=3674.5743 | WRMSSE=0.9897 (informativo)
2026-09-08 12:08:47.598 | INFO     | __main__:run_pipeline:674 - Fase selección de features: 1319.1s
2026-09-08 12:08:49.128 | INFO     | src.evaluation.reports:evaluate_predictions:58 - xgboost (Optuna bench, selected features) [ML] | WAPE: 7.15% | WRMSSE: 0.9897  | fit: 1.48s
2026-09-08 12:08:50.865 | INFO     | __main__:run_shap:485 - SHAP (xgboost): feature más importante = te_event_mean | plots guardados en /home/njimenez/workspace/magister/forecast-tfm/artifacts/plots
2026-09-08 12:08:50.867 | INFO     | __main__:run_pipeline:679 - Fase SHAP: 3.3s
2026-09-08 12:08:50.921 | INFO     | __main__:tune_optuna_family:311 - [xgboost] Optuna arrancando: hasta 100 trials (timeout 120s) -- study 'study_level_05_weekly_state_cat_sales_final_xgboost'
2026-09-08 12:10:55.052 | INFO     | __main__:tune_optuna_family:321 - [xgboost] Optuna terminó -- elige hiperparámetros por regression_l2 (no por WRMSSE): mejor regression_l2 = 2409.7339 | WRMSSE de ESE trial: 0.7854 (solo referencia, puede no ser el mínimo posible; el WRMSSE definitivo se reporta abajo, tras reentrenar con estos hiperparámetros)
2026-09-08 12:10:55.055 | INFO     | __main__:tune_optuna_family:327 - [xgboost] Mejores hiperparámetros: {'learning_rate': 0.06045996474240763, 'max_depth': 3, 'min_child_weight': 11.608283193470358, 'subsample': 0.9105243446317902, 'colsample_bytree': 0.7212056923361752, 'reg_alpha': 0.34541384162564254, 'reg_lambda': 1.9059384671324595}
2026-09-08 12:10:55.058 | INFO     | __main__:run_pipeline:685 - Fase Optuna final: 124.2s
2026-09-08 12:10:58.041 | INFO     | __main__:fit_final_model:534 - CV (1 folds) best_iteration: [478] -> n_estimators final = 478
2026-09-08 12:10:58.129 | INFO     | src.evaluation.reports:evaluate_predictions:58 - xgboost (final, Optuna) [ML] | WAPE: 4.92% | WRMSSE: 0.7862  | fit: 3.00s
2026-09-08 12:11:00.832 | INFO     | __main__:fit_final_model:555 - Test WAPE: 5.14% | Test WRMSSE: 0.7619
2026-09-08 12:11:04.672 | INFO     | __main__:save_model_comparison:390 - Comparación de modelos guardada en /home/njimenez/workspace/magister/forecast-tfm/artifacts/results
2026-09-08 12:11:05.238 | SUCCESS  | __main__:export_artifact:629 - Artifact guardado en /home/njimenez/workspace/magister/forecast-tfm/artifacts/models/level_05_weekly_state_cat_sales_artifact.pkl (modelo: xgboost)
2026-09-08 12:11:05.647 | SUCCESS  | __main__:export_artifact:639 - Versión 20260908T151105Z registrada en registry.json
2026-09-08 12:11:05.649 | INFO     | __main__:run_pipeline:693 - Pipeline completo (level_05_weekly_state_cat/sales) en 1805.2s
2026-09-08 12:11:06.134 | INFO     | src.data.split:load_data:364 - level_06_daily_store | target=sales | 19,410 filas | 191 features (9 categóricas)
2026-09-08 12:11:06.152 | INFO     | src.data.split:log_summary:48 - Train : 2011-01-29 to 2015-04-26 (1,549 days, 15,490 rows)
2026-09-08 12:11:06.152 | INFO     | src.data.split:log_summary:49 - Valid : 2015-04-27 to 2016-04-24 (364 days, 3,640 rows)
2026-09-08 12:11:06.153 | INFO     | src.data.split:log_summary:50 - Test  : 2016-04-25 to 2016-05-22 (28 days, 280 rows)
2026-09-08 12:11:06.635 | INFO     | src.data.split:split_data:447 - Features: 191 (9 categóricas)
2026-09-08 12:11:06.810 | INFO     | src.evaluation.reports:evaluate_predictions:58 - Seasonal naive (1d) [Naive] | WAPE: 22.39% | WRMSSE: 1.5566  | fit: 0.06s
2026-09-08 12:11:07.005 | INFO     | src.evaluation.reports:evaluate_predictions:58 - Seasonal naive (7d) [Naive] | WAPE: 15.04% | WRMSSE: 1.0236  | fit: 0.06s
2026-09-08 12:11:07.194 | INFO     | src.evaluation.reports:evaluate_predictions:58 - Seasonal naive (28d) [Naive] | WAPE: 15.34% | WRMSSE: 1.0520  | fit: 0.07s
2026-09-08 12:11:07.370 | INFO     | src.evaluation.reports:evaluate_predictions:58 - Seasonal naive (364d) [Naive] | WAPE: 13.42% | WRMSSE: 0.9613  | fit: 0.07s
2026-09-08 12:11:07.509 | INFO     | src.evaluation.reports:evaluate_predictions:58 -             Drift [Naive] | WAPE: 24.63% | WRMSSE: 1.7115  | fit: 0.02s
2026-09-08 12:11:07.634 | INFO     | src.evaluation.reports:evaluate_predictions:58 -   Historical mean [Naive] | WAPE: 20.21% | WRMSSE: 1.4814  | fit: 0.00s
2026-09-08 12:11:07.762 | INFO     | src.evaluation.reports:evaluate_predictions:58 - Moving average (7d) [Naive] | WAPE: 18.15% | WRMSSE: 1.2853  | fit: 0.01s
2026-09-08 12:11:07.889 | INFO     | src.evaluation.reports:evaluate_predictions:58 - Moving average (14d) [Naive] | WAPE: 17.57% | WRMSSE: 1.2432  | fit: 0.01s
2026-09-08 12:11:08.011 | INFO     | src.evaluation.reports:evaluate_predictions:58 - Moving average (21d) [Naive] | WAPE: 17.21% | WRMSSE: 1.2039  | fit: 0.01s
2026-09-08 12:11:08.160 | INFO     | src.evaluation.reports:evaluate_predictions:58 - Moving average (28d) [Naive] | WAPE: 17.25% | WRMSSE: 1.1990  | fit: 0.01s
2026-09-08 12:11:08.292 | INFO     | src.evaluation.reports:evaluate_predictions:58 - Moving average (35d) [Naive] | WAPE: 17.33% | WRMSSE: 1.2150  | fit: 0.01s
2026-09-08 12:11:08.293 | INFO     | __main__:run_pipeline:652 - Fase naive: 1.7s
2026-09-08 12:11:24.162 | INFO     | src.evaluation.reports:evaluate_predictions:58 -      SARIMA [Statistical] | WAPE: 17.56% | WRMSSE: 1.1479  | fit: 15.74s
2026-09-08 12:11:26.931 | INFO     | src.evaluation.reports:evaluate_predictions:58 - ETS (Holt-Winters) [Statistical] | WAPE: 13.98% | WRMSSE: 0.9490  | fit: 2.64s
2026-09-08 12:11:27.544 | INFO     | src.evaluation.reports:evaluate_predictions:58 -       Theta [Statistical] | WAPE: 13.84% | WRMSSE: 0.9381  | fit: 0.48s
2026-09-08 12:12:00.919 | INFO     | src.evaluation.reports:evaluate_predictions:58 -       TBATS [Statistical] | WAPE: 19.17% | WRMSSE: 1.2599  | fit: 33.28s
2026-09-08 12:12:04.532 | INFO     | src.evaluation.reports:evaluate_predictions:58 -     Prophet [Statistical] | WAPE: 13.98% | WRMSSE: 0.9179  | fit: 3.53s
2026-09-08 12:12:04.532 | INFO     | __main__:run_pipeline:657 - Fase estadísticos clásicos: 56.2s
2026-09-08 12:12:04.533 | INFO     | __main__:run_bench_ml:342 - Bench ML: familia 1/5 -- lightgbm
2026-09-08 12:12:04.573 | INFO     | __main__:tune_optuna_family:311 - [lightgbm] Optuna arrancando: hasta 30 trials (timeout 60s) -- study 'study_level_06_daily_store_sales_bench_lightgbm'
2026-09-08 12:13:17.079 | INFO     | __main__:tune_optuna_family:321 - [lightgbm] Optuna terminó -- elige hiperparámetros por regression_l2 (no por WRMSSE): mejor regression_l2 = 614.4415 | WRMSSE de ESE trial: 0.8199 (solo referencia, puede no ser el mínimo posible; el WRMSSE definitivo se reporta abajo, tras reentrenar con estos hiperparámetros)
2026-09-08 12:13:17.086 | INFO     | __main__:tune_optuna_family:327 - [lightgbm] Mejores hiperparámetros: {'learning_rate': 0.13732302104356955, 'num_leaves': 32, 'max_depth': 7, 'min_child_samples': 23, 'subsample': 0.6058268031335812, 'colsample_bytree': 0.9630659181130071, 'reg_alpha': 3.7364993980800194, 'reg_lambda': 0.317723493064671}
2026-09-08 12:13:55.315 | INFO     | src.evaluation.reports:evaluate_predictions:58 - lightgbm (Optuna bench) [ML] | WAPE: 13.04% | WRMSSE: 0.9920  | fit: 110.57s
2026-09-08 12:13:55.316 | INFO     | __main__:run_bench_ml:342 - Bench ML: familia 2/5 -- xgboost
2026-09-08 12:13:55.410 | INFO     | __main__:tune_optuna_family:311 - [xgboost] Optuna arrancando: hasta 30 trials (timeout 60s) -- study 'study_level_06_daily_store_sales_bench_xgboost'
2026-09-08 12:14:55.527 | INFO     | __main__:tune_optuna_family:321 - [xgboost] Optuna terminó -- elige hiperparámetros por regression_l2 (no por WRMSSE): mejor regression_l2 = 405.1660 | WRMSSE de ESE trial: 0.5743 (solo referencia, puede no ser el mínimo posible; el WRMSSE definitivo se reporta abajo, tras reentrenar con estos hiperparámetros)
2026-09-08 12:14:55.529 | INFO     | __main__:tune_optuna_family:327 - [xgboost] Mejores hiperparámetros: {'learning_rate': 0.07552886949841407, 'max_depth': 5, 'min_child_weight': 2.956461619341584, 'subsample': 0.6877543291696689, 'colsample_bytree': 0.8383320456232513, 'reg_alpha': 0.08128894440649138, 'reg_lambda': 0.17169765054952543}
2026-09-08 12:15:09.506 | INFO     | src.evaluation.reports:evaluate_predictions:58 - xgboost (Optuna bench) [ML] | WAPE: 9.21% | WRMSSE: 0.7094  | fit: 73.98s
2026-09-08 12:15:09.507 | INFO     | __main__:run_bench_ml:342 - Bench ML: familia 3/5 -- catboost
2026-09-08 12:15:09.586 | INFO     | __main__:tune_optuna_family:311 - [catboost] Optuna arrancando: hasta 30 trials (timeout 60s) -- study 'study_level_06_daily_store_sales_bench_catboost'
2026-09-08 12:16:14.970 | INFO     | __main__:tune_optuna_family:321 - [catboost] Optuna terminó -- elige hiperparámetros por regression_l2 (no por WRMSSE): mejor regression_l2 = 1185.5254 | WRMSSE de ESE trial: 1.5323 (solo referencia, puede no ser el mínimo posible; el WRMSSE definitivo se reporta abajo, tras reentrenar con estos hiperparámetros)
2026-09-08 12:16:14.973 | INFO     | __main__:tune_optuna_family:327 - [catboost] Mejores hiperparámetros: {'learning_rate': 0.03021731430371293, 'depth': 4, 'l2_leaf_reg': 1.4433343835255168}
2026-09-08 12:16:16.880 | INFO     | src.evaluation.reports:evaluate_predictions:58 - catboost (Optuna bench) [ML] | WAPE: 21.17% | WRMSSE: 1.5323  | fit: 67.26s
2026-09-08 12:16:16.880 | INFO     | __main__:run_bench_ml:342 - Bench ML: familia 4/5 -- histgb
2026-09-08 12:16:16.920 | INFO     | __main__:tune_optuna_family:311 - [histgb] Optuna arrancando: hasta 30 trials (timeout 60s) -- study 'study_level_06_daily_store_sales_bench_histgb'
2026-09-08 12:17:52.242 | INFO     | __main__:tune_optuna_family:321 - [histgb] Optuna terminó -- elige hiperparámetros por regression_l2 (no por WRMSSE): mejor regression_l2 = 502.9985 | WRMSSE de ESE trial: 0.7512 (solo referencia, puede no ser el mínimo posible; el WRMSSE definitivo se reporta abajo, tras reentrenar con estos hiperparámetros)
2026-09-08 12:17:52.244 | INFO     | __main__:tune_optuna_family:327 - [histgb] Mejores hiperparámetros: {'learning_rate': 0.07106591851092234, 'max_leaf_nodes': 244, 'max_depth': 12, 'min_samples_leaf': 128, 'l2_regularization': 0.003776663327107336}
2026-09-08 12:18:32.429 | INFO     | src.evaluation.reports:evaluate_predictions:58 - histgb (Optuna bench) [ML] | WAPE: 9.62% | WRMSSE: 0.7512  | fit: 135.15s
2026-09-08 12:18:32.430 | INFO     | __main__:run_bench_ml:342 - Bench ML: familia 5/5 -- ridge
2026-09-08 12:18:32.469 | INFO     | __main__:tune_optuna_family:311 - [ridge] Optuna arrancando: hasta 30 trials (timeout 60s) -- study 'study_level_06_daily_store_sales_bench_ridge'
2026-09-08 12:18:51.074 | INFO     | __main__:tune_optuna_family:321 - [ridge] Optuna terminó -- elige hiperparámetros por regression_l2 (no por WRMSSE): mejor regression_l2 = 977.9876 | WRMSSE de ESE trial: 1.2503 (solo referencia, puede no ser el mínimo posible; el WRMSSE definitivo se reporta abajo, tras reentrenar con estos hiperparámetros)
2026-09-08 12:18:51.078 | INFO     | __main__:tune_optuna_family:327 - [ridge] Mejores hiperparámetros: {'alpha': 99.95115919138186}
2026-09-08 12:18:51.755 | INFO     | src.evaluation.reports:evaluate_predictions:58 - ridge (Optuna bench) [ML] | WAPE: 17.51% | WRMSSE: 1.3069  | fit: 19.18s
2026-09-08 12:18:51.755 | SUCCESS  | __main__:pick_winner:369 - Modelo ganador (bench, 4 familias tree-based comparadas): xgboost | regression_l2=473.4437
2026-09-08 12:18:51.755 | INFO     | __main__:run_pipeline:663 - Fase bench ML (Optuna corto, 5 familias): 407.2s
2026-09-08 12:18:51.758 | INFO     | __main__:select_features:400 - Top 10 gain importance (xgboost):
lag28                             213782656.0
lag7                               79223552.0
te_weekend_mean                    63444540.0
lag91                              48013528.0
lag35                              21833228.0
lag182                             21259124.0
lag21                              15324473.0
lag56                              15097583.0
lag1                               14339723.0
rolling_mean_lag1_window_size7     11465870.0
dtype: float64
2026-09-08 12:19:45.425 | INFO     | __main__:select_features:407 - Top 10 permutation importance (xgboost):
lag28              421.317377
te_weekend_mean     58.056549
event_name_1        49.743024
lag364              39.840533
snap                38.934845
lag7                36.658624
lag91               27.527081
lag182              16.205408
dayofweek           16.110095
store_id            13.755859
dtype: float64
2026-09-08 12:20:02.778 | INFO     | src.modeling.feature_selection:backward_feature_selection:139 - Baseline (191 features): regression_l2=473.4437 | WRMSSE=0.7094 (informativo)
2026-09-08 12:20:51.441 | WARNING  | src.modeling.feature_selection:try_remove:162 - ELIMINADA(S) 'rolling_std_lag3_window_size7' -> 190 features | regression_l2=467.4091 | WRMSSE=0.6913
2026-09-08 12:28:20.883 | WARNING  | src.modeling.feature_selection:try_remove:162 - ELIMINADA(S) 'has_event' -> 189 features | regression_l2=461.7439 | WRMSSE=0.6878
2026-09-08 12:38:54.017 | WARNING  | src.modeling.feature_selection:try_remove:162 - ELIMINADA(S) 8 features ['avg_sell_price', 'lag8', 'seasonal_mean_lag364_7_8', 'doy_cos', 'days_to_closure', 'rolling_min_lag364_window_size91', 'rolling_min_lag5_window_size14', 'lag1'] -> 181 features | regression_l2=448.9292 | WRMSSE=0.6432
2026-09-08 12:39:38.774 | WARNING  | src.modeling.feature_selection:try_remove:162 - ELIMINADA(S) 'days_since_event' -> 180 features | regression_l2=448.8930 | WRMSSE=0.6442
2026-09-08 12:40:02.799 | WARNING  | src.modeling.feature_selection:try_remove:162 - ELIMINADA(S) 'lag12' -> 179 features | regression_l2=436.8455 | WRMSSE=0.6233
2026-09-08 12:40:30.671 | WARNING  | src.modeling.feature_selection:try_remove:162 - ELIMINADA(S) 'lag27' -> 178 features | regression_l2=433.9589 | WRMSSE=0.6192
2026-09-08 12:40:44.626 | WARNING  | src.modeling.feature_selection:try_remove:162 - ELIMINADA(S) 'days_to_event' -> 177 features | regression_l2=430.9158 | WRMSSE=0.6123
2026-09-08 12:41:08.625 | WARNING  | src.modeling.feature_selection:try_remove:162 - ELIMINADA(S) 8 features ['lag6', 'price_vs_max', 'days_to_thanksgiving', 'lag56', 'te_snap_mean', 'seasonal_mean_lag364_364_2', 'weekofyear', 'days_since_thanksgiving'] -> 169 features | regression_l2=430.4985 | WRMSSE=0.6147
2026-09-08 12:43:49.258 | WARNING  | src.modeling.feature_selection:try_remove:162 - ELIMINADA(S) 'lag7' -> 168 features | regression_l2=421.2117 | WRMSSE=0.5977
2026-09-08 12:50:16.202 | WARNING  | src.modeling.feature_selection:try_remove:162 - ELIMINADA(S) 'te_item_mean' -> 167 features | regression_l2=416.9276 | WRMSSE=0.5984
2026-09-08 13:59:29.899 | INFO     | src.modeling.feature_selection:backward_feature_selection:189 - Seleccionadas 167/191 features | regression_l2 final: 416.9276 | WRMSSE final: 0.5984
2026-09-08 13:59:29.902 | INFO     | __main__:select_features:426 - Features descartadas (24): ['avg_sell_price', 'days_since_event', 'days_since_thanksgiving', 'days_to_closure', 'days_to_event', 'days_to_thanksgiving', 'doy_cos', 'has_event', 'lag1', 'lag12', 'lag27', 'lag56', 'lag6', 'lag7', 'lag8', 'price_vs_max', 'rolling_min_lag364_window_size91', 'rolling_min_lag5_window_size14', 'rolling_std_lag3_window_size7', 'seasonal_mean_lag364_364_2', 'seasonal_mean_lag364_7_8', 'te_item_mean', 'te_snap_mean', 'weekofyear']
2026-09-08 13:59:29.915 | INFO     | __main__:select_features:439 - Features finales: 167 (9 categóricas) | regression_l2=416.9276 | WRMSSE=0.5984 (informativo)
2026-09-08 13:59:29.915 | INFO     | __main__:run_pipeline:674 - Fase selección de features: 6038.2s
2026-09-08 13:59:45.670 | INFO     | src.evaluation.reports:evaluate_predictions:58 - xgboost (Optuna bench, selected features) [ML] | WAPE: 7.77% | WRMSSE: 0.5984  | fit: 15.64s
2026-09-08 13:59:47.391 | INFO     | __main__:run_shap:485 - SHAP (xgboost): feature más importante = lag28 | plots guardados en /home/njimenez/workspace/magister/forecast-tfm/artifacts/plots
2026-09-08 13:59:47.392 | INFO     | __main__:run_pipeline:679 - Fase SHAP: 17.5s
2026-09-08 13:59:47.432 | INFO     | __main__:tune_optuna_family:311 - [xgboost] Optuna arrancando: hasta 100 trials (timeout 120s) -- study 'study_level_06_daily_store_sales_final_xgboost'
2026-09-08 14:01:56.506 | INFO     | __main__:tune_optuna_family:321 - [xgboost] Optuna terminó -- elige hiperparámetros por regression_l2 (no por WRMSSE): mejor regression_l2 = 405.1660 | WRMSSE de ESE trial: 0.5743 (solo referencia, puede no ser el mínimo posible; el WRMSSE definitivo se reporta abajo, tras reentrenar con estos hiperparámetros)
2026-09-08 14:01:56.509 | INFO     | __main__:tune_optuna_family:327 - [xgboost] Mejores hiperparámetros: {'learning_rate': 0.07552886949841407, 'max_depth': 5, 'min_child_weight': 2.956461619341584, 'subsample': 0.6877543291696689, 'colsample_bytree': 0.8383320456232513, 'reg_alpha': 0.08128894440649138, 'reg_lambda': 0.17169765054952543}
2026-09-08 14:01:56.514 | INFO     | __main__:run_pipeline:685 - Fase Optuna final: 129.1s
2026-09-08 14:02:29.405 | INFO     | __main__:fit_final_model:534 - CV (1 folds) best_iteration: [289] -> n_estimators final = 289
2026-09-08 14:02:29.612 | INFO     | src.evaluation.reports:evaluate_predictions:58 - xgboost (final, Optuna) [ML] | WAPE: 7.77% | WRMSSE: 0.5984  | fit: 32.98s
2026-09-08 14:02:42.817 | INFO     | __main__:fit_final_model:555 - Test WAPE: 6.61% | Test WRMSSE: 0.5423
2026-09-08 14:02:46.720 | INFO     | __main__:save_model_comparison:390 - Comparación de modelos guardada en /home/njimenez/workspace/magister/forecast-tfm/artifacts/results
2026-09-08 14:02:46.952 | SUCCESS  | __main__:export_artifact:629 - Artifact guardado en /home/njimenez/workspace/magister/forecast-tfm/artifacts/models/level_06_daily_store_sales_artifact.pkl (modelo: xgboost)
2026-09-08 14:02:47.108 | SUCCESS  | __main__:export_artifact:639 - Versión 20260908T170246Z registrada en registry.json
2026-09-08 14:02:47.109 | INFO     | __main__:run_pipeline:693 - Pipeline completo (level_06_daily_store/sales) en 6701.1s
2026-09-08 14:02:47.339 | INFO     | src.data.split:load_data:364 - level_06_weekly_store | target=sales | 2,780 filas | 109 features (9 categóricas)
2026-09-08 14:02:47.345 | INFO     | src.data.split:log_summary:48 - Train : 2011-01-29 to 2015-04-20 (1,549 days, 2,220 rows)
2026-09-08 14:02:47.345 | INFO     | src.data.split:log_summary:49 - Valid : 2015-04-27 to 2016-04-18 (364 days, 520 rows)
2026-09-08 14:02:47.346 | INFO     | src.data.split:log_summary:50 - Test  : 2016-04-25 to 2016-05-16 (22 days, 40 rows)
2026-09-08 14:02:47.578 | INFO     | src.data.split:split_data:447 - Features: 109 (9 categóricas)
2026-09-08 14:02:47.625 | INFO     | src.evaluation.reports:evaluate_predictions:58 - Seasonal naive (1w) [Naive] | WAPE: 12.75% | WRMSSE: 1.7104  | fit: 0.01s
2026-09-08 14:02:47.672 | INFO     | src.evaluation.reports:evaluate_predictions:58 - Seasonal naive (4w) [Naive] | WAPE: 11.58% | WRMSSE: 1.6178  | fit: 0.01s
2026-09-08 14:02:47.721 | INFO     | src.evaluation.reports:evaluate_predictions:58 - Seasonal naive (52w) [Naive] | WAPE: 10.26% | WRMSSE: 1.4333  | fit: 0.01s
2026-09-08 14:02:47.772 | INFO     | src.evaluation.reports:evaluate_predictions:58 -             Drift [Naive] | WAPE: 11.85% | WRMSSE: 1.6938  | fit: 0.01s
2026-09-08 14:02:47.819 | INFO     | src.evaluation.reports:evaluate_predictions:58 -   Historical mean [Naive] | WAPE: 17.34% | WRMSSE: 2.3975  | fit: 0.00s
2026-09-08 14:02:47.861 | INFO     | src.evaluation.reports:evaluate_predictions:58 - Moving average (2w) [Naive] | WAPE: 11.73% | WRMSSE: 1.6297  | fit: 0.00s
2026-09-08 14:02:47.903 | INFO     | src.evaluation.reports:evaluate_predictions:58 - Moving average (3w) [Naive] | WAPE: 10.72% | WRMSSE: 1.5374  | fit: 0.00s
2026-09-08 14:02:47.945 | INFO     | src.evaluation.reports:evaluate_predictions:58 - Moving average (4w) [Naive] | WAPE: 10.56% | WRMSSE: 1.5124  | fit: 0.00s
2026-09-08 14:02:47.987 | INFO     | src.evaluation.reports:evaluate_predictions:58 - Moving average (6w) [Naive] | WAPE: 11.21% | WRMSSE: 1.5650  | fit: 0.00s
2026-09-08 14:02:48.030 | INFO     | src.evaluation.reports:evaluate_predictions:58 - Moving average (8w) [Naive] | WAPE: 10.68% | WRMSSE: 1.5173  | fit: 0.00s
2026-09-08 14:02:48.030 | INFO     | __main__:run_pipeline:652 - Fase naive: 0.5s
2026-09-08 14:02:56.858 | INFO     | src.evaluation.reports:evaluate_predictions:58 -      SARIMA [Statistical] | WAPE: 9.48% | WRMSSE: 1.3809  | fit: 8.77s
2026-09-08 14:02:58.772 | INFO     | src.evaluation.reports:evaluate_predictions:58 - ETS (Holt-Winters) [Statistical] | WAPE: 9.97% | WRMSSE: 1.4862  | fit: 1.86s
2026-09-08 14:02:58.925 | INFO     | src.evaluation.reports:evaluate_predictions:58 -       Theta [Statistical] | WAPE: 10.49% | WRMSSE: 1.4930  | fit: 0.11s
2026-09-08 14:03:20.452 | INFO     | src.evaluation.reports:evaluate_predictions:58 -       TBATS [Statistical] | WAPE: 13.51% | WRMSSE: 1.9203  | fit: 21.46s
2026-09-08 14:03:21.404 | INFO     | src.evaluation.reports:evaluate_predictions:58 -     Prophet [Statistical] | WAPE: 12.77% | WRMSSE: 1.6919  | fit: 0.89s
2026-09-08 14:03:21.404 | INFO     | __main__:run_pipeline:657 - Fase estadísticos clásicos: 33.4s
2026-09-08 14:03:21.405 | INFO     | __main__:run_bench_ml:342 - Bench ML: familia 1/5 -- lightgbm
2026-09-08 14:03:21.468 | INFO     | __main__:tune_optuna_family:311 - [lightgbm] Optuna arrancando: hasta 30 trials (timeout 60s) -- study 'study_level_06_weekly_store_sales_bench_lightgbm'
2026-09-08 14:04:30.540 | INFO     | __main__:tune_optuna_family:321 - [lightgbm] Optuna terminó -- elige hiperparámetros por regression_l2 (no por WRMSSE): mejor regression_l2 = 4692.8879 | WRMSSE de ESE trial: 2.0659 (solo referencia, puede no ser el mínimo posible; el WRMSSE definitivo se reporta abajo, tras reentrenar con estos hiperparámetros)
2026-09-08 14:04:30.544 | INFO     | __main__:tune_optuna_family:327 - [lightgbm] Mejores hiperparámetros: {'learning_rate': 0.04715047260495454, 'num_leaves': 153, 'max_depth': 5, 'min_child_samples': 165, 'subsample': 0.6298202574719083, 'colsample_bytree': 0.9947547746402069, 'reg_alpha': 0.7186380986530762, 'reg_lambda': 0.005433045540798127}
2026-09-08 14:04:31.567 | INFO     | src.evaluation.reports:evaluate_predictions:58 - lightgbm (Optuna bench) [ML] | WAPE: 13.48% | WRMSSE: 2.0512  | fit: 70.11s
2026-09-08 14:04:31.568 | INFO     | __main__:run_bench_ml:342 - Bench ML: familia 2/5 -- xgboost
2026-09-08 14:04:31.622 | INFO     | __main__:tune_optuna_family:311 - [xgboost] Optuna arrancando: hasta 30 trials (timeout 60s) -- study 'study_level_06_weekly_store_sales_bench_xgboost'
2026-09-08 14:05:35.840 | INFO     | __main__:tune_optuna_family:321 - [xgboost] Optuna terminó -- elige hiperparámetros por regression_l2 (no por WRMSSE): mejor regression_l2 = 3283.4455 | WRMSSE de ESE trial: 1.4285 (solo referencia, puede no ser el mínimo posible; el WRMSSE definitivo se reporta abajo, tras reentrenar con estos hiperparámetros)
2026-09-08 14:05:35.842 | INFO     | __main__:tune_optuna_family:327 - [xgboost] Mejores hiperparámetros: {'learning_rate': 0.12093510864110771, 'max_depth': 7, 'min_child_weight': 42.588882102900804, 'subsample': 0.608233797718321, 'colsample_bytree': 0.9879639408647978, 'reg_alpha': 1.1999975480350795, 'reg_lambda': 0.00610149136730271}
2026-09-08 14:05:37.583 | INFO     | src.evaluation.reports:evaluate_predictions:58 - xgboost (Optuna bench) [ML] | WAPE: 8.99% | WRMSSE: 1.4285  | fit: 65.96s
2026-09-08 14:05:37.584 | INFO     | __main__:run_bench_ml:342 - Bench ML: familia 3/5 -- catboost
2026-09-08 14:05:37.648 | INFO     | __main__:tune_optuna_family:311 - [catboost] Optuna arrancando: hasta 30 trials (timeout 60s) -- study 'study_level_06_weekly_store_sales_bench_catboost'
2026-09-08 14:06:37.957 | INFO     | __main__:tune_optuna_family:321 - [catboost] Optuna terminó -- elige hiperparámetros por regression_l2 (no por WRMSSE): mejor regression_l2 = 6329.6206 | WRMSSE de ESE trial: 2.2420 (solo referencia, puede no ser el mínimo posible; el WRMSSE definitivo se reporta abajo, tras reentrenar con estos hiperparámetros)
2026-09-08 14:06:37.960 | INFO     | __main__:tune_optuna_family:327 - [catboost] Mejores hiperparámetros: {'learning_rate': 0.040300970604102884, 'depth': 6, 'l2_leaf_reg': 3.347776308515933}
2026-09-08 14:06:41.027 | INFO     | src.evaluation.reports:evaluate_predictions:58 - catboost (Optuna bench) [ML] | WAPE: 15.97% | WRMSSE: 2.2420  | fit: 63.34s
2026-09-08 14:06:41.027 | INFO     | __main__:run_bench_ml:342 - Bench ML: familia 4/5 -- histgb
2026-09-08 14:06:41.113 | INFO     | __main__:tune_optuna_family:311 - [histgb] Optuna arrancando: hasta 30 trials (timeout 60s) -- study 'study_level_06_weekly_store_sales_bench_histgb'
2026-09-08 14:07:43.871 | INFO     | __main__:tune_optuna_family:321 - [histgb] Optuna terminó -- elige hiperparámetros por regression_l2 (no por WRMSSE): mejor regression_l2 = 3611.5904 | WRMSSE de ESE trial: 1.1380 (solo referencia, puede no ser el mínimo posible; el WRMSSE definitivo se reporta abajo, tras reentrenar con estos hiperparámetros)
2026-09-08 14:07:43.873 | INFO     | __main__:tune_optuna_family:327 - [histgb] Mejores hiperparámetros: {'learning_rate': 0.04296509486733454, 'max_leaf_nodes': 28, 'max_depth': 14, 'min_samples_leaf': 128, 'l2_regularization': 0.4160439645256604}
2026-09-08 14:07:50.352 | INFO     | src.evaluation.reports:evaluate_predictions:58 - histgb (Optuna bench) [ML] | WAPE: 7.75% | WRMSSE: 1.1380  | fit: 69.23s
2026-09-08 14:07:50.353 | INFO     | __main__:run_bench_ml:342 - Bench ML: familia 5/5 -- ridge
2026-09-08 14:07:50.407 | INFO     | __main__:tune_optuna_family:311 - [ridge] Optuna arrancando: hasta 30 trials (timeout 60s) -- study 'study_level_06_weekly_store_sales_bench_ridge'
2026-09-08 14:07:55.114 | INFO     | __main__:tune_optuna_family:321 - [ridge] Optuna terminó -- elige hiperparámetros por regression_l2 (no por WRMSSE): mejor regression_l2 = 3127.4667 | WRMSSE de ESE trial: 1.1631 (solo referencia, puede no ser el mínimo posible; el WRMSSE definitivo se reporta abajo, tras reentrenar con estos hiperparámetros)
2026-09-08 14:07:55.117 | INFO     | __main__:tune_optuna_family:327 - [ridge] Mejores hiperparámetros: {'alpha': 99.09387789987424}
2026-09-08 14:07:55.221 | INFO     | src.evaluation.reports:evaluate_predictions:58 - ridge (Optuna bench) [ML] | WAPE: 7.19% | WRMSSE: 1.1631  | fit: 4.81s
2026-09-08 14:07:55.222 | SUCCESS  | __main__:pick_winner:369 - Modelo ganador (bench, 4 familias tree-based comparadas): xgboost | regression_l2=3283.4455
2026-09-08 14:07:55.222 | INFO     | __main__:run_pipeline:663 - Fase bench ML (Optuna corto, 5 familias): 273.8s
2026-09-08 14:07:55.226 | INFO     | __main__:select_features:400 - Top 10 gain importance (xgboost):
lag4                              870013440.0
rolling_max_lag1_window_size4     539844480.0
lag1                              250321456.0
rolling_min_lag1_window_size4     204868720.0
rolling_mean_lag1_window_size4    174260720.0
expanding_mean_lag13              138655344.0
lag39                              67351816.0
te_snap_mean                       50644492.0
lag13                              48289152.0
te_weekend_mean                    42198704.0
dtype: float64
2026-09-08 14:08:00.692 | INFO     | __main__:select_features:407 - Top 10 permutation importance (xgboost):
lag4                              4002.659912
te_snap_mean                       225.013379
expanding_mean_lag13               173.802002
lag13                               97.968604
lag52                               88.179639
lag22                               46.407031
lag39                               37.504883
lag1                                35.495703
price_vs_max                        32.086426
rolling_mean_lag4_window_size4      30.335889
dtype: float64
2026-09-08 14:08:02.495 | INFO     | src.modeling.feature_selection:backward_feature_selection:139 - Baseline (109 features): regression_l2=3283.4455 | WRMSSE=1.4285 (informativo)
2026-09-08 14:08:04.420 | WARNING  | src.modeling.feature_selection:try_remove:162 - ELIMINADA(S) 8 features ['rolling_max_lag1_window_size4', 'rolling_mean_lag1_window_size4', 'store_id', 'rolling_mean_lag4_window_size26', 'cv2_90', 'lag26', 'rolling_std_lag4_window_size13', 'rolling_std_lag52_window_size13'] -> 101 features | regression_l2=3197.5354 | WRMSSE=1.4172
2026-09-08 14:08:09.379 | WARNING  | src.modeling.feature_selection:try_remove:162 - ELIMINADA(S) 'rolling_std_lag52_window_size4' -> 100 features | regression_l2=3133.5907 | WRMSSE=1.4136
2026-09-08 14:08:24.748 | WARNING  | src.modeling.feature_selection:try_remove:162 - ELIMINADA(S) 'rolling_std_lag1_window_size13' -> 99 features | regression_l2=2949.9078 | WRMSSE=1.2957
2026-09-08 14:12:48.246 | WARNING  | src.modeling.feature_selection:try_remove:162 - ELIMINADA(S) 'event_name_1' -> 98 features | regression_l2=2742.7687 | WRMSSE=1.2224
2026-09-08 14:12:53.032 | WARNING  | src.modeling.feature_selection:try_remove:162 - ELIMINADA(S) 8 features ['rolling_min_lag1_window_size13', 'te_event_mean', 'lag8', 'rolling_mean_lag4_window_size4', 'price_vs_max', 'lag1', 'lag39', 'lag22'] -> 90 features | regression_l2=2379.5318 | WRMSSE=0.9420
2026-09-08 14:12:57.189 | WARNING  | src.modeling.feature_selection:try_remove:162 - ELIMINADA(S) 'lag13' -> 89 features | regression_l2=2344.2545 | WRMSSE=0.9538
2026-09-08 14:12:58.830 | WARNING  | src.modeling.feature_selection:try_remove:162 - ELIMINADA(S) 'expanding_mean_lag13' -> 88 features | regression_l2=2229.0873 | WRMSSE=0.9077
2026-09-08 14:13:11.241 | WARNING  | src.modeling.feature_selection:try_remove:162 - ELIMINADA(S) 'days_to_newyear' -> 87 features | regression_l2=2225.7516 | WRMSSE=0.9276
2026-09-08 14:14:32.452 | WARNING  | src.modeling.feature_selection:try_remove:162 - ELIMINADA(S) 8 features ['adi_expanding', 'year', 'pct_zero_90', 'pct_zero_28', 'dayofweek', 'is_weekend', 'rolling_mean_lag52_window_size4', 'price_volatility'] -> 79 features | regression_l2=2173.0840 | WRMSSE=0.8828
2026-09-08 14:14:39.679 | WARNING  | src.modeling.feature_selection:try_remove:162 - ELIMINADA(S) 'momentum_lag4_4_13' -> 78 features | regression_l2=2141.8243 | WRMSSE=0.8845
2026-09-08 14:14:52.790 | WARNING  | src.modeling.feature_selection:try_remove:162 - ELIMINADA(S) 'weekofyear' -> 77 features | regression_l2=2126.8902 | WRMSSE=0.8846
2026-09-08 14:15:03.706 | WARNING  | src.modeling.feature_selection:try_remove:162 - ELIMINADA(S) 8 features ['month', 'rolling_std_lag13_window_size13', 'rolling_min_lag13_window_size26', 'lag17', 'te_item_mean', 'price_lag_1', 'lag3', 'rolling_max_lag1_window_size13'] -> 69 features | regression_l2=2125.5261 | WRMSSE=0.9068
2026-09-08 14:15:21.594 | WARNING  | src.modeling.feature_selection:try_remove:162 - ELIMINADA(S) 'lag2' -> 68 features | regression_l2=2098.9565 | WRMSSE=0.8511
2026-09-08 14:15:23.825 | WARNING  | src.modeling.feature_selection:try_remove:162 - ELIMINADA(S) 'days_since_thanksgiving' -> 67 features | regression_l2=2071.3386 | WRMSSE=0.8281
2026-09-08 14:15:49.321 | WARNING  | src.modeling.feature_selection:try_remove:162 - ELIMINADA(S) 'rolling_min_lag4_window_size4' -> 66 features | regression_l2=2048.8331 | WRMSSE=0.8388
2026-09-08 14:16:13.984 | WARNING  | src.modeling.feature_selection:try_remove:162 - ELIMINADA(S) 'days_to_event' -> 65 features | regression_l2=2022.1610 | WRMSSE=0.8188
2026-09-08 14:16:19.006 | WARNING  | src.modeling.feature_selection:try_remove:162 - ELIMINADA(S) 'rolling_min_lag4_window_size13' -> 64 features | regression_l2=2010.8448 | WRMSSE=0.8203
2026-09-08 14:20:27.028 | INFO     | src.modeling.feature_selection:backward_feature_selection:189 - Seleccionadas 64/109 features | regression_l2 final: 2010.8448 | WRMSSE final: 0.8203
2026-09-08 14:20:27.029 | INFO     | __main__:select_features:426 - Features descartadas (45): ['adi_expanding', 'cv2_90', 'dayofweek', 'days_since_thanksgiving', 'days_to_event', 'days_to_newyear', 'event_name_1', 'expanding_mean_lag13', 'is_weekend', 'lag1', 'lag13', 'lag17', 'lag2', 'lag22', 'lag26', 'lag3', 'lag39', 'lag8', 'momentum_lag4_4_13', 'month', 'pct_zero_28', 'pct_zero_90', 'price_lag_1', 'price_volatility', 'price_vs_max', 'rolling_max_lag1_window_size13', 'rolling_max_lag1_window_size4', 'rolling_mean_lag1_window_size4', 'rolling_mean_lag4_window_size26', 'rolling_mean_lag4_window_size4', 'rolling_mean_lag52_window_size4', 'rolling_min_lag13_window_size26', 'rolling_min_lag1_window_size13', 'rolling_min_lag4_window_size13', 'rolling_min_lag4_window_size4', 'rolling_std_lag13_window_size13', 'rolling_std_lag1_window_size13', 'rolling_std_lag4_window_size13', 'rolling_std_lag52_window_size13', 'rolling_std_lag52_window_size4', 'store_id', 'te_event_mean', 'te_item_mean', 'weekofyear', 'year']
2026-09-08 14:20:27.038 | INFO     | __main__:select_features:439 - Features finales: 64 (7 categóricas) | regression_l2=2010.8448 | WRMSSE=0.8203 (informativo)
2026-09-08 14:20:27.038 | INFO     | __main__:run_pipeline:674 - Fase selección de features: 751.8s
2026-09-08 14:20:29.884 | INFO     | src.evaluation.reports:evaluate_predictions:58 - xgboost (Optuna bench, selected features) [ML] | WAPE: 5.26% | WRMSSE: 0.8178  | fit: 2.79s
2026-09-08 14:20:31.512 | INFO     | __main__:run_shap:485 - SHAP (xgboost): feature más importante = lag4 | plots guardados en /home/njimenez/workspace/magister/forecast-tfm/artifacts/plots
2026-09-08 14:20:31.514 | INFO     | __main__:run_pipeline:679 - Fase SHAP: 4.5s
2026-09-08 14:20:31.598 | INFO     | __main__:tune_optuna_family:311 - [xgboost] Optuna arrancando: hasta 100 trials (timeout 120s) -- study 'study_level_06_weekly_store_sales_final_xgboost'
2026-09-08 14:22:41.264 | INFO     | __main__:tune_optuna_family:321 - [xgboost] Optuna terminó -- elige hiperparámetros por regression_l2 (no por WRMSSE): mejor regression_l2 = 1850.4995 | WRMSSE de ESE trial: 0.7511 (solo referencia, puede no ser el mínimo posible; el WRMSSE definitivo se reporta abajo, tras reentrenar con estos hiperparámetros)
2026-09-08 14:22:41.268 | INFO     | __main__:tune_optuna_family:327 - [xgboost] Mejores hiperparámetros: {'learning_rate': 0.05978633748873614, 'max_depth': 10, 'min_child_weight': 4.129322770795719, 'subsample': 0.7552023548185615, 'colsample_bytree': 0.9303016776817993, 'reg_alpha': 0.09308103920649682, 'reg_lambda': 0.0021749140445978333}
2026-09-08 14:22:41.271 | INFO     | __main__:run_pipeline:685 - Fase Optuna final: 129.8s
2026-09-08 14:22:54.363 | INFO     | __main__:fit_final_model:534 - CV (1 folds) best_iteration: [248] -> n_estimators final = 248
2026-09-08 14:22:54.486 | INFO     | src.evaluation.reports:evaluate_predictions:58 - xgboost (final, Optuna) [ML] | WAPE: 4.82% | WRMSSE: 0.7511  | fit: 13.13s
2026-09-08 14:23:07.621 | INFO     | __main__:fit_final_model:555 - Test WAPE: 5.29% | Test WRMSSE: 0.8798
2026-09-08 14:23:11.717 | INFO     | __main__:save_model_comparison:390 - Comparación de modelos guardada en /home/njimenez/workspace/magister/forecast-tfm/artifacts/results
2026-09-08 14:23:12.150 | SUCCESS  | __main__:export_artifact:629 - Artifact guardado en /home/njimenez/workspace/magister/forecast-tfm/artifacts/models/level_06_weekly_store_sales_artifact.pkl (modelo: xgboost)
2026-09-08 14:23:12.395 | SUCCESS  | __main__:export_artifact:639 - Versión 20260908T172312Z registrada en registry.json
2026-09-08 14:23:12.398 | INFO     | __main__:run_pipeline:693 - Pipeline completo (level_06_weekly_store/sales) en 1225.1s
2026-09-08 14:23:13.000 | INFO     | src.data.split:load_data:364 - level_07_daily_state_dept | target=sales | 40,761 filas | 191 features (9 categóricas)
2026-09-08 14:23:13.030 | INFO     | src.data.split:log_summary:48 - Train : 2011-01-29 to 2015-04-26 (1,549 days, 32,529 rows)
2026-09-08 14:23:13.031 | INFO     | src.data.split:log_summary:49 - Valid : 2015-04-27 to 2016-04-24 (364 days, 7,644 rows)
2026-09-08 14:23:13.032 | INFO     | src.data.split:log_summary:50 - Test  : 2016-04-25 to 2016-05-22 (28 days, 588 rows)
2026-09-08 14:23:13.498 | INFO     | src.data.split:split_data:447 - Features: 191 (9 categóricas)
2026-09-08 14:23:13.708 | INFO     | src.evaluation.reports:evaluate_predictions:58 - Seasonal naive (1d) [Naive] | WAPE: 20.37% | WRMSSE: 1.3757  | fit: 0.09s
2026-09-08 14:23:13.919 | INFO     | src.evaluation.reports:evaluate_predictions:58 - Seasonal naive (7d) [Naive] | WAPE: 15.23% | WRMSSE: 1.0478  | fit: 0.07s
2026-09-08 14:23:14.118 | INFO     | src.evaluation.reports:evaluate_predictions:58 - Seasonal naive (28d) [Naive] | WAPE: 15.25% | WRMSSE: 1.0677  | fit: 0.07s
2026-09-08 14:23:14.316 | INFO     | src.evaluation.reports:evaluate_predictions:58 - Seasonal naive (364d) [Naive] | WAPE: 15.32% | WRMSSE: 1.1241  | fit: 0.07s
2026-09-08 14:23:14.458 | INFO     | src.evaluation.reports:evaluate_predictions:58 -             Drift [Naive] | WAPE: 21.81% | WRMSSE: 1.4796  | fit: 0.02s
2026-09-08 14:23:14.581 | INFO     | src.evaluation.reports:evaluate_predictions:58 -   Historical mean [Naive] | WAPE: 21.65% | WRMSSE: 1.6208  | fit: 0.00s
2026-09-08 14:23:14.710 | INFO     | src.evaluation.reports:evaluate_predictions:58 - Moving average (7d) [Naive] | WAPE: 17.86% | WRMSSE: 1.3132  | fit: 0.01s
2026-09-08 14:23:14.839 | INFO     | src.evaluation.reports:evaluate_predictions:58 - Moving average (14d) [Naive] | WAPE: 17.24% | WRMSSE: 1.2840  | fit: 0.01s
2026-09-08 14:23:14.968 | INFO     | src.evaluation.reports:evaluate_predictions:58 - Moving average (21d) [Naive] | WAPE: 16.69% | WRMSSE: 1.2348  | fit: 0.01s
2026-09-08 14:23:15.102 | INFO     | src.evaluation.reports:evaluate_predictions:58 - Moving average (28d) [Naive] | WAPE: 16.54% | WRMSSE: 1.2204  | fit: 0.01s
2026-09-08 14:23:15.236 | INFO     | src.evaluation.reports:evaluate_predictions:58 - Moving average (35d) [Naive] | WAPE: 16.81% | WRMSSE: 1.2456  | fit: 0.01s
2026-09-08 14:23:15.237 | INFO     | __main__:run_pipeline:652 - Fase naive: 1.7s
2026-09-08 14:23:27.181 | INFO     | src.evaluation.reports:evaluate_predictions:58 -      SARIMA [Statistical] | WAPE: 19.24% | WRMSSE: 1.2761  | fit: 11.79s
2026-09-08 14:23:31.222 | INFO     | src.evaluation.reports:evaluate_predictions:58 - ETS (Holt-Winters) [Statistical] | WAPE: 13.04% | WRMSSE: 0.9237  | fit: 3.88s
2026-09-08 14:23:31.904 | INFO     | src.evaluation.reports:evaluate_predictions:58 -       Theta [Statistical] | WAPE: 12.92% | WRMSSE: 0.9230  | fit: 0.55s
2026-09-08 14:23:57.140 | INFO     | src.evaluation.reports:evaluate_predictions:58 -       TBATS [Statistical] | WAPE: 17.64% | WRMSSE: 1.2068  | fit: 25.09s
2026-09-08 14:24:03.175 | INFO     | src.evaluation.reports:evaluate_predictions:58 -     Prophet [Statistical] | WAPE: 14.39% | WRMSSE: 0.9890  | fit: 5.91s
2026-09-08 14:24:03.175 | INFO     | __main__:run_pipeline:657 - Fase estadísticos clásicos: 47.9s
2026-09-08 14:24:03.175 | INFO     | __main__:run_bench_ml:342 - Bench ML: familia 1/5 -- lightgbm
2026-09-08 14:24:03.215 | INFO     | __main__:tune_optuna_family:311 - [lightgbm] Optuna arrancando: hasta 30 trials (timeout 60s) -- study 'study_level_07_daily_state_dept_sales_bench_lightgbm'
2026-09-08 14:25:15.564 | INFO     | __main__:tune_optuna_family:321 - [lightgbm] Optuna terminó -- elige hiperparámetros por regression_l2 (no por WRMSSE): mejor regression_l2 = 860.5548 | WRMSSE de ESE trial: 1.8183 (solo referencia, puede no ser el mínimo posible; el WRMSSE definitivo se reporta abajo, tras reentrenar con estos hiperparámetros)
2026-09-08 14:25:15.566 | INFO     | __main__:tune_optuna_family:327 - [lightgbm] Mejores hiperparámetros: {'learning_rate': 0.099452770700227, 'num_leaves': 116, 'max_depth': 7, 'min_child_samples': 21, 'subsample': 0.6114606463919742, 'colsample_bytree': 0.8229879905253414, 'reg_alpha': 4.645273643216511, 'reg_lambda': 0.9459546916196657}
2026-09-08 14:25:21.250 | INFO     | src.evaluation.reports:evaluate_predictions:58 - lightgbm (Optuna bench) [ML] | WAPE: 37.93% | WRMSSE: 2.2198  | fit: 77.92s
2026-09-08 14:25:21.250 | INFO     | __main__:run_bench_ml:342 - Bench ML: familia 2/5 -- xgboost
2026-09-08 14:25:21.297 | INFO     | __main__:tune_optuna_family:311 - [xgboost] Optuna arrancando: hasta 30 trials (timeout 60s) -- study 'study_level_07_daily_state_dept_sales_bench_xgboost'
2026-09-08 14:27:20.128 | INFO     | __main__:tune_optuna_family:321 - [xgboost] Optuna terminó -- elige hiperparámetros por regression_l2 (no por WRMSSE): mejor regression_l2 = 528.5014 | WRMSSE de ESE trial: 1.1522 (solo referencia, puede no ser el mínimo posible; el WRMSSE definitivo se reporta abajo, tras reentrenar con estos hiperparámetros)
2026-09-08 14:27:20.130 | INFO     | __main__:tune_optuna_family:327 - [xgboost] Mejores hiperparámetros: {'learning_rate': 0.031707193242141093, 'max_depth': 10, 'min_child_weight': 3.939675937754721, 'subsample': 0.8650089137415928, 'colsample_bytree': 0.7246844304357644, 'reg_alpha': 0.08389112347840598, 'reg_lambda': 0.105260377776104}
2026-09-08 14:28:20.359 | INFO     | src.evaluation.reports:evaluate_predictions:58 - xgboost (Optuna bench) [ML] | WAPE: 19.71% | WRMSSE: 1.3137  | fit: 178.60s
2026-09-08 14:28:20.360 | INFO     | __main__:run_bench_ml:342 - Bench ML: familia 3/5 -- catboost
2026-09-08 14:28:20.423 | INFO     | __main__:tune_optuna_family:311 - [catboost] Optuna arrancando: hasta 30 trials (timeout 60s) -- study 'study_level_07_daily_state_dept_sales_bench_catboost'
2026-09-08 14:32:08.717 | INFO     | __main__:tune_optuna_family:321 - [catboost] Optuna terminó -- elige hiperparámetros por regression_l2 (no por WRMSSE): mejor regression_l2 = 1280.0216 | WRMSSE de ESE trial: 2.1454 (solo referencia, puede no ser el mínimo posible; el WRMSSE definitivo se reporta abajo, tras reentrenar con estos hiperparámetros)
2026-09-08 14:32:08.719 | INFO     | __main__:tune_optuna_family:327 - [catboost] Mejores hiperparámetros: {'learning_rate': 0.09376542954502831, 'depth': 4, 'l2_leaf_reg': 9.330606024425668}
2026-09-08 14:32:17.214 | INFO     | src.evaluation.reports:evaluate_predictions:58 - catboost (Optuna bench) [ML] | WAPE: 42.13% | WRMSSE: 2.5582  | fit: 236.66s
2026-09-08 14:32:17.215 | INFO     | __main__:run_bench_ml:342 - Bench ML: familia 4/5 -- histgb
2026-09-08 14:32:17.254 | INFO     | __main__:tune_optuna_family:311 - [histgb] Optuna arrancando: hasta 30 trials (timeout 60s) -- study 'study_level_07_daily_state_dept_sales_bench_histgb'
2026-09-08 14:33:17.857 | INFO     | __main__:tune_optuna_family:321 - [histgb] Optuna terminó -- elige hiperparámetros por regression_l2 (no por WRMSSE): mejor regression_l2 = 981.3980 | WRMSSE de ESE trial: 2.3827 (solo referencia, puede no ser el mínimo posible; el WRMSSE definitivo se reporta abajo, tras reentrenar con estos hiperparámetros)
2026-09-08 14:33:17.860 | INFO     | __main__:tune_optuna_family:327 - [histgb] Mejores hiperparámetros: {'learning_rate': 0.031456163175583855, 'max_leaf_nodes': 248, 'max_depth': 13, 'min_samples_leaf': 58, 'l2_regularization': 0.004705059281907645}
2026-09-08 14:35:29.882 | INFO     | src.evaluation.reports:evaluate_predictions:58 - histgb (Optuna bench) [ML] | WAPE: 34.49% | WRMSSE: 1.9689  | fit: 190.75s
2026-09-08 14:35:29.882 | INFO     | __main__:run_bench_ml:342 - Bench ML: familia 5/5 -- ridge
2026-09-08 14:35:29.958 | INFO     | __main__:tune_optuna_family:311 - [ridge] Optuna arrancando: hasta 30 trials (timeout 60s) -- study 'study_level_07_daily_state_dept_sales_bench_ridge'
2026-09-08 14:36:08.041 | INFO     | __main__:tune_optuna_family:321 - [ridge] Optuna terminó -- elige hiperparámetros por regression_l2 (no por WRMSSE): mejor regression_l2 = 1564.6121 | WRMSSE de ESE trial: 2.7961 (solo referencia, puede no ser el mínimo posible; el WRMSSE definitivo se reporta abajo, tras reentrenar con estos hiperparámetros)
2026-09-08 14:36:08.044 | INFO     | __main__:tune_optuna_family:327 - [ridge] Mejores hiperparámetros: {'alpha': 0.0012672445514152815}
2026-09-08 14:36:09.198 | INFO     | src.evaluation.reports:evaluate_predictions:58 - ridge (Optuna bench) [ML] | WAPE: 47.76% | WRMSSE: 2.7961  | fit: 39.14s
2026-09-08 14:36:09.199 | SUCCESS  | __main__:pick_winner:369 - Modelo ganador (bench, 4 familias tree-based comparadas): xgboost | regression_l2=541.4277
2026-09-08 14:36:09.199 | INFO     | __main__:run_pipeline:663 - Fase bench ML (Optuna corto, 5 familias): 726.0s
2026-09-08 14:36:09.204 | INFO     | __main__:select_features:400 - Top 10 gain importance (xgboost):
te_weekend_mean                   221057088.0
lag7                               58796064.0
rolling_mean_lag1_window_size7     37089968.0
lag28                              33115508.0
lag1                               16655283.0
rolling_max_lag1_window_size7       3929194.0
cat_id                              3775667.0
rolling_mean_lag2_window_size7      2362131.0
dept_id                             1644934.5
snap                                1495009.0
dtype: float64
2026-09-08 14:38:36.325 | INFO     | __main__:select_features:407 - Top 10 permutation importance (xgboost):
te_weekend_mean    1203.396387
lag28               224.110144
te_snap_mean         52.368225
lag7                 50.850476
dept_id              28.552026
lag364               17.123291
lag21                14.832434
snap                 12.313525
lag1                 11.577014
lag35                11.417981
dtype: float64
2026-09-08 14:40:00.153 | INFO     | src.modeling.feature_selection:backward_feature_selection:139 - Baseline (191 features): regression_l2=541.4277 | WRMSSE=1.3137 (informativo)
2026-09-08 14:40:58.548 | WARNING  | src.modeling.feature_selection:try_remove:162 - ELIMINADA(S) 8 features ['price_vs_max', 'price_vs_mean', 'rolling_mean_lag364_window_size28', 'days_to_thanksgiving', 'rolling_std_lag364_window_size28', 'rolling_mean_lag364_window_size91', 'rolling_min_lag91_window_size28', 'expanding_mean_lag91'] -> 183 features | regression_l2=528.5214 | WRMSSE=1.2533
2026-09-08 14:44:22.059 | WARNING  | src.modeling.feature_selection:try_remove:162 - ELIMINADA(S) 'lag18' -> 182 features | regression_l2=490.6250 | WRMSSE=1.1995
2026-09-08 18:06:53.746 | WARNING  | src.modeling.feature_selection:try_remove:162 - ELIMINADA(S) 8 features ['lag14', 'event_name_1', 'lag91', 'seasonal_mean_lag364_364_2', 'lag56', 'lag35', 'lag1', 'snap'] -> 174 features | regression_l2=424.1921 | WRMSSE=0.9474
2026-09-08 18:11:54.408 | WARNING  | src.modeling.feature_selection:try_remove:162 - ELIMINADA(S) 'lag364' -> 173 features | regression_l2=421.1653 | WRMSSE=0.9434
2026-09-08 18:14:11.886 | WARNING  | src.modeling.feature_selection:try_remove:162 - ELIMINADA(S) 'lag7' -> 172 features | regression_l2=381.5538 | WRMSSE=0.9413
2026-09-08 18:33:23.573 | WARNING  | src.modeling.feature_selection:try_remove:162 - ELIMINADA(S) 'month_cos' -> 171 features | regression_l2=379.5909 | WRMSSE=0.9196
2026-09-08 18:34:24.415 | WARNING  | src.modeling.feature_selection:try_remove:162 - ELIMINADA(S) 'rolling_mean_lag91_window_size91' -> 170 features | regression_l2=367.1127 | WRMSSE=0.8888
