2026-09-09 19:14:19.382 | INFO     | __main__:main:82 - Perfil de entrenamiento: efficient
2026-09-09 19:14:19.445 | INFO     | src.data.dataset:load_data:58 - level_01_daily_total | target=sales | 1,941 filas | 191 features (9 categóricas)
2026-09-09 19:14:19.454 | INFO     | src.data.temporal_split:log_summary:41 - Train : 2011-01-29 to 2015-04-26 (1,549 days, 1,549 rows)
2026-09-09 19:14:19.454 | INFO     | src.data.temporal_split:log_summary:42 - Valid : 2015-04-27 to 2016-04-24 (364 days, 364 rows)
2026-09-09 19:14:19.455 | INFO     | src.data.temporal_split:log_summary:43 - Test  : 2016-04-25 to 2016-05-22 (28 days, 28 rows)
2026-09-09 19:14:19.665 | INFO     | src.data.dataset:split_data:119 - Features: 191 (9 categóricas)
2026-09-09 19:14:19.702 | INFO     | src.evaluation.reports:evaluate_predictions:58 - Seasonal naive (1d) [Naive] | WAPE: 16.71% | WRMSSE: 1.3011  | fit: 0.01s
2026-09-09 19:14:19.736 | INFO     | src.evaluation.reports:evaluate_predictions:58 - Seasonal naive (7d) [Naive] | WAPE: 12.32% | WRMSSE: 1.0032  | fit: 0.01s
2026-09-09 19:14:19.770 | INFO     | src.evaluation.reports:evaluate_predictions:58 - Seasonal naive (28d) [Naive] | WAPE: 10.65% | WRMSSE: 0.8999  | fit: 0.01s
2026-09-09 19:14:19.804 | INFO     | src.evaluation.reports:evaluate_predictions:58 - Seasonal naive (364d) [Naive] | WAPE: 9.99% | WRMSSE: 0.8860  | fit: 0.01s
2026-09-09 19:14:19.840 | INFO     | src.evaluation.reports:evaluate_predictions:58 -             Drift [Naive] | WAPE: 18.13% | WRMSSE: 1.4182  | fit: 0.01s
2026-09-09 19:14:19.869 | INFO     | src.evaluation.reports:evaluate_predictions:58 -   Historical mean [Naive] | WAPE: 17.35% | WRMSSE: 1.5712  | fit: 0.00s
2026-09-09 19:14:19.898 | INFO     | src.evaluation.reports:evaluate_predictions:58 - Moving average (7d) [Naive] | WAPE: 14.41% | WRMSSE: 1.3504  | fit: 0.00s
2026-09-09 19:14:19.928 | INFO     | src.evaluation.reports:evaluate_predictions:58 - Moving average (14d) [Naive] | WAPE: 13.81% | WRMSSE: 1.2940  | fit: 0.00s
2026-09-09 19:14:19.957 | INFO     | src.evaluation.reports:evaluate_predictions:58 - Moving average (21d) [Naive] | WAPE: 13.18% | WRMSSE: 1.2238  | fit: 0.00s
2026-09-09 19:14:19.986 | INFO     | src.evaluation.reports:evaluate_predictions:58 - Moving average (28d) [Naive] | WAPE: 13.00% | WRMSSE: 1.1991  | fit: 0.00s
2026-09-09 19:14:20.018 | INFO     | src.evaluation.reports:evaluate_predictions:58 - Moving average (35d) [Naive] | WAPE: 13.32% | WRMSSE: 1.2419  | fit: 0.00s
2026-09-09 19:14:20.018 | INFO     | scripts.train_dataset.pipeline:run_pipeline:51 - Fase naive: 0.4s
2026-09-09 19:14:25.285 | INFO     | src.evaluation.reports:evaluate_predictions:58 -      SARIMA [Statistical] | WAPE: 13.00% | WRMSSE: 1.0594  | fit: 5.23s
2026-09-09 19:14:28.574 | INFO     | src.evaluation.reports:evaluate_predictions:58 - ETS (Holt-Winters) [Statistical] | WAPE: 9.39% | WRMSSE: 0.8179  | fit: 3.26s
2026-09-09 19:14:31.721 | INFO     | src.evaluation.reports:evaluate_predictions:58 -       Theta [Statistical] | WAPE: 9.31% | WRMSSE: 0.8198  | fit: 3.11s
2026-09-09 19:14:46.690 | INFO     | src.evaluation.reports:evaluate_predictions:58 -       TBATS [Statistical] | WAPE: 10.57% | WRMSSE: 0.9065  | fit: 14.94s
2026-09-09 19:14:47.563 | INFO     | src.evaluation.reports:evaluate_predictions:58 -     Prophet [Statistical] | WAPE: 11.10% | WRMSSE: 0.9237  | fit: 0.83s
2026-09-09 19:14:47.563 | INFO     | scripts.train_dataset.pipeline:run_pipeline:56 - Fase estadísticos clásicos: 27.5s
2026-09-09 19:14:47.564 | INFO     | scripts.train_dataset.benchmarking:run_bench_ml:67 - Bench ML: familia 1/5 -- lightgbm
2026-09-09 19:14:49.162 | INFO     | src.evaluation.reports:evaluate_predictions:58 -     lightgbm (bench) [ML] | WAPE: 10.81% | WRMSSE: 0.9297  | fit: 1.56s
2026-09-09 19:14:49.162 | INFO     | scripts.train_dataset.benchmarking:run_bench_ml:67 - Bench ML: familia 2/5 -- xgboost
2026-09-09 19:14:51.764 | INFO     | src.evaluation.reports:evaluate_predictions:58 -      xgboost (bench) [ML] | WAPE: 6.68% | WRMSSE: 0.6382  | fit: 2.55s
2026-09-09 19:14:51.765 | INFO     | scripts.train_dataset.benchmarking:run_bench_ml:67 - Bench ML: familia 3/5 -- catboost
2026-09-09 19:14:55.204 | INFO     | src.evaluation.reports:evaluate_predictions:58 -     catboost (bench) [ML] | WAPE: 16.00% | WRMSSE: 1.3554  | fit: 3.38s
2026-09-09 19:14:55.205 | INFO     | scripts.train_dataset.benchmarking:run_bench_ml:67 - Bench ML: familia 4/5 -- histgb
2026-09-09 19:15:05.293 | INFO     | src.evaluation.reports:evaluate_predictions:58 -       histgb (bench) [ML] | WAPE: 6.55% | WRMSSE: 0.6129  | fit: 10.03s
2026-09-09 19:15:05.293 | INFO     | scripts.train_dataset.benchmarking:run_bench_ml:67 - Bench ML: familia 5/5 -- ridge
2026-09-09 19:15:05.377 | INFO     | src.evaluation.reports:evaluate_predictions:58 -        ridge (bench) [ML] | WAPE: 8.89% | WRMSSE: 0.7973  | fit: 0.05s
2026-09-09 19:15:05.377 | SUCCESS  | scripts.train_dataset.benchmarking:pick_winner:94 - Modelo ganador (bench, 4 familias tree-based comparadas): histgb | regression_l2=3506.6055
2026-09-09 19:15:05.377 | INFO     | scripts.train_dataset.pipeline:run_pipeline:62 - Fase bench ML (5 familias, sin Optuna): 17.8s
2026-09-09 19:15:54.852 | INFO     | scripts.train_dataset.refinement:select_features:95 - Top 10 permutation importance (histgb):
lag364                     856.230405
lag28                      624.793744
te_weekend_mean            278.539726
lag182                     243.668138
day                        217.978001
dayofweek                  203.988522
lag21                      120.639036
days_since_thanksgiving     78.974265
lag7                        63.162894
lag35                       32.076840
dtype: float64
2026-09-09 19:16:17.685 | INFO     | src.modeling.feature_selection:backward_feature_selection:139 - Baseline (191 features): regression_l2=3506.6055 | WRMSSE=0.6129 (informativo)
2026-09-09 19:16:29.609 | WARNING  | src.modeling.feature_selection:try_remove:162 - ELIMINADA(S) 8 features ['lag2', 'avg_sell_price', 'lag5', 'rolling_std_lag28_window_size91', 'price_vs_mean', 'rolling_std_lag91_window_size91', 'rolling_std_lag4_window_size7', 'lag16'] -> 183 features | regression_l2=3401.1993 | WRMSSE=0.5945
2026-09-09 19:16:40.928 | WARNING  | src.modeling.feature_selection:try_remove:162 - ELIMINADA(S) 8 features ['rolling_std_lag2_window_size7', 'rolling_min_lag28_window_size7', 'adi_expanding', 'rolling_max_lag6_window_size7', 'rolling_max_lag364_window_size91', 'rolling_max_lag3_window_size7', 'rolling_std_lag6_window_size7', 'rolling_mean_lag364_window_size28'] -> 175 features | regression_l2=3394.5320 | WRMSSE=0.5933
2026-09-09 19:16:43.797 | WARNING  | src.modeling.feature_selection:try_remove:162 - ELIMINADA(S) 8 features ['rolling_std_lag2_window_size14', 'rolling_max_lag6_window_size14', 'days_since_newyear', 'rolling_min_lag3_window_size14', 'lag6', 'lag24', 'lag10', 'rolling_max_lag2_window_size14'] -> 167 features | regression_l2=3243.1413 | WRMSSE=0.5668
2026-09-09 19:19:21.040 | WARNING  | src.modeling.feature_selection:try_remove:162 - ELIMINADA(S) 'dow_cos' -> 166 features | regression_l2=3220.8047 | WRMSSE=0.5629
2026-09-09 19:24:07.959 | WARNING  | src.modeling.feature_selection:try_remove:162 - ELIMINADA(S) 8 features ['month', 'rolling_mean_lag364_window_size91', 'te_item_std', 'rolling_mean_lag3_window_size14', 'rolling_mean_lag1_window_size21', 'item_id', 'pct_zero_28', 'quarter'] -> 158 features | regression_l2=3203.2357 | WRMSSE=0.5599
2026-09-09 19:24:16.044 | WARNING  | src.modeling.feature_selection:try_remove:162 - ELIMINADA(S) 8 features ['has_event_2', 'event_name_2', 'snap', 'year', 'event_name_1', 'is_weekend', 'is_likely_stockout', 'state_id'] -> 150 features | regression_l2=3188.7964 | WRMSSE=0.5573
2026-09-09 19:24:30.464 | WARNING  | src.modeling.feature_selection:try_remove:162 - ELIMINADA(S) 'is_month_start' -> 149 features | regression_l2=3188.7964 | WRMSSE=0.5573
2026-09-09 19:24:45.237 | WARNING  | src.modeling.feature_selection:try_remove:162 - ELIMINADA(S) 'store_id' -> 148 features | regression_l2=3188.7964 | WRMSSE=0.5573
2026-09-09 19:24:53.103 | WARNING  | src.modeling.feature_selection:try_remove:162 - ELIMINADA(S) 'event_type_2' -> 147 features | regression_l2=3188.7964 | WRMSSE=0.5573
2026-09-09 19:25:05.303 | WARNING  | src.modeling.feature_selection:try_remove:162 - ELIMINADA(S) 'days_since_price_change' -> 146 features | regression_l2=3188.7964 | WRMSSE=0.5573
2026-09-09 19:25:28.149 | WARNING  | src.modeling.feature_selection:try_remove:162 - ELIMINADA(S) 'has_event' -> 145 features | regression_l2=3188.7964 | WRMSSE=0.5573
2026-09-09 19:25:50.015 | WARNING  | src.modeling.feature_selection:try_remove:162 - ELIMINADA(S) 'te_cat_mean' -> 144 features | regression_l2=3188.7964 | WRMSSE=0.5573
2026-09-09 19:25:59.075 | WARNING  | src.modeling.feature_selection:try_remove:162 - ELIMINADA(S) 'event_type_2_enc' -> 143 features | regression_l2=3188.7964 | WRMSSE=0.5573
2026-09-09 19:26:14.218 | WARNING  | src.modeling.feature_selection:try_remove:162 - ELIMINADA(S) 'is_store_closed' -> 142 features | regression_l2=3188.7964 | WRMSSE=0.5573
2026-09-09 19:26:21.981 | WARNING  | src.modeling.feature_selection:try_remove:162 - ELIMINADA(S) 'pct_zero_90' -> 141 features | regression_l2=3188.7964 | WRMSSE=0.5573
2026-09-09 19:26:29.468 | WARNING  | src.modeling.feature_selection:try_remove:162 - ELIMINADA(S) 'zero_streak' -> 140 features | regression_l2=3188.7964 | WRMSSE=0.5573
2026-09-09 19:26:36.891 | WARNING  | src.modeling.feature_selection:try_remove:162 - ELIMINADA(S) 'te_dept_mean' -> 139 features | regression_l2=3188.7964 | WRMSSE=0.5573
2026-09-09 19:26:44.805 | WARNING  | src.modeling.feature_selection:try_remove:162 - ELIMINADA(S) 'te_dept_std' -> 138 features | regression_l2=3188.7964 | WRMSSE=0.5573
2026-09-09 19:26:52.388 | WARNING  | src.modeling.feature_selection:try_remove:162 - ELIMINADA(S) 'cat_id' -> 137 features | regression_l2=3188.7964 | WRMSSE=0.5573
2026-09-09 19:27:57.407 | WARNING  | src.modeling.feature_selection:try_remove:162 - ELIMINADA(S) 'dept_id' -> 136 features | regression_l2=3188.7964 | WRMSSE=0.5573
2026-09-09 19:30:34.610 | WARNING  | src.modeling.feature_selection:try_remove:162 - ELIMINADA(S) 'seasonal_mean_lag364_7_8' -> 135 features | regression_l2=3154.9092 | WRMSSE=0.5514
2026-09-09 19:35:56.581 | WARNING  | src.modeling.feature_selection:try_remove:162 - ELIMINADA(S) 'rolling_min_lag7_window_size14' -> 134 features | regression_l2=3154.1408 | WRMSSE=0.5513
2026-09-09 19:36:06.510 | WARNING  | src.modeling.feature_selection:try_remove:162 - ELIMINADA(S) 'rolling_std_lag28_window_size7' -> 133 features | regression_l2=3117.4347 | WRMSSE=0.5449
2026-09-09 19:38:02.199 | WARNING  | src.modeling.feature_selection:try_remove:162 - ELIMINADA(S) 'event_type_1_enc' -> 132 features | regression_l2=3111.8834 | WRMSSE=0.5439
2026-09-09 19:52:12.180 | WARNING  | src.modeling.feature_selection:try_remove:162 - ELIMINADA(S) 'days_to_closure' -> 131 features | regression_l2=3077.8042 | WRMSSE=0.5379
2026-09-09 20:31:12.882 | INFO     | src.modeling.feature_selection:backward_feature_selection:189 - Seleccionadas 131/191 features | regression_l2 final: 3077.8042 | WRMSSE final: 0.5379
2026-09-09 20:31:12.885 | INFO     | scripts.train_dataset.refinement:select_features:114 - Features descartadas (60): ['adi_expanding', 'avg_sell_price', 'cat_id', 'days_since_newyear', 'days_since_price_change', 'days_to_closure', 'dept_id', 'dow_cos', 'event_name_1', 'event_name_2', 'event_type_1_enc', 'event_type_2', 'event_type_2_enc', 'has_event', 'has_event_2', 'is_likely_stockout', 'is_month_start', 'is_store_closed', 'is_weekend', 'item_id', 'lag10', 'lag16', 'lag2', 'lag24', 'lag5', 'lag6', 'month', 'pct_zero_28', 'pct_zero_90', 'price_vs_mean', 'quarter', 'rolling_max_lag2_window_size14', 'rolling_max_lag364_window_size91', 'rolling_max_lag3_window_size7', 'rolling_max_lag6_window_size14', 'rolling_max_lag6_window_size7', 'rolling_mean_lag1_window_size21', 'rolling_mean_lag364_window_size28', 'rolling_mean_lag364_window_size91', 'rolling_mean_lag3_window_size14', 'rolling_min_lag28_window_size7', 'rolling_min_lag3_window_size14', 'rolling_min_lag7_window_size14', 'rolling_std_lag28_window_size7', 'rolling_std_lag28_window_size91', 'rolling_std_lag2_window_size14', 'rolling_std_lag2_window_size7', 'rolling_std_lag4_window_size7', 'rolling_std_lag6_window_size7', 'rolling_std_lag91_window_size91', 'seasonal_mean_lag364_7_8', 'snap', 'state_id', 'store_id', 'te_cat_mean', 'te_dept_mean', 'te_dept_std', 'te_item_std', 'year', 'zero_streak']
2026-09-09 20:31:12.897 | INFO     | scripts.train_dataset.refinement:select_features:127 - Features finales: 131 (1 categóricas) | regression_l2=3077.8042 | WRMSSE=0.5379 (informativo)
2026-09-09 20:31:12.898 | INFO     | scripts.train_dataset.pipeline:run_pipeline:74 - Fase selección de features: 4567.5s
2026-09-09 20:31:26.711 | INFO     | src.evaluation.reports:evaluate_predictions:58 - histgb (bench, selected features) [ML] | WAPE: 5.70% | WRMSSE: 0.5379  | fit: 13.57s
2026-09-09 20:31:27.226 | ERROR    | __main__:main:100 - Nivel 1 grain daily falló, sigue con el resto.
Traceback (most recent call last):
  File "/home/njimenez/workspace/magister/forecast-tfm/scripts/train_dataset/__main__.py", line 98, in main
    run_pipeline(cfg)
  File "/home/njimenez/workspace/magister/forecast-tfm/scripts/train_dataset/pipeline.py", line 78, in run_pipeline
    run_shap(state, cfg, evaluate_model)
  File "/home/njimenez/workspace/magister/forecast-tfm/scripts/train_dataset/refinement.py", line 151, in run_shap
    shap_values = explainer.shap_values(X_shap)
  File "/home/njimenez/workspace/magister/forecast-tfm/.venv/lib/python3.13/site-packages/shap/explainers/_tree.py", line 669, in shap_values
    X, y, X_missing, flat_output, tree_limit, check_additivity = self._validate_inputs(
  File "/home/njimenez/workspace/magister/forecast-tfm/.venv/lib/python3.13/site-packages/shap/explainers/_tree.py", line 460, in _validate_inputs
    X = X.to_numpy(dtype=self.model.input_dtype, na_value=np.nan)
  File "/home/njimenez/workspace/magister/forecast-tfm/.venv/lib/python3.13/site-packages/pandas/core/frame.py", line 2081, in to_numpy
    result = self._mgr.as_array(dtype=dtype, copy=copy, na_value=na_value)
  File "/home/njimenez/workspace/magister/forecast-tfm/.venv/lib/python3.13/site-packages/pandas/core/internals/managers.py", line 1885, in as_array
    arr = self._interleave(dtype=dtype, na_value=na_value)
  File "/home/njimenez/workspace/magister/forecast-tfm/.venv/lib/python3.13/site-packages/pandas/core/internals/managers.py", line 1938, in _interleave
    arr = blk.values.to_numpy(  # type: ignore[union-attr]
  File "/home/njimenez/workspace/magister/forecast-tfm/.venv/lib/python3.13/site-packages/pandas/core/arrays/base.py", line 688, in to_numpy
    result = np.asarray(self, dtype=dtype)
  File "/home/njimenez/workspace/magister/forecast-tfm/.venv/lib/python3.13/site-packages/pandas/core/arrays/_mixins.py", line 83, in method
    return meth(self, *args, **kwargs)
  File "/home/njimenez/workspace/magister/forecast-tfm/.venv/lib/python3.13/site-packages/pandas/core/arrays/categorical.py", line 1752, in __array__
    return np.asarray(ret, dtype=dtype)
  File "/home/njimenez/workspace/magister/forecast-tfm/.venv/lib/python3.13/site-packages/pandas/core/arrays/arrow/array.py", line 863, in __array__
    return self.to_numpy(dtype=dtype, copy=copy)
  File "/home/njimenez/workspace/magister/forecast-tfm/.venv/lib/python3.13/site-packages/pandas/core/arrays/arrow/array.py", line 1759, in to_numpy
    result[~mask] = data[~mask]._pa_array.to_numpy()
ValueError: could not convert string to float: 'Cultural'
2026-09-09 20:31:29.024 | INFO     | src.data.dataset:load_data:58 - level_01_weekly_total | target=sales | 278 filas | 109 features (9 categóricas)
2026-09-09 20:31:29.030 | INFO     | src.data.temporal_split:log_summary:41 - Train : 2011-01-29 to 2015-04-20 (1,549 days, 222 rows)
2026-09-09 20:31:29.030 | INFO     | src.data.temporal_split:log_summary:42 - Valid : 2015-04-27 to 2016-04-18 (364 days, 52 rows)
2026-09-09 20:31:29.030 | INFO     | src.data.temporal_split:log_summary:43 - Test  : 2016-04-25 to 2016-05-16 (22 days, 4 rows)
2026-09-09 20:31:29.209 | INFO     | src.data.dataset:split_data:119 - Features: 109 (9 categóricas)
2026-09-09 20:31:29.235 | INFO     | src.evaluation.reports:evaluate_predictions:58 - Seasonal naive (1w) [Naive] | WAPE: 11.51% | WRMSSE: 0.7321  | fit: 0.01s
2026-09-09 20:31:29.260 | INFO     | src.evaluation.reports:evaluate_predictions:58 - Seasonal naive (4w) [Naive] | WAPE: 8.11% | WRMSSE: 0.5547  | fit: 0.01s
2026-09-09 20:31:29.288 | INFO     | src.evaluation.reports:evaluate_predictions:58 - Seasonal naive (52w) [Naive] | WAPE: 8.70% | WRMSSE: 0.5565  | fit: 0.01s
2026-09-09 20:31:29.317 | INFO     | src.evaluation.reports:evaluate_predictions:58 -             Drift [Naive] | WAPE: 5.46% | WRMSSE: 0.3884  | fit: 0.01s
2026-09-09 20:31:29.342 | INFO     | src.evaluation.reports:evaluate_predictions:58 -   Historical mean [Naive] | WAPE: 17.73% | WRMSSE: 1.0729  | fit: 0.00s
2026-09-09 20:31:29.371 | INFO     | src.evaluation.reports:evaluate_predictions:58 - Moving average (2w) [Naive] | WAPE: 10.17% | WRMSSE: 0.6577  | fit: 0.00s
2026-09-09 20:31:29.394 | INFO     | src.evaluation.reports:evaluate_predictions:58 - Moving average (3w) [Naive] | WAPE: 8.31% | WRMSSE: 0.5564  | fit: 0.00s
2026-09-09 20:31:29.417 | INFO     | src.evaluation.reports:evaluate_predictions:58 - Moving average (4w) [Naive] | WAPE: 7.59% | WRMSSE: 0.5176  | fit: 0.00s
2026-09-09 20:31:29.440 | INFO     | src.evaluation.reports:evaluate_predictions:58 - Moving average (6w) [Naive] | WAPE: 9.27% | WRMSSE: 0.6091  | fit: 0.00s
2026-09-09 20:31:29.464 | INFO     | src.evaluation.reports:evaluate_predictions:58 - Moving average (8w) [Naive] | WAPE: 8.39% | WRMSSE: 0.5612  | fit: 0.00s
2026-09-09 20:31:29.464 | INFO     | scripts.train_dataset.pipeline:run_pipeline:51 - Fase naive: 0.3s
2026-09-09 20:31:33.712 | INFO     | src.evaluation.reports:evaluate_predictions:58 -      SARIMA [Statistical] | WAPE: 7.07% | WRMSSE: 0.4678  | fit: 4.22s
2026-09-09 20:31:36.904 | INFO     | src.evaluation.reports:evaluate_predictions:58 - ETS (Holt-Winters) [Statistical] | WAPE: 4.40% | WRMSSE: 0.3366  | fit: 3.16s
2026-09-09 20:31:39.965 | INFO     | src.evaluation.reports:evaluate_predictions:58 -       Theta [Statistical] | WAPE: 5.49% | WRMSSE: 0.4292  | fit: 3.03s
2026-09-09 20:31:54.667 | INFO     | src.evaluation.reports:evaluate_predictions:58 -       TBATS [Statistical] | WAPE: 15.07% | WRMSSE: 1.0178  | fit: 14.67s
2026-09-09 20:31:55.004 | INFO     | src.evaluation.reports:evaluate_predictions:58 -     Prophet [Statistical] | WAPE: 7.86% | WRMSSE: 0.5728  | fit: 0.31s
2026-09-09 20:31:55.004 | INFO     | scripts.train_dataset.pipeline:run_pipeline:56 - Fase estadísticos clásicos: 25.5s
2026-09-09 20:31:55.005 | INFO     | scripts.train_dataset.benchmarking:run_bench_ml:67 - Bench ML: familia 1/5 -- lightgbm
2026-09-09 20:31:55.190 | INFO     | src.evaluation.reports:evaluate_predictions:58 -     lightgbm (bench) [ML] | WAPE: 8.52% | WRMSSE: 0.5918  | fit: 0.15s
2026-09-09 20:31:55.190 | INFO     | scripts.train_dataset.benchmarking:run_bench_ml:67 - Bench ML: familia 2/5 -- xgboost
2026-09-09 20:31:55.996 | INFO     | src.evaluation.reports:evaluate_predictions:58 -      xgboost (bench) [ML] | WAPE: 7.71% | WRMSSE: 0.5141  | fit: 0.76s
2026-09-09 20:31:55.996 | INFO     | scripts.train_dataset.benchmarking:run_bench_ml:67 - Bench ML: familia 3/5 -- catboost
2026-09-09 20:31:59.212 | INFO     | src.evaluation.reports:evaluate_predictions:58 -     catboost (bench) [ML] | WAPE: 10.54% | WRMSSE: 0.6706  | fit: 3.17s
2026-09-09 20:31:59.212 | INFO     | scripts.train_dataset.benchmarking:run_bench_ml:67 - Bench ML: familia 4/5 -- histgb
2026-09-09 20:31:59.592 | INFO     | src.evaluation.reports:evaluate_predictions:58 -       histgb (bench) [ML] | WAPE: 8.60% | WRMSSE: 0.5487  | fit: 0.34s
2026-09-09 20:31:59.592 | INFO     | scripts.train_dataset.benchmarking:run_bench_ml:67 - Bench ML: familia 5/5 -- ridge
2026-09-09 20:31:59.635 | INFO     | src.evaluation.reports:evaluate_predictions:58 -        ridge (bench) [ML] | WAPE: 6.41% | WRMSSE: 0.4761  | fit: 0.01s
2026-09-09 20:31:59.636 | SUCCESS  | scripts.train_dataset.benchmarking:pick_winner:94 - Modelo ganador (bench, 4 familias tree-based comparadas): xgboost | regression_l2=24646.4199
2026-09-09 20:31:59.636 | INFO     | scripts.train_dataset.pipeline:run_pipeline:62 - Fase bench ML (5 familias, sin Optuna): 4.6s
2026-09-09 20:31:59.639 | INFO     | scripts.train_dataset.refinement:select_features:88 - Top 10 gain importance (xgboost):
lag52                               3.333829e+09
lag4                                2.202010e+09
rolling_mean_lag4_window_size26     1.234923e+09
lag26                               3.173815e+08
days_since_thanksgiving             1.855305e+08
rolling_mean_lag13_window_size26    1.455583e+08
lag17                               1.276590e+08
rolling_max_lag1_window_size4       9.510091e+07
rolling_mean_lag52_window_size4     8.837895e+07
lag22                               7.875268e+07
dtype: float64
2026-09-09 20:32:05.179 | INFO     | scripts.train_dataset.refinement:select_features:95 - Top 10 permutation importance (xgboost):
lag52                              3507.187500
lag4                               1556.200781
event_name_1                       1382.025781
rolling_mean_lag4_window_size26     320.927344
cv2_90                              312.115625
price_vs_max                        300.563281
lag26                               273.774219
rolling_std_lag13_window_size13     225.553125
day                                 219.596094
days_since_thanksgiving              85.536719
dtype: float64
2026-09-09 20:32:06.498 | INFO     | src.modeling.feature_selection:backward_feature_selection:139 - Baseline (109 features): regression_l2=24646.4199 | WRMSSE=0.5141 (informativo)
2026-09-09 20:32:08.474 | WARNING  | src.modeling.feature_selection:try_remove:162 - ELIMINADA(S) 8 features ['lag2', 'rolling_std_lag13_window_size26', 'rolling_mean_lag52_window_size4', 'lag17', 'rolling_std_lag4_window_size13', 'avg_sell_price', 'price_volatility', 'rolling_std_lag4_window_size4'] -> 101 features | regression_l2=20669.0761 | WRMSSE=0.4311
2026-09-09 20:32:09.412 | WARNING  | src.modeling.feature_selection:try_remove:162 - ELIMINADA(S) 8 features ['lag8', 'adi_expanding', 'rolling_max_lag52_window_size4', 'lag39', 'days_to_newyear', 'rolling_std_lag1_window_size13', 'month_sin', 'lag1'] -> 93 features | regression_l2=20377.3883 | WRMSSE=0.4250
2026-09-09 20:32:18.426 | WARNING  | src.modeling.feature_selection:try_remove:162 - ELIMINADA(S) 8 features ['price_lag_1', 'rolling_max_lag4_window_size26', 'rolling_mean_lag13_window_size13', 'rolling_std_lag1_window_size4', 'te_event_mean', 'te_cat_std', 'pct_zero_28', 'pct_zero_90'] -> 85 features | regression_l2=18313.9512 | WRMSSE=0.3820
2026-09-09 20:32:26.894 | WARNING  | src.modeling.feature_selection:try_remove:162 - ELIMINADA(S) 8 features ['te_snap_mean', 'te_dept_std', 'te_dept_mean', 'te_weekend_mean', 'rolling_min_lag52_window_size13', 'te_cat_mean', 'item_id', 'te_item_mean'] -> 77 features | regression_l2=17711.2437 | WRMSSE=0.3694
2026-09-09 20:32:50.911 | WARNING  | src.modeling.feature_selection:try_remove:162 - ELIMINADA(S) 'rolling_max_lag4_window_size13' -> 76 features | regression_l2=17627.4475 | WRMSSE=0.3677
2026-09-09 20:33:12.637 | WARNING  | src.modeling.feature_selection:try_remove:162 - ELIMINADA(S) 'is_likely_stockout' -> 75 features | regression_l2=17627.4475 | WRMSSE=0.3677
2026-09-09 20:33:20.093 | WARNING  | src.modeling.feature_selection:try_remove:162 - ELIMINADA(S) 'rolling_max_lag52_window_size13' -> 74 features | regression_l2=17541.4620 | WRMSSE=0.3659
2026-09-09 20:33:23.623 | WARNING  | src.modeling.feature_selection:try_remove:162 - ELIMINADA(S) 'is_weekend' -> 73 features | regression_l2=17541.4620 | WRMSSE=0.3659
2026-09-09 20:33:26.892 | WARNING  | src.modeling.feature_selection:try_remove:162 - ELIMINADA(S) 'is_month_start' -> 72 features | regression_l2=17541.4620 | WRMSSE=0.3659
2026-09-09 20:33:33.602 | WARNING  | src.modeling.feature_selection:try_remove:162 - ELIMINADA(S) 'dayofweek' -> 71 features | regression_l2=17541.4620 | WRMSSE=0.3659
2026-09-09 20:33:40.388 | WARNING  | src.modeling.feature_selection:try_remove:162 - ELIMINADA(S) 'year' -> 70 features | regression_l2=17541.3432 | WRMSSE=0.3659
2026-09-09 20:33:44.000 | WARNING  | src.modeling.feature_selection:try_remove:162 - ELIMINADA(S) 'dow_sin' -> 69 features | regression_l2=17541.3432 | WRMSSE=0.3659
2026-09-09 20:33:47.352 | WARNING  | src.modeling.feature_selection:try_remove:162 - ELIMINADA(S) 'snap' -> 68 features | regression_l2=17541.3432 | WRMSSE=0.3659
2026-09-09 20:33:53.702 | WARNING  | src.modeling.feature_selection:try_remove:162 - ELIMINADA(S) 'dow_cos' -> 67 features | regression_l2=17541.3432 | WRMSSE=0.3659
2026-09-09 20:34:02.038 | WARNING  | src.modeling.feature_selection:try_remove:162 - ELIMINADA(S) 'has_event_2' -> 66 features | regression_l2=17541.3432 | WRMSSE=0.3659
2026-09-09 20:34:10.274 | WARNING  | src.modeling.feature_selection:try_remove:162 - ELIMINADA(S) 'event_type_2' -> 65 features | regression_l2=17541.3432 | WRMSSE=0.3659
2026-09-09 20:34:33.923 | WARNING  | src.modeling.feature_selection:try_remove:162 - ELIMINADA(S) 'quarter' -> 64 features | regression_l2=17541.3432 | WRMSSE=0.3659
2026-09-09 20:34:37.242 | WARNING  | src.modeling.feature_selection:try_remove:162 - ELIMINADA(S) 'days_since_price_change' -> 63 features | regression_l2=17541.3432 | WRMSSE=0.3659
2026-09-09 20:34:43.908 | WARNING  | src.modeling.feature_selection:try_remove:162 - ELIMINADA(S) 'state_id' -> 62 features | regression_l2=17541.3432 | WRMSSE=0.3659
2026-09-09 20:34:47.210 | WARNING  | src.modeling.feature_selection:try_remove:162 - ELIMINADA(S) 'store_id' -> 61 features | regression_l2=17541.3432 | WRMSSE=0.3659
2026-09-09 20:34:53.566 | WARNING  | src.modeling.feature_selection:try_remove:162 - ELIMINADA(S) 'event_type_1_enc' -> 60 features | regression_l2=17541.3432 | WRMSSE=0.3659
2026-09-09 20:34:59.865 | WARNING  | src.modeling.feature_selection:try_remove:162 - ELIMINADA(S) 'event_type_2_enc' -> 59 features | regression_l2=17541.3432 | WRMSSE=0.3659
2026-09-09 20:35:03.409 | WARNING  | src.modeling.feature_selection:try_remove:162 - ELIMINADA(S) 'is_store_closed' -> 58 features | regression_l2=17541.3432 | WRMSSE=0.3659
2026-09-09 20:35:06.633 | WARNING  | src.modeling.feature_selection:try_remove:162 - ELIMINADA(S) 'cat_id' -> 57 features | regression_l2=17541.3432 | WRMSSE=0.3659
2026-09-09 20:35:09.830 | WARNING  | src.modeling.feature_selection:try_remove:162 - ELIMINADA(S) 'dept_id' -> 56 features | regression_l2=17541.3432 | WRMSSE=0.3659
2026-09-09 20:36:19.367 | WARNING  | src.modeling.feature_selection:try_remove:162 - ELIMINADA(S) 8 features ['days_since_event', 'rolling_mean_lag4_window_size4', 'rolling_std_lag52_window_size4', 'weekofyear', 'lag13', 'momentum_lag4_4_13', 'rolling_mean_lag1_window_size4', 'rolling_std_lag4_window_size26'] -> 48 features | regression_l2=17493.1315 | WRMSSE=0.3649
2026-09-09 20:36:30.638 | WARNING  | src.modeling.feature_selection:try_remove:162 - ELIMINADA(S) 'doy_cos' -> 47 features | regression_l2=16845.7109 | WRMSSE=0.3514
2026-09-09 20:37:42.172 | WARNING  | src.modeling.feature_selection:try_remove:162 - ELIMINADA(S) 'zero_streak' -> 46 features | regression_l2=16845.7109 | WRMSSE=0.3514
2026-09-09 20:38:42.378 | WARNING  | src.modeling.feature_selection:try_remove:162 - ELIMINADA(S) 'has_event' -> 45 features | regression_l2=16845.7109 | WRMSSE=0.3514
2026-09-09 20:42:39.461 | INFO     | src.modeling.feature_selection:backward_feature_selection:189 - Seleccionadas 45/109 features | regression_l2 final: 16845.7109 | WRMSSE final: 0.3514
2026-09-09 20:42:39.464 | INFO     | scripts.train_dataset.refinement:select_features:114 - Features descartadas (64): ['adi_expanding', 'avg_sell_price', 'cat_id', 'dayofweek', 'days_since_event', 'days_since_price_change', 'days_to_newyear', 'dept_id', 'dow_cos', 'dow_sin', 'doy_cos', 'event_type_1_enc', 'event_type_2', 'event_type_2_enc', 'has_event', 'has_event_2', 'is_likely_stockout', 'is_month_start', 'is_store_closed', 'is_weekend', 'item_id', 'lag1', 'lag13', 'lag17', 'lag2', 'lag39', 'lag8', 'momentum_lag4_4_13', 'month_sin', 'pct_zero_28', 'pct_zero_90', 'price_lag_1', 'price_volatility', 'quarter', 'rolling_max_lag4_window_size13', 'rolling_max_lag4_window_size26', 'rolling_max_lag52_window_size13', 'rolling_max_lag52_window_size4', 'rolling_mean_lag13_window_size13', 'rolling_mean_lag1_window_size4', 'rolling_mean_lag4_window_size4', 'rolling_mean_lag52_window_size4', 'rolling_min_lag52_window_size13', 'rolling_std_lag13_window_size26', 'rolling_std_lag1_window_size13', 'rolling_std_lag1_window_size4', 'rolling_std_lag4_window_size13', 'rolling_std_lag4_window_size26', 'rolling_std_lag4_window_size4', 'rolling_std_lag52_window_size4', 'snap', 'state_id', 'store_id', 'te_cat_mean', 'te_cat_std', 'te_dept_mean', 'te_dept_std', 'te_event_mean', 'te_item_mean', 'te_snap_mean', 'te_weekend_mean', 'weekofyear', 'year', 'zero_streak']
2026-09-09 20:42:39.478 | INFO     | scripts.train_dataset.refinement:select_features:127 - Features finales: 45 (3 categóricas) | regression_l2=16845.7109 | WRMSSE=0.3514 (informativo)
2026-09-09 20:42:39.479 | INFO     | scripts.train_dataset.pipeline:run_pipeline:74 - Fase selección de features: 639.8s
2026-09-09 20:42:46.595 | INFO     | src.evaluation.reports:evaluate_predictions:58 - xgboost (bench, selected features) [ML] | WAPE: 4.97% | WRMSSE: 0.3514  | fit: 7.06s
2026-09-09 20:42:49.677 | INFO     | scripts.train_dataset.refinement:run_shap:173 - SHAP (xgboost): feature más importante = lag4 | plots guardados en /home/njimenez/workspace/magister/forecast-tfm/artifacts/plots
2026-09-09 20:42:49.683 | INFO     | scripts.train_dataset.pipeline:run_pipeline:79 - Fase SHAP: 10.2s
2026-09-09 20:42:54.909 | INFO     | scripts.train_dataset.refinement:tune_optuna_family:60 - [xgboost] Optuna arrancando: hasta 100 trials (timeout 120s) -- study 'study_level_01_weekly_total_sales_final_xgboost'
2026-09-09 20:44:57.352 | INFO     | scripts.train_dataset.refinement:tune_optuna_family:70 - [xgboost] Optuna terminó -- elige hiperparámetros por regression_l2 (no por WRMSSE): mejor regression_l2 = 18183.7895 | WRMSSE de ESE trial: 0.3793 (solo referencia, puede no ser el mínimo posible; el WRMSSE definitivo se reporta abajo, tras reentrenar con estos hiperparámetros)
2026-09-09 20:44:57.356 | INFO     | scripts.train_dataset.refinement:tune_optuna_family:76 - [xgboost] Mejores hiperparámetros: {'learning_rate': 0.09042081425987991, 'max_depth': 8, 'min_child_weight': 2.520856520270305, 'subsample': 0.818112309065139, 'colsample_bytree': 0.6841717712554698, 'reg_alpha': 0.020671295355819238, 'reg_lambda': 0.017235018952005597}
2026-09-09 20:44:57.361 | INFO     | scripts.train_dataset.pipeline:run_pipeline:85 - Fase Optuna final: 127.7s
2026-09-09 20:45:04.254 | INFO     | scripts.train_dataset.refinement:fit_final_model:222 - CV (1 folds) best_iteration: [752] -> n_estimators final = 752
2026-09-09 20:45:04.359 | INFO     | src.evaluation.reports:evaluate_predictions:58 - xgboost (final, Optuna) [ML] | WAPE: 5.57% | WRMSSE: 0.3786  | fit: 6.94s
2026-09-09 20:45:09.976 | INFO     | scripts.train_dataset.refinement:fit_final_model:243 - Test WAPE: 5.55% | Test WRMSSE: 0.4083
2026-09-09 20:45:10.922 | INFO     | scripts.train_dataset.benchmarking:save_model_comparison:115 - Comparación de modelos guardada en /home/njimenez/workspace/magister/forecast-tfm/artifacts/results
2026-09-09 20:45:11.682 | SUCCESS  | scripts.train_dataset.export:export_artifact:109 - Artifact guardado en /home/njimenez/workspace/magister/forecast-tfm/artifacts/models/level_01_weekly_total_sales_artifact.pkl (modelo: xgboost)
2026-09-09 20:45:12.077 | SUCCESS  | scripts.train_dataset.export:export_artifact:119 - Versión 20260909T234511Z registrada en registry.json
2026-09-09 20:45:12.080 | INFO     | scripts.train_dataset.pipeline:run_pipeline:93 - Pipeline completo (level_01_weekly_total/sales) en 823.1s
2026-09-09 20:45:12.291 | INFO     | src.data.dataset:load_data:58 - level_02_daily_state | target=sales | 5,823 filas | 191 features (9 categóricas)
2026-09-09 20:45:12.299 | INFO     | src.data.temporal_split:log_summary:41 - Train : 2011-01-29 to 2015-04-26 (1,549 days, 4,647 rows)
2026-09-09 20:45:12.299 | INFO     | src.data.temporal_split:log_summary:42 - Valid : 2015-04-27 to 2016-04-24 (364 days, 1,092 rows)
2026-09-09 20:45:12.301 | INFO     | src.data.temporal_split:log_summary:43 - Test  : 2016-04-25 to 2016-05-22 (28 days, 84 rows)
2026-09-09 20:45:12.572 | INFO     | src.data.dataset:split_data:119 - Features: 191 (9 categóricas)
2026-09-09 20:45:12.625 | INFO     | src.evaluation.reports:evaluate_predictions:58 - Seasonal naive (1d) [Naive] | WAPE: 18.23% | WRMSSE: 1.3327  | fit: 0.02s
2026-09-09 20:45:12.678 | INFO     | src.evaluation.reports:evaluate_predictions:58 - Seasonal naive (7d) [Naive] | WAPE: 13.01% | WRMSSE: 0.9807  | fit: 0.01s
2026-09-09 20:45:12.732 | INFO     | src.evaluation.reports:evaluate_predictions:58 - Seasonal naive (28d) [Naive] | WAPE: 12.37% | WRMSSE: 0.9550  | fit: 0.02s
2026-09-09 20:45:12.787 | INFO     | src.evaluation.reports:evaluate_predictions:58 - Seasonal naive (364d) [Naive] | WAPE: 11.00% | WRMSSE: 0.9000  | fit: 0.02s
2026-09-09 20:45:12.834 | INFO     | src.evaluation.reports:evaluate_predictions:58 -             Drift [Naive] | WAPE: 19.64% | WRMSSE: 1.4373  | fit: 0.01s
2026-09-09 20:45:12.876 | INFO     | src.evaluation.reports:evaluate_predictions:58 -   Historical mean [Naive] | WAPE: 18.04% | WRMSSE: 1.4880  | fit: 0.00s
2026-09-09 20:45:12.919 | INFO     | src.evaluation.reports:evaluate_predictions:58 - Moving average (7d) [Naive] | WAPE: 15.44% | WRMSSE: 1.3024  | fit: 0.00s
2026-09-09 20:45:12.962 | INFO     | src.evaluation.reports:evaluate_predictions:58 - Moving average (14d) [Naive] | WAPE: 14.85% | WRMSSE: 1.2611  | fit: 0.00s
2026-09-09 20:45:13.005 | INFO     | src.evaluation.reports:evaluate_predictions:58 - Moving average (21d) [Naive] | WAPE: 14.33% | WRMSSE: 1.2089  | fit: 0.00s
2026-09-09 20:45:13.048 | INFO     | src.evaluation.reports:evaluate_predictions:58 - Moving average (28d) [Naive] | WAPE: 14.19% | WRMSSE: 1.1877  | fit: 0.00s
2026-09-09 20:45:13.090 | INFO     | src.evaluation.reports:evaluate_predictions:58 - Moving average (35d) [Naive] | WAPE: 14.44% | WRMSSE: 1.2190  | fit: 0.00s
2026-09-09 20:45:13.091 | INFO     | scripts.train_dataset.pipeline:run_pipeline:51 - Fase naive: 0.5s
2026-09-09 20:45:19.766 | INFO     | src.evaluation.reports:evaluate_predictions:58 -      SARIMA [Statistical] | WAPE: 13.62% | WRMSSE: 1.0265  | fit: 6.60s
2026-09-09 20:45:23.413 | INFO     | src.evaluation.reports:evaluate_predictions:58 - ETS (Holt-Winters) [Statistical] | WAPE: 10.67% | WRMSSE: 0.8417  | fit: 3.59s
2026-09-09 20:45:23.554 | INFO     | src.evaluation.reports:evaluate_predictions:58 -       Theta [Statistical] | WAPE: 10.36% | WRMSSE: 0.8352  | fit: 0.10s
2026-09-09 20:45:43.032 | INFO     | src.evaluation.reports:evaluate_predictions:58 -       TBATS [Statistical] | WAPE: 11.55% | WRMSSE: 0.8989  | fit: 19.41s
2026-09-09 20:45:44.210 | INFO     | src.evaluation.reports:evaluate_predictions:58 -     Prophet [Statistical] | WAPE: 11.65% | WRMSSE: 0.9078  | fit: 1.12s
2026-09-09 20:45:44.210 | INFO     | scripts.train_dataset.pipeline:run_pipeline:56 - Fase estadísticos clásicos: 31.1s
2026-09-09 20:45:44.211 | INFO     | scripts.train_dataset.benchmarking:run_bench_ml:67 - Bench ML: familia 1/5 -- lightgbm
2026-09-09 20:45:56.844 | INFO     | src.evaluation.reports:evaluate_predictions:58 -     lightgbm (bench) [ML] | WAPE: 10.95% | WRMSSE: 0.8635  | fit: 12.56s
2026-09-09 20:45:56.845 | INFO     | scripts.train_dataset.benchmarking:run_bench_ml:67 - Bench ML: familia 2/5 -- xgboost
2026-09-09 20:46:02.453 | INFO     | src.evaluation.reports:evaluate_predictions:58 -      xgboost (bench) [ML] | WAPE: 8.75% | WRMSSE: 0.7579  | fit: 5.54s
2026-09-09 20:46:02.453 | INFO     | scripts.train_dataset.benchmarking:run_bench_ml:67 - Bench ML: familia 3/5 -- catboost
2026-09-09 20:46:04.466 | INFO     | src.evaluation.reports:evaluate_predictions:58 -     catboost (bench) [ML] | WAPE: 20.41% | WRMSSE: 1.5502  | fit: 1.94s
2026-09-09 20:46:04.466 | INFO     | scripts.train_dataset.benchmarking:run_bench_ml:67 - Bench ML: familia 4/5 -- histgb
2026-09-09 20:46:22.686 | INFO     | src.evaluation.reports:evaluate_predictions:58 -       histgb (bench) [ML] | WAPE: 10.46% | WRMSSE: 0.8326  | fit: 18.00s
2026-09-09 20:46:22.686 | INFO     | scripts.train_dataset.benchmarking:run_bench_ml:67 - Bench ML: familia 5/5 -- ridge
2026-09-09 20:46:23.111 | INFO     | src.evaluation.reports:evaluate_predictions:58 -        ridge (bench) [ML] | WAPE: 15.67% | WRMSSE: 1.2407  | fit: 0.35s
2026-09-09 20:46:23.112 | SUCCESS  | scripts.train_dataset.benchmarking:pick_winner:94 - Modelo ganador (bench, 4 familias tree-based comparadas): xgboost | regression_l2=1703.3754
2026-09-09 20:46:23.113 | INFO     | scripts.train_dataset.pipeline:run_pipeline:62 - Fase bench ML (5 familias, sin Optuna): 38.9s
2026-09-09 20:46:23.117 | INFO     | scripts.train_dataset.refinement:select_features:88 - Top 10 gain importance (xgboost):
te_weekend_mean                   331506400.0
lag28                             156064128.0
lag7                               90273720.0
rolling_mean_lag2_window_size7     45465812.0
rolling_mean_lag3_window_size7     29946916.0
lag91                              24903424.0
snap                               18643550.0
lag364                             14486077.0
lag1                               12494010.0
te_snap_mean                        9278912.0
dtype: float64
2026-09-09 20:46:49.137 | INFO     | scripts.train_dataset.refinement:select_features:95 - Top 10 permutation importance (xgboost):
lag28                               751.643555
te_weekend_mean                     432.245117
lag364                              311.175977
event_name_1                        159.910449
lag7                                 93.674658
dayofweek                            90.580029
lag91                                84.800415
snap                                 73.843408
rolling_mean_lag28_window_size28     73.170850
seasonal_mean_lag364_364_2           69.739868
dtype: float64
2026-09-09 20:47:01.793 | INFO     | src.modeling.feature_selection:backward_feature_selection:139 - Baseline (191 features): regression_l2=1703.3754 | WRMSSE=0.7579 (informativo)
2026-09-09 20:47:22.292 | WARNING  | src.modeling.feature_selection:try_remove:162 - ELIMINADA(S) 'lag13' -> 190 features | regression_l2=1674.2669 | WRMSSE=0.7545
2026-09-09 20:49:29.900 | WARNING  | src.modeling.feature_selection:try_remove:162 - ELIMINADA(S) 'expanding_mean_lag91' -> 189 features | regression_l2=1673.6966 | WRMSSE=0.7547
2026-09-09 20:51:19.744 | WARNING  | src.modeling.feature_selection:try_remove:162 - ELIMINADA(S) 'te_item_mean' -> 188 features | regression_l2=1673.6966 | WRMSSE=0.7547
2026-09-09 20:52:42.588 | WARNING  | src.modeling.feature_selection:try_remove:162 - ELIMINADA(S) 'rolling_min_lag2_window_size7' -> 187 features | regression_l2=1671.5805 | WRMSSE=0.7544
2026-09-09 20:52:54.471 | WARNING  | src.modeling.feature_selection:try_remove:162 - ELIMINADA(S) 'rolling_std_lag1_window_size35' -> 186 features | regression_l2=1576.5371 | WRMSSE=0.7228
2026-09-09 20:53:24.409 | WARNING  | src.modeling.feature_selection:try_remove:162 - ELIMINADA(S) 'pct_zero_90' -> 185 features | regression_l2=1576.5371 | WRMSSE=0.7228
2026-09-09 20:53:35.378 | WARNING  | src.modeling.feature_selection:try_remove:162 - ELIMINADA(S) 'is_likely_stockout' -> 184 features | regression_l2=1576.5371 | WRMSSE=0.7228
2026-09-09 20:53:41.235 | WARNING  | src.modeling.feature_selection:try_remove:162 - ELIMINADA(S) 'pct_zero_28' -> 183 features | regression_l2=1576.5371 | WRMSSE=0.7228
2026-09-09 20:53:51.309 | WARNING  | src.modeling.feature_selection:try_remove:162 - ELIMINADA(S) 'item_id' -> 182 features | regression_l2=1576.5371 | WRMSSE=0.7228
2026-09-09 20:54:04.478 | WARNING  | src.modeling.feature_selection:try_remove:162 - ELIMINADA(S) 'is_weekend' -> 181 features | regression_l2=1576.5371 | WRMSSE=0.7228
2026-09-09 20:54:17.746 | WARNING  | src.modeling.feature_selection:try_remove:162 - ELIMINADA(S) 'event_type_1_enc' -> 180 features | regression_l2=1576.5371 | WRMSSE=0.7228
2026-09-09 20:54:42.705 | WARNING  | src.modeling.feature_selection:try_remove:162 - ELIMINADA(S) 'days_since_price_change' -> 179 features | regression_l2=1576.5371 | WRMSSE=0.7228
2026-09-09 20:54:52.239 | WARNING  | src.modeling.feature_selection:try_remove:162 - ELIMINADA(S) 'is_month_start' -> 178 features | regression_l2=1576.5371 | WRMSSE=0.7228
2026-09-09 20:54:57.855 | WARNING  | src.modeling.feature_selection:try_remove:162 - ELIMINADA(S) 'quarter' -> 177 features | regression_l2=1576.5371 | WRMSSE=0.7228
2026-09-09 20:55:03.552 | WARNING  | src.modeling.feature_selection:try_remove:162 - ELIMINADA(S) 'event_type_2_enc' -> 176 features | regression_l2=1576.5371 | WRMSSE=0.7228
2026-09-09 20:55:09.142 | WARNING  | src.modeling.feature_selection:try_remove:162 - ELIMINADA(S) 'te_dept_mean' -> 175 features | regression_l2=1576.5371 | WRMSSE=0.7228
2026-09-09 20:55:14.903 | WARNING  | src.modeling.feature_selection:try_remove:162 - ELIMINADA(S) 'te_dept_std' -> 174 features | regression_l2=1576.5371 | WRMSSE=0.7228
2026-09-09 20:55:24.714 | WARNING  | src.modeling.feature_selection:try_remove:162 - ELIMINADA(S) 'year' -> 173 features | regression_l2=1576.5371 | WRMSSE=0.7228
2026-09-09 20:55:30.319 | WARNING  | src.modeling.feature_selection:try_remove:162 - ELIMINADA(S) 'is_store_closed' -> 172 features | regression_l2=1576.5371 | WRMSSE=0.7228
2026-09-09 20:55:52.202 | WARNING  | src.modeling.feature_selection:try_remove:162 - ELIMINADA(S) 'dept_id' -> 171 features | regression_l2=1576.5371 | WRMSSE=0.7228
2026-09-09 20:56:05.224 | WARNING  | src.modeling.feature_selection:try_remove:162 - ELIMINADA(S) 'store_id' -> 170 features | regression_l2=1576.5371 | WRMSSE=0.7228
2026-09-09 20:56:18.697 | WARNING  | src.modeling.feature_selection:try_remove:162 - ELIMINADA(S) 'event_type_2' -> 169 features | regression_l2=1576.5371 | WRMSSE=0.7228
2026-09-09 20:56:24.630 | WARNING  | src.modeling.feature_selection:try_remove:162 - ELIMINADA(S) 'event_name_2' -> 168 features | regression_l2=1576.5371 | WRMSSE=0.7228
2026-09-09 20:56:30.131 | WARNING  | src.modeling.feature_selection:try_remove:162 - ELIMINADA(S) 'te_cat_std' -> 167 features | regression_l2=1576.5371 | WRMSSE=0.7228
2026-09-09 20:56:40.182 | WARNING  | src.modeling.feature_selection:try_remove:162 - ELIMINADA(S) 'has_event_2' -> 166 features | regression_l2=1576.5371 | WRMSSE=0.7228
2026-09-09 20:56:46.442 | WARNING  | src.modeling.feature_selection:try_remove:162 - ELIMINADA(S) 'cat_id' -> 165 features | regression_l2=1576.5371 | WRMSSE=0.7228
2026-09-09 20:58:10.980 | WARNING  | src.modeling.feature_selection:try_remove:162 - ELIMINADA(S) 'rolling_mean_lag5_window_size14' -> 164 features | regression_l2=1573.5948 | WRMSSE=0.7186
2026-09-09 20:59:07.659 | WARNING  | src.modeling.feature_selection:try_remove:162 - ELIMINADA(S) 'has_event' -> 163 features | regression_l2=1573.5948 | WRMSSE=0.7186
2026-09-09 20:59:23.917 | WARNING  | src.modeling.feature_selection:try_remove:162 - ELIMINADA(S) 'is_month_end' -> 162 features | regression_l2=1557.6770 | WRMSSE=0.7120
2026-09-09 21:08:14.634 | WARNING  | src.modeling.feature_selection:try_remove:162 - ELIMINADA(S) 'lag1' -> 161 features | regression_l2=1533.9005 | WRMSSE=0.6829
2026-09-09 21:08:22.482 | WARNING  | src.modeling.feature_selection:try_remove:162 - ELIMINADA(S) 'rolling_std_lag28_window_size91' -> 160 features | regression_l2=1517.0082 | WRMSSE=0.6870
2026-09-09 21:08:29.622 | WARNING  | src.modeling.feature_selection:try_remove:162 - ELIMINADA(S) 'lag21' -> 159 features | regression_l2=1471.6781 | WRMSSE=0.6718
2026-09-09 21:08:48.279 | WARNING  | src.modeling.feature_selection:try_remove:162 - ELIMINADA(S) 'lag35' -> 158 features | regression_l2=1297.6651 | WRMSSE=0.6114
2026-09-09 21:10:48.118 | WARNING  | src.modeling.feature_selection:try_remove:162 - ELIMINADA(S) 'rolling_max_lag91_window_size28' -> 157 features | regression_l2=1297.0895 | WRMSSE=0.6068
2026-09-09 21:12:29.101 | WARNING  | src.modeling.feature_selection:try_remove:162 - ELIMINADA(S) 'rolling_mean_lag28_window_size7' -> 156 features | regression_l2=1283.3332 | WRMSSE=0.5936
2026-09-09 21:18:15.666 | WARNING  | src.modeling.feature_selection:try_remove:162 - ELIMINADA(S) 'rolling_max_lag4_window_size14' -> 155 features | regression_l2=1247.3417 | WRMSSE=0.5803
2026-09-09 21:56:25.363 | INFO     | src.modeling.feature_selection:backward_feature_selection:189 - Seleccionadas 155/191 features | regression_l2 final: 1247.3417 | WRMSSE final: 0.5803
2026-09-09 21:56:25.366 | INFO     | scripts.train_dataset.refinement:select_features:114 - Features descartadas (36): ['cat_id', 'days_since_price_change', 'dept_id', 'event_name_2', 'event_type_1_enc', 'event_type_2', 'event_type_2_enc', 'expanding_mean_lag91', 'has_event', 'has_event_2', 'is_likely_stockout', 'is_month_end', 'is_month_start', 'is_store_closed', 'is_weekend', 'item_id', 'lag1', 'lag13', 'lag21', 'lag35', 'pct_zero_28', 'pct_zero_90', 'quarter', 'rolling_max_lag4_window_size14', 'rolling_max_lag91_window_size28', 'rolling_mean_lag28_window_size7', 'rolling_mean_lag5_window_size14', 'rolling_min_lag2_window_size7', 'rolling_std_lag1_window_size35', 'rolling_std_lag28_window_size91', 'store_id', 'te_cat_std', 'te_dept_mean', 'te_dept_std', 'te_item_mean', 'year']
2026-09-09 21:56:25.379 | INFO     | scripts.train_dataset.refinement:select_features:127 - Features finales: 155 (3 categóricas) | regression_l2=1247.3417 | WRMSSE=0.5803 (informativo)
2026-09-09 21:56:25.379 | INFO     | scripts.train_dataset.pipeline:run_pipeline:74 - Fase selección de features: 4202.3s
2026-09-09 21:56:42.499 | INFO     | src.evaluation.reports:evaluate_predictions:58 - xgboost (bench, selected features) [ML] | WAPE: 6.77% | WRMSSE: 0.5791  | fit: 17.04s
2026-09-09 21:56:44.179 | INFO     | scripts.train_dataset.refinement:run_shap:173 - SHAP (xgboost): feature más importante = lag28 | plots guardados en /home/njimenez/workspace/magister/forecast-tfm/artifacts/plots
2026-09-09 21:56:44.182 | INFO     | scripts.train_dataset.pipeline:run_pipeline:79 - Fase SHAP: 18.8s
2026-09-09 21:56:44.238 | INFO     | scripts.train_dataset.refinement:tune_optuna_family:60 - [xgboost] Optuna arrancando: hasta 100 trials (timeout 120s) -- study 'study_level_02_daily_state_sales_final_xgboost'
2026-09-09 21:58:44.512 | INFO     | scripts.train_dataset.refinement:tune_optuna_family:70 - [xgboost] Optuna terminó -- elige hiperparámetros por regression_l2 (no por WRMSSE): mejor regression_l2 = 1490.4942 | WRMSSE de ESE trial: 0.6774 (solo referencia, puede no ser el mínimo posible; el WRMSSE definitivo se reporta abajo, tras reentrenar con estos hiperparámetros)
2026-09-09 21:58:44.514 | INFO     | scripts.train_dataset.refinement:tune_optuna_family:76 - [xgboost] Mejores hiperparámetros: {'learning_rate': 0.12093510864110771, 'max_depth': 7, 'min_child_weight': 42.588882102900804, 'subsample': 0.608233797718321, 'colsample_bytree': 0.9879639408647978, 'reg_alpha': 1.1999975480350795, 'reg_lambda': 0.00610149136730271}
2026-09-09 21:58:44.517 | INFO     | scripts.train_dataset.pipeline:run_pipeline:85 - Fase Optuna final: 120.3s
2026-09-09 21:58:49.538 | INFO     | scripts.train_dataset.refinement:fit_final_model:222 - CV (1 folds) best_iteration: [143] -> n_estimators final = 143
2026-09-09 21:58:49.609 | INFO     | src.evaluation.reports:evaluate_predictions:58 - xgboost (final, Optuna) [ML] | WAPE: 7.80% | WRMSSE: 0.6683  | fit: 5.05s
2026-09-09 21:58:54.149 | INFO     | scripts.train_dataset.refinement:fit_final_model:243 - Test WAPE: 6.74% | Test WRMSSE: 0.6177
2026-09-09 21:58:56.181 | INFO     | scripts.train_dataset.benchmarking:save_model_comparison:115 - Comparación de modelos guardada en /home/njimenez/workspace/magister/forecast-tfm/artifacts/results
2026-09-09 21:58:56.309 | SUCCESS  | scripts.train_dataset.export:export_artifact:109 - Artifact guardado en /home/njimenez/workspace/magister/forecast-tfm/artifacts/models/level_02_daily_state_sales_artifact.pkl (modelo: xgboost)
2026-09-09 21:58:56.390 | SUCCESS  | scripts.train_dataset.export:export_artifact:119 - Versión 20260910T005856Z registrada en registry.json
2026-09-09 21:58:56.391 | INFO     | scripts.train_dataset.pipeline:run_pipeline:93 - Pipeline completo (level_02_daily_state/sales) en 4424.1s
2026-09-09 21:58:56.596 | INFO     | src.data.dataset:load_data:58 - level_02_weekly_state | target=sales | 834 filas | 109 features (9 categóricas)
2026-09-09 21:58:56.602 | INFO     | src.data.temporal_split:log_summary:41 - Train : 2011-01-29 to 2015-04-20 (1,549 days, 666 rows)
2026-09-09 21:58:56.602 | INFO     | src.data.temporal_split:log_summary:42 - Valid : 2015-04-27 to 2016-04-18 (364 days, 156 rows)
2026-09-09 21:58:56.603 | INFO     | src.data.temporal_split:log_summary:43 - Test  : 2016-04-25 to 2016-05-16 (22 days, 12 rows)
2026-09-09 21:58:56.816 | INFO     | src.data.dataset:split_data:119 - Features: 109 (9 categóricas)
2026-09-09 21:58:56.857 | INFO     | src.evaluation.reports:evaluate_predictions:58 - Seasonal naive (1w) [Naive] | WAPE: 11.69% | WRMSSE: 0.7309  | fit: 0.01s
2026-09-09 21:58:56.895 | INFO     | src.evaluation.reports:evaluate_predictions:58 - Seasonal naive (4w) [Naive] | WAPE: 9.39% | WRMSSE: 0.6107  | fit: 0.01s
2026-09-09 21:58:56.932 | INFO     | src.evaluation.reports:evaluate_predictions:58 - Seasonal naive (52w) [Naive] | WAPE: 8.96% | WRMSSE: 0.5633  | fit: 0.01s
2026-09-09 21:58:56.974 | INFO     | src.evaluation.reports:evaluate_predictions:58 -             Drift [Naive] | WAPE: 7.35% | WRMSSE: 0.4900  | fit: 0.01s
2026-09-09 21:58:57.007 | INFO     | src.evaluation.reports:evaluate_predictions:58 -   Historical mean [Naive] | WAPE: 17.74% | WRMSSE: 1.0541  | fit: 0.00s
2026-09-09 21:58:57.042 | INFO     | src.evaluation.reports:evaluate_predictions:58 - Moving average (2w) [Naive] | WAPE: 10.71% | WRMSSE: 0.6785  | fit: 0.00s
2026-09-09 21:58:57.078 | INFO     | src.evaluation.reports:evaluate_predictions:58 - Moving average (3w) [Naive] | WAPE: 9.35% | WRMSSE: 0.6005  | fit: 0.00s
2026-09-09 21:58:57.118 | INFO     | src.evaluation.reports:evaluate_predictions:58 - Moving average (4w) [Naive] | WAPE: 8.72% | WRMSSE: 0.5651  | fit: 0.00s
2026-09-09 21:58:57.155 | INFO     | src.evaluation.reports:evaluate_predictions:58 - Moving average (6w) [Naive] | WAPE: 9.98% | WRMSSE: 0.6343  | fit: 0.00s
2026-09-09 21:58:57.189 | INFO     | src.evaluation.reports:evaluate_predictions:58 - Moving average (8w) [Naive] | WAPE: 9.27% | WRMSSE: 0.5964  | fit: 0.00s
2026-09-09 21:58:57.189 | INFO     | scripts.train_dataset.pipeline:run_pipeline:51 - Fase naive: 0.4s
2026-09-09 21:59:03.505 | INFO     | src.evaluation.reports:evaluate_predictions:58 -      SARIMA [Statistical] | WAPE: 7.12% | WRMSSE: 0.4731  | fit: 6.28s
2026-09-09 21:59:06.810 | INFO     | src.evaluation.reports:evaluate_predictions:58 - ETS (Holt-Winters) [Statistical] | WAPE: 6.56% | WRMSSE: 0.4692  | fit: 3.27s
2026-09-09 21:59:06.898 | INFO     | src.evaluation.reports:evaluate_predictions:58 -       Theta [Statistical] | WAPE: 6.69% | WRMSSE: 0.4835  | fit: 0.06s
2026-09-09 21:59:32.758 | INFO     | src.evaluation.reports:evaluate_predictions:58 -       TBATS [Statistical] | WAPE: 11.58% | WRMSSE: 0.8130  | fit: 25.80s
2026-09-09 21:59:33.475 | INFO     | src.evaluation.reports:evaluate_predictions:58 -     Prophet [Statistical] | WAPE: 8.33% | WRMSSE: 0.5779  | fit: 0.67s
2026-09-09 21:59:33.475 | INFO     | scripts.train_dataset.pipeline:run_pipeline:56 - Fase estadísticos clásicos: 36.3s
2026-09-09 21:59:33.476 | INFO     | scripts.train_dataset.benchmarking:run_bench_ml:67 - Bench ML: familia 1/5 -- lightgbm
2026-09-09 21:59:56.884 | INFO     | src.evaluation.reports:evaluate_predictions:58 -     lightgbm (bench) [ML] | WAPE: 12.01% | WRMSSE: 0.7793  | fit: 23.33s
2026-09-09 21:59:56.885 | INFO     | scripts.train_dataset.benchmarking:run_bench_ml:67 - Bench ML: familia 2/5 -- xgboost
2026-09-09 21:59:58.235 | INFO     | src.evaluation.reports:evaluate_predictions:58 -      xgboost (bench) [ML] | WAPE: 10.57% | WRMSSE: 0.7001  | fit: 1.27s
2026-09-09 21:59:58.235 | INFO     | scripts.train_dataset.benchmarking:run_bench_ml:67 - Bench ML: familia 3/5 -- catboost
2026-09-09 22:00:02.774 | INFO     | src.evaluation.reports:evaluate_predictions:58 -     catboost (bench) [ML] | WAPE: 13.00% | WRMSSE: 0.8211  | fit: 4.46s
2026-09-09 22:00:02.775 | INFO     | scripts.train_dataset.benchmarking:run_bench_ml:67 - Bench ML: familia 4/5 -- histgb
2026-09-09 22:00:05.776 | INFO     | src.evaluation.reports:evaluate_predictions:58 -       histgb (bench) [ML] | WAPE: 10.03% | WRMSSE: 0.6499  | fit: 2.92s
2026-09-09 22:00:05.777 | INFO     | scripts.train_dataset.benchmarking:run_bench_ml:67 - Bench ML: familia 5/5 -- ridge
2026-09-09 22:00:05.899 | INFO     | src.evaluation.reports:evaluate_predictions:58 -        ridge (bench) [ML] | WAPE: 7.59% | WRMSSE: 0.6477  | fit: 0.06s
2026-09-09 22:00:05.899 | SUCCESS  | scripts.train_dataset.benchmarking:pick_winner:94 - Modelo ganador (bench, 4 familias tree-based comparadas): histgb | regression_l2=11925.5707
2026-09-09 22:00:05.900 | INFO     | scripts.train_dataset.pipeline:run_pipeline:62 - Fase bench ML (5 familias, sin Optuna): 32.4s
2026-09-09 22:00:19.188 | INFO     | scripts.train_dataset.refinement:select_features:95 - Top 10 permutation importance (histgb):
event_name_1                       4184.923834
lag4                               3394.197871
te_snap_mean                       1547.629592
expanding_mean_lag13               1500.103682
lag52                              1450.886554
rolling_min_lag52_window_size4      555.418461
lag13                               463.441552
days_since_newyear                  253.264824
rolling_mean_lag52_window_size4     252.508322
rolling_max_lag4_window_size4       235.706857
dtype: float64
2026-09-09 22:00:21.928 | INFO     | src.modeling.feature_selection:backward_feature_selection:139 - Baseline (109 features): regression_l2=11925.5707 | WRMSSE=0.6499 (informativo)
2026-09-09 22:00:25.625 | WARNING  | src.modeling.feature_selection:try_remove:162 - ELIMINADA(S) 8 features ['rolling_max_lag1_window_size4', 'rolling_mean_lag1_window_size13', 'te_event_mean', 'price_lag_1', 'rolling_min_lag1_window_size13', 'price_vs_max', 'rolling_mean_lag1_window_size4', 'rolling_min_lag1_window_size4'] -> 101 features | regression_l2=10416.3037 | WRMSSE=0.5882
2026-09-09 22:00:30.778 | WARNING  | src.modeling.feature_selection:try_remove:162 - ELIMINADA(S) 8 features ['event_type_1_enc', 'month_sin', 'rolling_max_lag4_window_size13', 'rolling_std_lag4_window_size13', 'rolling_mean_lag4_window_size13', 'days_since_thanksgiving', 'te_item_mean', 'rolling_mean_lag4_window_size26'] -> 93 features | regression_l2=9487.7724 | WRMSSE=0.5387
2026-09-09 22:00:36.929 | WARNING  | src.modeling.feature_selection:try_remove:162 - ELIMINADA(S) 'rolling_min_lag4_window_size4' -> 92 features | regression_l2=9449.7981 | WRMSSE=0.5425
2026-09-09 22:00:53.431 | WARNING  | src.modeling.feature_selection:try_remove:162 - ELIMINADA(S) 'month' -> 91 features | regression_l2=9264.6038 | WRMSSE=0.5326
2026-09-09 22:01:12.491 | WARNING  | src.modeling.feature_selection:try_remove:162 - ELIMINADA(S) 'days_to_event' -> 90 features | regression_l2=9181.6610 | WRMSSE=0.5284
2026-09-09 22:01:17.488 | WARNING  | src.modeling.feature_selection:try_remove:162 - ELIMINADA(S) 'te_dept_mean' -> 89 features | regression_l2=9181.6610 | WRMSSE=0.5284
2026-09-09 22:01:24.678 | WARNING  | src.modeling.feature_selection:try_remove:162 - ELIMINADA(S) 'te_cat_std' -> 88 features | regression_l2=9181.6610 | WRMSSE=0.5284
2026-09-09 22:01:41.181 | WARNING  | src.modeling.feature_selection:try_remove:162 - ELIMINADA(S) 'is_store_closed' -> 87 features | regression_l2=9181.6610 | WRMSSE=0.5284
2026-09-09 22:01:49.836 | WARNING  | src.modeling.feature_selection:try_remove:162 - ELIMINADA(S) 'event_type_2_enc' -> 86 features | regression_l2=9181.6610 | WRMSSE=0.5284
2026-09-09 22:01:58.241 | WARNING  | src.modeling.feature_selection:try_remove:162 - ELIMINADA(S) 'days_to_closure' -> 85 features | regression_l2=9181.6610 | WRMSSE=0.5284
2026-09-09 22:02:11.787 | WARNING  | src.modeling.feature_selection:try_remove:162 - ELIMINADA(S) 'is_likely_stockout' -> 84 features | regression_l2=9181.6610 | WRMSSE=0.5284
2026-09-09 22:02:16.583 | WARNING  | src.modeling.feature_selection:try_remove:162 - ELIMINADA(S) 'te_dept_std' -> 83 features | regression_l2=9181.6610 | WRMSSE=0.5284
2026-09-09 22:02:21.335 | WARNING  | src.modeling.feature_selection:try_remove:162 - ELIMINADA(S) 'item_id' -> 82 features | regression_l2=9181.6610 | WRMSSE=0.5284
2026-09-09 22:02:25.926 | WARNING  | src.modeling.feature_selection:try_remove:162 - ELIMINADA(S) 'zero_streak' -> 81 features | regression_l2=9181.6610 | WRMSSE=0.5284
2026-09-09 22:02:35.768 | WARNING  | src.modeling.feature_selection:try_remove:162 - ELIMINADA(S) 'year' -> 80 features | regression_l2=9181.6610 | WRMSSE=0.5284
2026-09-09 22:02:40.182 | WARNING  | src.modeling.feature_selection:try_remove:162 - ELIMINADA(S) 'is_weekend' -> 79 features | regression_l2=9181.6610 | WRMSSE=0.5284
2026-09-09 22:02:50.096 | WARNING  | src.modeling.feature_selection:try_remove:162 - ELIMINADA(S) 8 features ['is_month_start', 'dow_sin', 'has_event_2', 'dow_cos', 'event_type_2', 'event_name_2', 'store_id', 'cat_id'] -> 71 features | regression_l2=9181.6610 | WRMSSE=0.5284
2026-09-09 22:02:58.959 | WARNING  | src.modeling.feature_selection:try_remove:162 - ELIMINADA(S) 'dept_id' -> 70 features | regression_l2=9181.6610 | WRMSSE=0.5284
2026-09-09 22:03:03.259 | WARNING  | src.modeling.feature_selection:try_remove:162 - ELIMINADA(S) 'days_since_price_change' -> 69 features | regression_l2=9181.6610 | WRMSSE=0.5284
2026-09-09 22:03:07.416 | WARNING  | src.modeling.feature_selection:try_remove:162 - ELIMINADA(S) 'dayofweek' -> 68 features | regression_l2=9181.6610 | WRMSSE=0.5284
2026-09-09 22:03:09.311 | WARNING  | src.modeling.feature_selection:try_remove:162 - ELIMINADA(S) 'has_event' -> 67 features | regression_l2=9138.3237 | WRMSSE=0.5274
2026-09-09 22:03:54.822 | WARNING  | src.modeling.feature_selection:try_remove:162 - ELIMINADA(S) 'rolling_std_lag52_window_size13' -> 66 features | regression_l2=9012.3489 | WRMSSE=0.5243
2026-09-09 22:04:42.048 | WARNING  | src.modeling.feature_selection:try_remove:162 - ELIMINADA(S) 'rolling_std_lag52_window_size4' -> 65 features | regression_l2=8948.2179 | WRMSSE=0.5100
2026-09-09 22:05:39.653 | WARNING  | src.modeling.feature_selection:try_remove:162 - ELIMINADA(S) 8 features ['adi_expanding', 'lag22', 'event_type_1', 'lag39', 'day', 'rolling_mean_lag52_window_size13', 'lag1', 'lag3'] -> 57 features | regression_l2=8125.2151 | WRMSSE=0.4551
2026-09-09 22:06:05.464 | WARNING  | src.modeling.feature_selection:try_remove:162 - ELIMINADA(S) 'rolling_max_lag4_window_size4' -> 56 features | regression_l2=7951.1467 | WRMSSE=0.4544
2026-09-09 22:06:47.574 | WARNING  | src.modeling.feature_selection:try_remove:162 - ELIMINADA(S) 'is_month_end' -> 55 features | regression_l2=7950.8549 | WRMSSE=0.4547
2026-09-09 22:06:52.320 | WARNING  | src.modeling.feature_selection:try_remove:162 - ELIMINADA(S) 'pct_zero_28' -> 54 features | regression_l2=7950.8549 | WRMSSE=0.4547
2026-09-09 22:13:35.420 | INFO     | src.modeling.feature_selection:backward_feature_selection:189 - Seleccionadas 54/109 features | regression_l2 final: 7950.8549 | WRMSSE final: 0.4547
2026-09-09 22:13:35.422 | INFO     | scripts.train_dataset.refinement:select_features:114 - Features descartadas (55): ['adi_expanding', 'cat_id', 'day', 'dayofweek', 'days_since_price_change', 'days_since_thanksgiving', 'days_to_closure', 'days_to_event', 'dept_id', 'dow_cos', 'dow_sin', 'event_name_2', 'event_type_1', 'event_type_1_enc', 'event_type_2', 'event_type_2_enc', 'has_event', 'has_event_2', 'is_likely_stockout', 'is_month_end', 'is_month_start', 'is_store_closed', 'is_weekend', 'item_id', 'lag1', 'lag22', 'lag3', 'lag39', 'month', 'month_sin', 'pct_zero_28', 'price_lag_1', 'price_vs_max', 'rolling_max_lag1_window_size4', 'rolling_max_lag4_window_size13', 'rolling_max_lag4_window_size4', 'rolling_mean_lag1_window_size13', 'rolling_mean_lag1_window_size4', 'rolling_mean_lag4_window_size13', 'rolling_mean_lag4_window_size26', 'rolling_mean_lag52_window_size13', 'rolling_min_lag1_window_size13', 'rolling_min_lag1_window_size4', 'rolling_min_lag4_window_size4', 'rolling_std_lag4_window_size13', 'rolling_std_lag52_window_size13', 'rolling_std_lag52_window_size4', 'store_id', 'te_cat_std', 'te_dept_mean', 'te_dept_std', 'te_event_mean', 'te_item_mean', 'year', 'zero_streak']
2026-09-09 22:13:35.429 | INFO     | scripts.train_dataset.refinement:select_features:127 - Features finales: 54 (2 categóricas) | regression_l2=7950.8549 | WRMSSE=0.4547 (informativo)
2026-09-09 22:13:35.430 | INFO     | scripts.train_dataset.pipeline:run_pipeline:74 - Fase selección de features: 809.5s
2026-09-09 22:13:42.974 | INFO     | src.evaluation.reports:evaluate_predictions:58 - histgb (bench, selected features) [ML] | WAPE: 7.08% | WRMSSE: 0.4574  | fit: 7.48s
2026-09-09 22:13:43.434 | ERROR    | __main__:main:100 - Nivel 2 grain weekly falló, sigue con el resto.
Traceback (most recent call last):
  File "/home/njimenez/workspace/magister/forecast-tfm/scripts/train_dataset/__main__.py", line 98, in main
    run_pipeline(cfg)
  File "/home/njimenez/workspace/magister/forecast-tfm/scripts/train_dataset/pipeline.py", line 78, in run_pipeline
    run_shap(state, cfg, evaluate_model)
  File "/home/njimenez/workspace/magister/forecast-tfm/scripts/train_dataset/refinement.py", line 151, in run_shap
    shap_values = explainer.shap_values(X_shap)
  File "/home/njimenez/workspace/magister/forecast-tfm/.venv/lib/python3.13/site-packages/shap/explainers/_tree.py", line 669, in shap_values
    X, y, X_missing, flat_output, tree_limit, check_additivity = self._validate_inputs(
  File "/home/njimenez/workspace/magister/forecast-tfm/.venv/lib/python3.13/site-packages/shap/explainers/_tree.py", line 460, in _validate_inputs
    X = X.to_numpy(dtype=self.model.input_dtype, na_value=np.nan)
  File "/home/njimenez/workspace/magister/forecast-tfm/.venv/lib/python3.13/site-packages/pandas/core/frame.py", line 2081, in to_numpy
    result = self._mgr.as_array(dtype=dtype, copy=copy, na_value=na_value)
  File "/home/njimenez/workspace/magister/forecast-tfm/.venv/lib/python3.13/site-packages/pandas/core/internals/managers.py", line 1885, in as_array
    arr = self._interleave(dtype=dtype, na_value=na_value)
  File "/home/njimenez/workspace/magister/forecast-tfm/.venv/lib/python3.13/site-packages/pandas/core/internals/managers.py", line 1938, in _interleave
    arr = blk.values.to_numpy(  # type: ignore[union-attr]
  File "/home/njimenez/workspace/magister/forecast-tfm/.venv/lib/python3.13/site-packages/pandas/core/arrays/base.py", line 688, in to_numpy
    result = np.asarray(self, dtype=dtype)
  File "/home/njimenez/workspace/magister/forecast-tfm/.venv/lib/python3.13/site-packages/pandas/core/arrays/_mixins.py", line 83, in method
    return meth(self, *args, **kwargs)
  File "/home/njimenez/workspace/magister/forecast-tfm/.venv/lib/python3.13/site-packages/pandas/core/arrays/categorical.py", line 1752, in __array__
    return np.asarray(ret, dtype=dtype)
  File "/home/njimenez/workspace/magister/forecast-tfm/.venv/lib/python3.13/site-packages/pandas/core/arrays/arrow/array.py", line 863, in __array__
    return self.to_numpy(dtype=dtype, copy=copy)
  File "/home/njimenez/workspace/magister/forecast-tfm/.venv/lib/python3.13/site-packages/pandas/core/arrays/arrow/array.py", line 1746, in to_numpy
    result = result.astype(dtype, copy=False)
ValueError: could not convert string to float: 'CA'
2026-09-09 22:13:44.279 | INFO     | src.data.dataset:load_data:58 - level_03_daily_cat | target=sales | 5,823 filas | 191 features (9 categóricas)
2026-09-09 22:13:44.288 | INFO     | src.data.temporal_split:log_summary:41 - Train : 2011-01-29 to 2015-04-26 (1,549 days, 4,647 rows)
2026-09-09 22:13:44.288 | INFO     | src.data.temporal_split:log_summary:42 - Valid : 2015-04-27 to 2016-04-24 (364 days, 1,092 rows)
2026-09-09 22:13:44.288 | INFO     | src.data.temporal_split:log_summary:43 - Test  : 2016-04-25 to 2016-05-22 (28 days, 84 rows)
2026-09-09 22:13:44.561 | INFO     | src.data.dataset:split_data:119 - Features: 191 (9 categóricas)
2026-09-09 22:13:44.627 | INFO     | src.evaluation.reports:evaluate_predictions:58 - Seasonal naive (1d) [Naive] | WAPE: 17.17% | WRMSSE: 1.3286  | fit: 0.02s
2026-09-09 22:13:44.690 | INFO     | src.evaluation.reports:evaluate_predictions:58 - Seasonal naive (7d) [Naive] | WAPE: 12.89% | WRMSSE: 0.9854  | fit: 0.02s
2026-09-09 22:13:44.753 | INFO     | src.evaluation.reports:evaluate_predictions:58 - Seasonal naive (28d) [Naive] | WAPE: 11.37% | WRMSSE: 0.9179  | fit: 0.02s
2026-09-09 22:13:44.814 | INFO     | src.evaluation.reports:evaluate_predictions:58 - Seasonal naive (364d) [Naive] | WAPE: 11.54% | WRMSSE: 1.0240  | fit: 0.02s
2026-09-09 22:13:44.863 | INFO     | src.evaluation.reports:evaluate_predictions:58 -             Drift [Naive] | WAPE: 18.65% | WRMSSE: 1.4628  | fit: 0.01s
2026-09-09 22:13:44.907 | INFO     | src.evaluation.reports:evaluate_predictions:58 -   Historical mean [Naive] | WAPE: 18.79% | WRMSSE: 1.6687  | fit: 0.00s
2026-09-09 22:13:44.950 | INFO     | src.evaluation.reports:evaluate_predictions:58 - Moving average (7d) [Naive] | WAPE: 15.49% | WRMSSE: 1.3321  | fit: 0.00s
2026-09-09 22:13:44.993 | INFO     | src.evaluation.reports:evaluate_predictions:58 - Moving average (14d) [Naive] | WAPE: 14.67% | WRMSSE: 1.2835  | fit: 0.00s
2026-09-09 22:13:45.037 | INFO     | src.evaluation.reports:evaluate_predictions:58 - Moving average (21d) [Naive] | WAPE: 14.02% | WRMSSE: 1.2219  | fit: 0.00s
2026-09-09 22:13:45.082 | INFO     | src.evaluation.reports:evaluate_predictions:58 - Moving average (28d) [Naive] | WAPE: 13.83% | WRMSSE: 1.2003  | fit: 0.00s
2026-09-09 22:13:45.127 | INFO     | src.evaluation.reports:evaluate_predictions:58 - Moving average (35d) [Naive] | WAPE: 14.18% | WRMSSE: 1.2374  | fit: 0.00s
2026-09-09 22:13:45.127 | INFO     | scripts.train_dataset.pipeline:run_pipeline:51 - Fase naive: 0.6s
2026-09-09 22:13:51.984 | INFO     | src.evaluation.reports:evaluate_predictions:58 -      SARIMA [Statistical] | WAPE: 15.83% | WRMSSE: 1.1786  | fit: 6.80s
2026-09-09 22:13:55.497 | INFO     | src.evaluation.reports:evaluate_predictions:58 - ETS (Holt-Winters) [Statistical] | WAPE: 10.57% | WRMSSE: 0.8367  | fit: 3.46s
2026-09-09 22:13:55.677 | INFO     | src.evaluation.reports:evaluate_predictions:58 -       Theta [Statistical] | WAPE: 10.31% | WRMSSE: 0.8353  | fit: 0.12s
2026-09-09 22:14:17.414 | INFO     | src.evaluation.reports:evaluate_predictions:58 -       TBATS [Statistical] | WAPE: 14.95% | WRMSSE: 1.0978  | fit: 21.67s
2026-09-09 22:14:19.767 | INFO     | src.evaluation.reports:evaluate_predictions:58 -     Prophet [Statistical] | WAPE: 11.09% | WRMSSE: 0.8639  | fit: 2.28s
2026-09-09 22:14:19.768 | INFO     | scripts.train_dataset.pipeline:run_pipeline:56 - Fase estadísticos clásicos: 34.6s
2026-09-09 22:14:19.769 | INFO     | scripts.train_dataset.benchmarking:run_bench_ml:67 - Bench ML: familia 1/5 -- lightgbm
2026-09-09 22:15:16.207 | INFO     | src.evaluation.reports:evaluate_predictions:58 -     lightgbm (bench) [ML] | WAPE: 16.07% | WRMSSE: 1.3763  | fit: 56.34s
2026-09-09 22:15:16.207 | INFO     | scripts.train_dataset.benchmarking:run_bench_ml:67 - Bench ML: familia 2/5 -- xgboost
2026-09-09 22:15:22.441 | INFO     | src.evaluation.reports:evaluate_predictions:58 -      xgboost (bench) [ML] | WAPE: 13.21% | WRMSSE: 1.1706  | fit: 6.16s
2026-09-09 22:15:22.441 | INFO     | scripts.train_dataset.benchmarking:run_bench_ml:67 - Bench ML: familia 3/5 -- catboost
2026-09-09 22:15:25.337 | INFO     | src.evaluation.reports:evaluate_predictions:58 -     catboost (bench) [ML] | WAPE: 40.16% | WRMSSE: 2.6272  | fit: 2.83s
2026-09-09 22:15:25.337 | INFO     | scripts.train_dataset.benchmarking:run_bench_ml:67 - Bench ML: familia 4/5 -- histgb
2026-09-09 22:15:40.219 | INFO     | src.evaluation.reports:evaluate_predictions:58 -       histgb (bench) [ML] | WAPE: 34.79% | WRMSSE: 2.7825  | fit: 14.73s
2026-09-09 22:15:40.220 | INFO     | scripts.train_dataset.benchmarking:run_bench_ml:67 - Bench ML: familia 5/5 -- ridge
2026-09-09 22:15:40.526 | INFO     | src.evaluation.reports:evaluate_predictions:58 -        ridge (bench) [ML] | WAPE: 25.40% | WRMSSE: 2.0200  | fit: 0.19s
2026-09-09 22:15:40.526 | SUCCESS  | scripts.train_dataset.benchmarking:pick_winner:94 - Modelo ganador (bench, 4 familias tree-based comparadas): xgboost | regression_l2=2313.8000
2026-09-09 22:15:40.527 | INFO     | scripts.train_dataset.pipeline:run_pipeline:62 - Fase bench ML (5 familias, sin Optuna): 80.8s
2026-09-09 22:15:40.531 | INFO     | scripts.train_dataset.refinement:select_features:88 - Top 10 gain importance (xgboost):
cat_id                            1.634078e+10
te_weekend_mean                   6.065380e+08
lag28                             4.646560e+08
rolling_mean_lag1_window_size7    1.559557e+08
lag7                              1.013154e+08
lag182                            7.131342e+07
lag14                             4.509139e+07
lag91                             2.688969e+07
lag1                              2.567044e+07
lag27                             2.414818e+07
dtype: float64
2026-09-09 22:15:58.781 | INFO     | scripts.train_dataset.refinement:select_features:95 - Top 10 permutation importance (xgboost):
cat_id                             6356.744922
te_weekend_mean                    1897.662305
lag28                               813.219434
event_name_1                        209.624316
lag364                              139.513867
rolling_std_lag28_window_size28     121.009863
day                                 102.972852
lag27                               101.183643
lag182                               99.774902
dayofweek                            73.250732
dtype: float64
2026-09-09 22:16:02.054 | INFO     | src.modeling.feature_selection:backward_feature_selection:139 - Baseline (191 features): regression_l2=2313.8000 | WRMSSE=1.1706 (informativo)
2026-09-09 22:16:05.901 | WARNING  | src.modeling.feature_selection:try_remove:162 - ELIMINADA(S) 8 features ['lag22', 'rolling_mean_lag364_window_size28', 'price_vs_max', 'days_to_thanksgiving', 'rolling_mean_lag364_window_size91', 'doy_cos', 'lag26', 'rolling_min_lag364_window_size28'] -> 183 features | regression_l2=1936.5708 | WRMSSE=0.9517
2026-09-09 22:16:45.665 | WARNING  | src.modeling.feature_selection:try_remove:162 - ELIMINADA(S) 'rolling_mean_lag91_window_size91' -> 182 features | regression_l2=1805.0844 | WRMSSE=0.8340
2026-09-09 22:17:17.206 | WARNING  | src.modeling.feature_selection:try_remove:162 - ELIMINADA(S) 'lag25' -> 181 features | regression_l2=1690.5441 | WRMSSE=0.8010
2026-09-09 22:21:40.669 | WARNING  | src.modeling.feature_selection:try_remove:162 - ELIMINADA(S) 'rolling_min_lag2_window_size7' -> 180 features | regression_l2=1690.5441 | WRMSSE=0.8010
2026-09-09 22:21:49.721 | WARNING  | src.modeling.feature_selection:try_remove:162 - ELIMINADA(S) 'item_id' -> 179 features | regression_l2=1690.5441 | WRMSSE=0.8010
2026-09-09 22:21:55.768 | WARNING  | src.modeling.feature_selection:try_remove:162 - ELIMINADA(S) 'days_since_release' -> 178 features | regression_l2=1647.6809 | WRMSSE=0.7677
2026-09-09 22:22:11.941 | WARNING  | src.modeling.feature_selection:try_remove:162 - ELIMINADA(S) 'snap' -> 177 features | regression_l2=1647.6809 | WRMSSE=0.7677
2026-09-09 22:22:20.788 | WARNING  | src.modeling.feature_selection:try_remove:162 - ELIMINADA(S) 'pct_zero_90' -> 176 features | regression_l2=1647.6809 | WRMSSE=0.7677
2026-09-09 22:22:28.875 | WARNING  | src.modeling.feature_selection:try_remove:162 - ELIMINADA(S) 'has_event_2' -> 175 features | regression_l2=1647.6809 | WRMSSE=0.7677
2026-09-09 22:22:36.943 | WARNING  | src.modeling.feature_selection:try_remove:162 - ELIMINADA(S) 'pct_zero_28' -> 174 features | regression_l2=1647.6809 | WRMSSE=0.7677
2026-09-09 22:22:44.898 | WARNING  | src.modeling.feature_selection:try_remove:162 - ELIMINADA(S) 'days_since_price_change' -> 173 features | regression_l2=1647.6809 | WRMSSE=0.7677
2026-09-09 22:22:51.917 | WARNING  | src.modeling.feature_selection:try_remove:162 - ELIMINADA(S) 'has_event' -> 172 features | regression_l2=1647.6809 | WRMSSE=0.7677
2026-09-09 22:22:55.439 | WARNING  | src.modeling.feature_selection:try_remove:162 - ELIMINADA(S) 'is_weekend' -> 171 features | regression_l2=1647.6809 | WRMSSE=0.7677
2026-09-09 22:23:04.217 | WARNING  | src.modeling.feature_selection:try_remove:162 - ELIMINADA(S) 'quarter' -> 170 features | regression_l2=1647.6809 | WRMSSE=0.7677
2026-09-09 22:23:07.820 | WARNING  | src.modeling.feature_selection:try_remove:162 - ELIMINADA(S) 'year' -> 169 features | regression_l2=1647.6555 | WRMSSE=0.7677
2026-09-09 22:23:11.112 | WARNING  | src.modeling.feature_selection:try_remove:162 - ELIMINADA(S) 'is_likely_stockout' -> 168 features | regression_l2=1647.6555 | WRMSSE=0.7677
2026-09-09 22:23:14.666 | WARNING  | src.modeling.feature_selection:try_remove:162 - ELIMINADA(S) 'te_dept_std' -> 167 features | regression_l2=1647.6555 | WRMSSE=0.7677
2026-09-09 22:23:18.057 | WARNING  | src.modeling.feature_selection:try_remove:162 - ELIMINADA(S) 'is_month_start' -> 166 features | regression_l2=1647.6555 | WRMSSE=0.7677
2026-09-09 22:23:22.144 | WARNING  | src.modeling.feature_selection:try_remove:162 - ELIMINADA(S) 'event_name_2' -> 165 features | regression_l2=1647.6555 | WRMSSE=0.7677
2026-09-09 22:23:25.439 | WARNING  | src.modeling.feature_selection:try_remove:162 - ELIMINADA(S) 'is_store_closed' -> 164 features | regression_l2=1647.6555 | WRMSSE=0.7677
2026-09-09 22:23:31.178 | WARNING  | src.modeling.feature_selection:try_remove:162 - ELIMINADA(S) 'event_type_2_enc' -> 163 features | regression_l2=1636.9804 | WRMSSE=0.7599
2026-09-09 22:23:34.673 | WARNING  | src.modeling.feature_selection:try_remove:162 - ELIMINADA(S) 'state_id' -> 162 features | regression_l2=1636.9804 | WRMSSE=0.7599
2026-09-09 22:23:38.416 | WARNING  | src.modeling.feature_selection:try_remove:162 - ELIMINADA(S) 'event_type_1_enc' -> 161 features | regression_l2=1636.9804 | WRMSSE=0.7599
2026-09-09 22:23:41.897 | WARNING  | src.modeling.feature_selection:try_remove:162 - ELIMINADA(S) 'store_id' -> 160 features | regression_l2=1636.9804 | WRMSSE=0.7599
2026-09-09 22:23:45.484 | WARNING  | src.modeling.feature_selection:try_remove:162 - ELIMINADA(S) 'dept_id' -> 159 features | regression_l2=1636.9804 | WRMSSE=0.7599
2026-09-09 22:23:48.582 | WARNING  | src.modeling.feature_selection:try_remove:162 - ELIMINADA(S) 'event_type_2' -> 158 features | regression_l2=1630.2021 | WRMSSE=0.7569
2026-09-09 22:24:17.277 | WARNING  | src.modeling.feature_selection:try_remove:162 - ELIMINADA(S) 'rolling_max_lag5_window_size14' -> 157 features | regression_l2=1630.2021 | WRMSSE=0.7569
2026-09-09 22:24:58.075 | WARNING  | src.modeling.feature_selection:try_remove:162 - ELIMINADA(S) 'rolling_mean_lag1_window_size14' -> 156 features | regression_l2=1617.1957 | WRMSSE=0.7484
2026-09-09 22:34:29.941 | WARNING  | src.modeling.feature_selection:try_remove:162 - ELIMINADA(S) 'rolling_min_lag4_window_size14' -> 155 features | regression_l2=1617.1957 | WRMSSE=0.7484
2026-09-09 22:34:36.023 | WARNING  | src.modeling.feature_selection:try_remove:162 - ELIMINADA(S) 'rolling_max_lag4_window_size14' -> 154 features | regression_l2=1605.6325 | WRMSSE=0.7473
2026-09-09 22:53:41.519 | INFO     | src.modeling.feature_selection:backward_feature_selection:189 - Seleccionadas 154/191 features | regression_l2 final: 1605.6325 | WRMSSE final: 0.7473
2026-09-09 22:53:41.523 | INFO     | scripts.train_dataset.refinement:select_features:114 - Features descartadas (37): ['days_since_price_change', 'days_since_release', 'days_to_thanksgiving', 'dept_id', 'doy_cos', 'event_name_2', 'event_type_1_enc', 'event_type_2', 'event_type_2_enc', 'has_event', 'has_event_2', 'is_likely_stockout', 'is_month_start', 'is_store_closed', 'is_weekend', 'item_id', 'lag22', 'lag25', 'lag26', 'pct_zero_28', 'pct_zero_90', 'price_vs_max', 'quarter', 'rolling_max_lag4_window_size14', 'rolling_max_lag5_window_size14', 'rolling_mean_lag1_window_size14', 'rolling_mean_lag364_window_size28', 'rolling_mean_lag364_window_size91', 'rolling_mean_lag91_window_size91', 'rolling_min_lag2_window_size7', 'rolling_min_lag364_window_size28', 'rolling_min_lag4_window_size14', 'snap', 'state_id', 'store_id', 'te_dept_std', 'year']
2026-09-09 22:53:41.537 | INFO     | scripts.train_dataset.refinement:select_features:127 - Features finales: 154 (3 categóricas) | regression_l2=1605.6325 | WRMSSE=0.7473 (informativo)
2026-09-09 22:53:41.538 | INFO     | scripts.train_dataset.pipeline:run_pipeline:74 - Fase selección de features: 2281.0s
2026-09-09 22:54:01.462 | INFO     | src.evaluation.reports:evaluate_predictions:58 - xgboost (bench, selected features) [ML] | WAPE: 8.37% | WRMSSE: 0.7473  | fit: 19.86s
2026-09-09 22:54:03.139 | INFO     | scripts.train_dataset.refinement:run_shap:173 - SHAP (xgboost): feature más importante = cat_id | plots guardados en /home/njimenez/workspace/magister/forecast-tfm/artifacts/plots
2026-09-09 22:54:03.140 | INFO     | scripts.train_dataset.pipeline:run_pipeline:79 - Fase SHAP: 21.6s
2026-09-09 22:54:03.229 | INFO     | scripts.train_dataset.refinement:tune_optuna_family:60 - [xgboost] Optuna arrancando: hasta 100 trials (timeout 120s) -- study 'study_level_03_daily_cat_sales_final_xgboost'
2026-09-09 22:56:08.704 | INFO     | scripts.train_dataset.refinement:tune_optuna_family:70 - [xgboost] Optuna terminó -- elige hiperparámetros por regression_l2 (no por WRMSSE): mejor regression_l2 = 1682.9757 | WRMSSE de ESE trial: 0.7851 (solo referencia, puede no ser el mínimo posible; el WRMSSE definitivo se reporta abajo, tras reentrenar con estos hiperparámetros)
2026-09-09 22:56:08.707 | INFO     | scripts.train_dataset.refinement:tune_optuna_family:76 - [xgboost] Mejores hiperparámetros: {'learning_rate': 0.031707193242141093, 'max_depth': 10, 'min_child_weight': 3.939675937754721, 'subsample': 0.8650089137415928, 'colsample_bytree': 0.7246844304357644, 'reg_alpha': 0.08389112347840598, 'reg_lambda': 0.105260377776104}
2026-09-09 22:56:08.709 | INFO     | scripts.train_dataset.pipeline:run_pipeline:85 - Fase Optuna final: 125.6s
2026-09-09 22:56:31.933 | INFO     | scripts.train_dataset.refinement:fit_final_model:222 - CV (1 folds) best_iteration: [249] -> n_estimators final = 249
2026-09-09 22:56:32.002 | INFO     | src.evaluation.reports:evaluate_predictions:58 - xgboost (final, Optuna) [ML] | WAPE: 8.62% | WRMSSE: 0.7851  | fit: 23.25s
2026-09-09 22:57:11.044 | INFO     | scripts.train_dataset.refinement:fit_final_model:243 - Test WAPE: 6.86% | Test WRMSSE: 0.5635
2026-09-09 22:57:14.487 | INFO     | scripts.train_dataset.benchmarking:save_model_comparison:115 - Comparación de modelos guardada en /home/njimenez/workspace/magister/forecast-tfm/artifacts/results
2026-09-09 22:57:15.085 | SUCCESS  | scripts.train_dataset.export:export_artifact:109 - Artifact guardado en /home/njimenez/workspace/magister/forecast-tfm/artifacts/models/level_03_daily_cat_sales_artifact.pkl (modelo: xgboost)
2026-09-09 22:57:15.333 | SUCCESS  | scripts.train_dataset.export:export_artifact:119 - Versión 20260910T015715Z registrada en registry.json
2026-09-09 22:57:15.336 | INFO     | scripts.train_dataset.pipeline:run_pipeline:93 - Pipeline completo (level_03_daily_cat/sales) en 2611.1s
2026-09-09 22:57:15.626 | INFO     | src.data.dataset:load_data:58 - level_03_weekly_cat | target=sales | 834 filas | 109 features (9 categóricas)
2026-09-09 22:57:15.634 | INFO     | src.data.temporal_split:log_summary:41 - Train : 2011-01-29 to 2015-04-20 (1,549 days, 666 rows)
2026-09-09 22:57:15.635 | INFO     | src.data.temporal_split:log_summary:42 - Valid : 2015-04-27 to 2016-04-18 (364 days, 156 rows)
2026-09-09 22:57:15.635 | INFO     | src.data.temporal_split:log_summary:43 - Test  : 2016-04-25 to 2016-05-16 (22 days, 12 rows)
2026-09-09 22:57:15.961 | INFO     | src.data.dataset:split_data:119 - Features: 109 (9 categóricas)
2026-09-09 22:57:16.025 | INFO     | src.evaluation.reports:evaluate_predictions:58 - Seasonal naive (1w) [Naive] | WAPE: 11.70% | WRMSSE: 0.6936  | fit: 0.01s
2026-09-09 22:57:16.084 | INFO     | src.evaluation.reports:evaluate_predictions:58 - Seasonal naive (4w) [Naive] | WAPE: 8.58% | WRMSSE: 0.5569  | fit: 0.01s
2026-09-09 22:57:16.148 | INFO     | src.evaluation.reports:evaluate_predictions:58 - Seasonal naive (52w) [Naive] | WAPE: 9.62% | WRMSSE: 0.7241  | fit: 0.01s
2026-09-09 22:57:16.212 | INFO     | src.evaluation.reports:evaluate_predictions:58 -             Drift [Naive] | WAPE: 7.38% | WRMSSE: 0.4993  | fit: 0.02s
2026-09-09 22:57:16.262 | INFO     | src.evaluation.reports:evaluate_predictions:58 -   Historical mean [Naive] | WAPE: 18.03% | WRMSSE: 1.2471  | fit: 0.00s
2026-09-09 22:57:16.318 | INFO     | src.evaluation.reports:evaluate_predictions:58 - Moving average (2w) [Naive] | WAPE: 10.33% | WRMSSE: 0.6455  | fit: 0.00s
2026-09-09 22:57:16.376 | INFO     | src.evaluation.reports:evaluate_predictions:58 - Moving average (3w) [Naive] | WAPE: 8.66% | WRMSSE: 0.5530  | fit: 0.01s
2026-09-09 22:57:16.433 | INFO     | src.evaluation.reports:evaluate_predictions:58 - Moving average (4w) [Naive] | WAPE: 8.05% | WRMSSE: 0.5201  | fit: 0.01s
2026-09-09 22:57:16.488 | INFO     | src.evaluation.reports:evaluate_predictions:58 - Moving average (6w) [Naive] | WAPE: 9.51% | WRMSSE: 0.5983  | fit: 0.01s
2026-09-09 22:57:16.541 | INFO     | src.evaluation.reports:evaluate_predictions:58 - Moving average (8w) [Naive] | WAPE: 8.72% | WRMSSE: 0.5611  | fit: 0.01s
2026-09-09 22:57:16.542 | INFO     | scripts.train_dataset.pipeline:run_pipeline:51 - Fase naive: 0.6s
2026-09-09 22:57:43.764 | INFO     | src.evaluation.reports:evaluate_predictions:58 -      SARIMA [Statistical] | WAPE: 11.61% | WRMSSE: 1.6189  | fit: 27.18s
2026-09-09 22:57:47.017 | INFO     | src.evaluation.reports:evaluate_predictions:58 - ETS (Holt-Winters) [Statistical] | WAPE: 5.71% | WRMSSE: 0.4079  | fit: 3.22s
2026-09-09 22:57:47.105 | INFO     | src.evaluation.reports:evaluate_predictions:58 -       Theta [Statistical] | WAPE: 6.29% | WRMSSE: 0.4548  | fit: 0.06s
2026-09-09 22:58:04.268 | INFO     | src.evaluation.reports:evaluate_predictions:58 -       TBATS [Statistical] | WAPE: 11.30% | WRMSSE: 0.7403  | fit: 17.11s
2026-09-09 22:58:04.805 | INFO     | src.evaluation.reports:evaluate_predictions:58 -     Prophet [Statistical] | WAPE: 8.90% | WRMSSE: 0.6558  | fit: 0.49s
2026-09-09 22:58:04.805 | INFO     | scripts.train_dataset.pipeline:run_pipeline:56 - Fase estadísticos clásicos: 48.3s
2026-09-09 22:58:04.806 | INFO     | scripts.train_dataset.benchmarking:run_bench_ml:67 - Bench ML: familia 1/5 -- lightgbm
2026-09-09 22:58:05.227 | INFO     | src.evaluation.reports:evaluate_predictions:58 -     lightgbm (bench) [ML] | WAPE: 9.87% | WRMSSE: 0.7855  | fit: 0.38s
2026-09-09 22:58:05.227 | INFO     | scripts.train_dataset.benchmarking:run_bench_ml:67 - Bench ML: familia 2/5 -- xgboost
2026-09-09 22:58:06.340 | INFO     | src.evaluation.reports:evaluate_predictions:58 -      xgboost (bench) [ML] | WAPE: 7.68% | WRMSSE: 0.5779  | fit: 1.04s
2026-09-09 22:58:06.340 | INFO     | scripts.train_dataset.benchmarking:run_bench_ml:67 - Bench ML: familia 3/5 -- catboost
2026-09-09 22:58:08.807 | INFO     | src.evaluation.reports:evaluate_predictions:58 -     catboost (bench) [ML] | WAPE: 19.77% | WRMSSE: 1.1411  | fit: 2.42s
2026-09-09 22:58:08.807 | INFO     | scripts.train_dataset.benchmarking:run_bench_ml:67 - Bench ML: familia 4/5 -- histgb
2026-09-09 22:58:12.666 | INFO     | src.evaluation.reports:evaluate_predictions:58 -       histgb (bench) [ML] | WAPE: 8.41% | WRMSSE: 0.5746  | fit: 3.81s
2026-09-09 22:58:12.666 | INFO     | scripts.train_dataset.benchmarking:run_bench_ml:67 - Bench ML: familia 5/5 -- ridge
2026-09-09 22:58:12.721 | INFO     | src.evaluation.reports:evaluate_predictions:58 -        ridge (bench) [ML] | WAPE: 18.97% | WRMSSE: 1.3686  | fit: 0.01s
2026-09-09 22:58:12.721 | SUCCESS  | scripts.train_dataset.benchmarking:pick_winner:94 - Modelo ganador (bench, 4 familias tree-based comparadas): xgboost | regression_l2=10581.8771
2026-09-09 22:58:12.722 | INFO     | scripts.train_dataset.pipeline:run_pipeline:62 - Fase bench ML (5 familias, sin Optuna): 7.9s
2026-09-09 22:58:12.725 | INFO     | scripts.train_dataset.refinement:select_features:88 - Top 10 gain importance (xgboost):
te_weekend_mean                  1.143151e+11
te_cat_mean                      9.218732e+09
cat_id                           3.781035e+09
lag52                            1.944182e+09
lag4                             7.815541e+08
expanding_mean_lag13             5.382193e+08
rolling_max_lag1_window_size4    4.172520e+08
event_name_1                     4.081000e+08
te_snap_mean                     2.610161e+08
lag1                             2.091879e+08
dtype: float64
2026-09-09 22:58:17.753 | INFO     | scripts.train_dataset.refinement:select_features:95 - Top 10 permutation importance (xgboost):
te_weekend_mean         40607.910352
event_name_1            11194.182227
cat_id                  10614.124023
te_cat_mean              4922.991602
lag4                     4723.683203
lag52                    3460.102148
day                      1176.571875
lag26                    1119.268555
expanding_mean_lag13      546.819141
lag1                      374.927148
dtype: float64
2026-09-09 22:58:18.813 | INFO     | src.modeling.feature_selection:backward_feature_selection:139 - Baseline (109 features): regression_l2=10581.8771 | WRMSSE=0.5779 (informativo)
2026-09-09 22:58:24.555 | WARNING  | src.modeling.feature_selection:try_remove:162 - ELIMINADA(S) 'lag22' -> 108 features | regression_l2=10049.0114 | WRMSSE=0.5715
2026-09-09 22:58:28.698 | WARNING  | src.modeling.feature_selection:try_remove:162 - ELIMINADA(S) 'lag2' -> 107 features | regression_l2=9761.7784 | WRMSSE=0.5440
2026-09-09 22:58:39.743 | WARNING  | src.modeling.feature_selection:try_remove:162 - ELIMINADA(S) 8 features ['rolling_max_lag52_window_size13', 'rolling_min_lag4_window_size4', 'rolling_std_lag13_window_size13', 'rolling_min_lag13_window_size13', 'rolling_min_lag52_window_size4', 'doy_sin', 'rolling_min_lag4_window_size13', 'te_item_std'] -> 99 features | regression_l2=9533.6780 | WRMSSE=0.4848
2026-09-09 22:59:29.244 | WARNING  | src.modeling.feature_selection:try_remove:162 - ELIMINADA(S) 'month' -> 98 features | regression_l2=9533.3836 | WRMSSE=0.4848
2026-09-09 22:59:34.756 | WARNING  | src.modeling.feature_selection:try_remove:162 - ELIMINADA(S) 'rolling_mean_lag52_window_size4' -> 97 features | regression_l2=9439.7370 | WRMSSE=0.4184
2026-09-09 22:59:36.230 | WARNING  | src.modeling.feature_selection:try_remove:162 - ELIMINADA(S) 'days_to_event' -> 96 features | regression_l2=9408.6193 | WRMSSE=0.4337
2026-09-09 22:59:50.968 | WARNING  | src.modeling.feature_selection:try_remove:162 - ELIMINADA(S) 8 features ['rolling_max_lag13_window_size26', 'days_to_newyear', 'pct_zero_28', 'is_likely_stockout', 'rolling_min_lag1_window_size13', 'te_dept_std', 'is_store_closed', 'item_id'] -> 88 features | regression_l2=8964.5245 | WRMSSE=0.4025
2026-09-09 22:59:55.700 | WARNING  | src.modeling.feature_selection:try_remove:162 - ELIMINADA(S) 'event_type_1_enc' -> 87 features | regression_l2=8964.5245 | WRMSSE=0.4025
2026-09-09 22:59:58.475 | WARNING  | src.modeling.feature_selection:try_remove:162 - ELIMINADA(S) 'dept_id' -> 86 features | regression_l2=8964.5245 | WRMSSE=0.4025
2026-09-09 23:00:01.286 | WARNING  | src.modeling.feature_selection:try_remove:162 - ELIMINADA(S) 'store_id' -> 85 features | regression_l2=8964.5245 | WRMSSE=0.4025
2026-09-09 23:00:03.882 | WARNING  | src.modeling.feature_selection:try_remove:162 - ELIMINADA(S) 'state_id' -> 84 features | regression_l2=8964.5245 | WRMSSE=0.4025
2026-09-09 23:00:08.728 | WARNING  | src.modeling.feature_selection:try_remove:162 - ELIMINADA(S) 'event_type_2' -> 83 features | regression_l2=8964.5245 | WRMSSE=0.4025
2026-09-09 23:00:14.179 | WARNING  | src.modeling.feature_selection:try_remove:162 - ELIMINADA(S) 'has_event_2' -> 82 features | regression_l2=8964.5245 | WRMSSE=0.4025
2026-09-09 23:00:19.563 | WARNING  | src.modeling.feature_selection:try_remove:162 - ELIMINADA(S) 'snap' -> 81 features | regression_l2=8964.5245 | WRMSSE=0.4025
2026-09-09 23:00:24.770 | WARNING  | src.modeling.feature_selection:try_remove:162 - ELIMINADA(S) 'event_type_2_enc' -> 80 features | regression_l2=8964.5245 | WRMSSE=0.4025
2026-09-09 23:00:27.436 | WARNING  | src.modeling.feature_selection:try_remove:162 - ELIMINADA(S) 'dayofweek' -> 79 features | regression_l2=8964.5245 | WRMSSE=0.4025
2026-09-09 23:00:30.113 | WARNING  | src.modeling.feature_selection:try_remove:162 - ELIMINADA(S) 'is_weekend' -> 78 features | regression_l2=8964.5245 | WRMSSE=0.4025
2026-09-09 23:00:41.607 | WARNING  | src.modeling.feature_selection:try_remove:162 - ELIMINADA(S) 'is_month_start' -> 77 features | regression_l2=8964.5245 | WRMSSE=0.4025
2026-09-09 23:00:48.110 | WARNING  | src.modeling.feature_selection:try_remove:162 - ELIMINADA(S) 'zero_streak' -> 76 features | regression_l2=8964.5245 | WRMSSE=0.4025
2026-09-09 23:00:56.286 | WARNING  | src.modeling.feature_selection:try_remove:162 - ELIMINADA(S) 'dow_sin' -> 75 features | regression_l2=8964.5245 | WRMSSE=0.4025
2026-09-09 23:01:08.186 | WARNING  | src.modeling.feature_selection:try_remove:162 - ELIMINADA(S) 'days_since_price_change' -> 74 features | regression_l2=8964.5245 | WRMSSE=0.4025
2026-09-09 23:01:14.774 | WARNING  | src.modeling.feature_selection:try_remove:162 - ELIMINADA(S) 'dow_cos' -> 73 features | regression_l2=8964.5245 | WRMSSE=0.4025
2026-09-09 23:01:21.896 | WARNING  | src.modeling.feature_selection:try_remove:162 - ELIMINADA(S) 'rolling_min_lag13_window_size26' -> 72 features | regression_l2=8844.0428 | WRMSSE=0.4017
2026-09-09 23:01:45.524 | WARNING  | src.modeling.feature_selection:try_remove:162 - ELIMINADA(S) 8 features ['rolling_std_lag4_window_size13', 'days_to_thanksgiving', 'price_lag_1', 'rolling_mean_lag13_window_size26', 'rolling_mean_lag1_window_size4', 'doy_cos', 'price_volatility', 'is_month_end'] -> 64 features | regression_l2=8404.7873 | WRMSSE=0.4093
2026-09-09 23:01:51.081 | WARNING  | src.modeling.feature_selection:try_remove:162 - ELIMINADA(S) 'rolling_std_lag4_window_size4' -> 63 features | regression_l2=8194.7322 | WRMSSE=0.4129
2026-09-09 23:02:12.121 | WARNING  | src.modeling.feature_selection:try_remove:162 - ELIMINADA(S) 'avg_sell_price' -> 62 features | regression_l2=8120.6743 | WRMSSE=0.4503
2026-09-09 23:03:05.504 | WARNING  | src.modeling.feature_selection:try_remove:162 - ELIMINADA(S) 'te_item_mean' -> 61 features | regression_l2=8014.0573 | WRMSSE=0.4392
2026-09-09 23:03:22.732 | WARNING  | src.modeling.feature_selection:try_remove:162 - ELIMINADA(S) 'pct_zero_90' -> 60 features | regression_l2=8002.2437 | WRMSSE=0.4376
2026-09-09 23:03:28.137 | WARNING  | src.modeling.feature_selection:try_remove:162 - ELIMINADA(S) 'month_cos' -> 59 features | regression_l2=7909.6461 | WRMSSE=0.4394
2026-09-09 23:03:35.094 | WARNING  | src.modeling.feature_selection:try_remove:162 - ELIMINADA(S) 'rolling_mean_lag13_window_size13' -> 58 features | regression_l2=7789.7287 | WRMSSE=0.4371
2026-09-09 23:03:40.659 | WARNING  | src.modeling.feature_selection:try_remove:162 - ELIMINADA(S) 'event_type_1' -> 57 features | regression_l2=7778.6114 | WRMSSE=0.4370
2026-09-09 23:04:31.046 | WARNING  | src.modeling.feature_selection:try_remove:162 - ELIMINADA(S) 'event_name_2' -> 56 features | regression_l2=7778.6114 | WRMSSE=0.4370
2026-09-09 23:04:49.984 | WARNING  | src.modeling.feature_selection:try_remove:162 - ELIMINADA(S) 'year' -> 55 features | regression_l2=7778.4495 | WRMSSE=0.4369
2026-09-09 23:04:59.089 | WARNING  | src.modeling.feature_selection:try_remove:162 - ELIMINADA(S) 'rolling_mean_lag4_window_size13' -> 54 features | regression_l2=7735.7203 | WRMSSE=0.4385
2026-09-09 23:05:17.828 | WARNING  | src.modeling.feature_selection:try_remove:162 - ELIMINADA(S) 'rolling_mean_lag1_window_size13' -> 53 features | regression_l2=7662.3249 | WRMSSE=0.4289
2026-09-09 23:07:01.655 | WARNING  | src.modeling.feature_selection:try_remove:162 - ELIMINADA(S) 8 features ['rolling_min_lag52_window_size13', 'days_to_closure', 'rolling_max_lag4_window_size4', 'te_dept_mean', 'rolling_mean_lag4_window_size26', 'rolling_std_lag1_window_size13', 'month_sin', 'has_event'] -> 45 features | regression_l2=7477.7349 | WRMSSE=0.4047
2026-09-09 23:07:07.437 | WARNING  | src.modeling.feature_selection:try_remove:162 - ELIMINADA(S) 'quarter' -> 44 features | regression_l2=7477.4575 | WRMSSE=0.4047
2026-09-09 23:08:32.594 | WARNING  | src.modeling.feature_selection:try_remove:162 - ELIMINADA(S) 'te_cat_mean' -> 43 features | regression_l2=7467.3417 | WRMSSE=0.4288
2026-09-09 23:08:36.710 | WARNING  | src.modeling.feature_selection:try_remove:162 - ELIMINADA(S) 'price_vs_max' -> 42 features | regression_l2=7112.0970 | WRMSSE=0.4032
2026-09-09 23:09:42.368 | INFO     | src.modeling.feature_selection:backward_feature_selection:189 - Seleccionadas 42/109 features | regression_l2 final: 7112.0970 | WRMSSE final: 0.4032
2026-09-09 23:09:42.372 | INFO     | scripts.train_dataset.refinement:select_features:114 - Features descartadas (67): ['avg_sell_price', 'dayofweek', 'days_since_price_change', 'days_to_closure', 'days_to_event', 'days_to_newyear', 'days_to_thanksgiving', 'dept_id', 'dow_cos', 'dow_sin', 'doy_cos', 'doy_sin', 'event_name_2', 'event_type_1', 'event_type_1_enc', 'event_type_2', 'event_type_2_enc', 'has_event', 'has_event_2', 'is_likely_stockout', 'is_month_end', 'is_month_start', 'is_store_closed', 'is_weekend', 'item_id', 'lag2', 'lag22', 'month', 'month_cos', 'month_sin', 'pct_zero_28', 'pct_zero_90', 'price_lag_1', 'price_volatility', 'price_vs_max', 'quarter', 'rolling_max_lag13_window_size26', 'rolling_max_lag4_window_size4', 'rolling_max_lag52_window_size13', 'rolling_mean_lag13_window_size13', 'rolling_mean_lag13_window_size26', 'rolling_mean_lag1_window_size13', 'rolling_mean_lag1_window_size4', 'rolling_mean_lag4_window_size13', 'rolling_mean_lag4_window_size26', 'rolling_mean_lag52_window_size4', 'rolling_min_lag13_window_size13', 'rolling_min_lag13_window_size26', 'rolling_min_lag1_window_size13', 'rolling_min_lag4_window_size13', 'rolling_min_lag4_window_size4', 'rolling_min_lag52_window_size13', 'rolling_min_lag52_window_size4', 'rolling_std_lag13_window_size13', 'rolling_std_lag1_window_size13', 'rolling_std_lag4_window_size13', 'rolling_std_lag4_window_size4', 'snap', 'state_id', 'store_id', 'te_cat_mean', 'te_dept_mean', 'te_dept_std', 'te_item_mean', 'te_item_std', 'year', 'zero_streak']
2026-09-09 23:09:42.390 | INFO     | scripts.train_dataset.refinement:select_features:127 - Features finales: 42 (2 categóricas) | regression_l2=7112.0970 | WRMSSE=0.4032 (informativo)
2026-09-09 23:09:42.391 | INFO     | scripts.train_dataset.pipeline:run_pipeline:74 - Fase selección de features: 689.7s
2026-09-09 23:09:45.490 | INFO     | src.evaluation.reports:evaluate_predictions:58 - xgboost (bench, selected features) [ML] | WAPE: 5.55% | WRMSSE: 0.4032  | fit: 3.03s
2026-09-09 23:09:48.390 | INFO     | scripts.train_dataset.refinement:run_shap:173 - SHAP (xgboost): feature más importante = te_weekend_mean | plots guardados en /home/njimenez/workspace/magister/forecast-tfm/artifacts/plots
2026-09-09 23:09:48.392 | INFO     | scripts.train_dataset.pipeline:run_pipeline:79 - Fase SHAP: 6.0s
2026-09-09 23:09:48.536 | INFO     | scripts.train_dataset.refinement:tune_optuna_family:60 - [xgboost] Optuna arrancando: hasta 100 trials (timeout 120s) -- study 'study_level_03_weekly_cat_sales_final_xgboost'
2026-09-09 23:11:48.860 | INFO     | scripts.train_dataset.refinement:tune_optuna_family:70 - [xgboost] Optuna terminó -- elige hiperparámetros por regression_l2 (no por WRMSSE): mejor regression_l2 = 6525.6590 | WRMSSE de ESE trial: 0.3211 (solo referencia, puede no ser el mínimo posible; el WRMSSE definitivo se reporta abajo, tras reentrenar con estos hiperparámetros)
2026-09-09 23:11:48.863 | INFO     | scripts.train_dataset.refinement:tune_optuna_family:76 - [xgboost] Mejores hiperparámetros: {'learning_rate': 0.1284894096769506, 'max_depth': 7, 'min_child_weight': 1.4594965249426433, 'subsample': 0.9736275054918919, 'colsample_bytree': 0.8575920042397256, 'reg_alpha': 3.9526629044181423, 'reg_lambda': 0.003682951923484629}
2026-09-09 23:11:48.867 | INFO     | scripts.train_dataset.pipeline:run_pipeline:85 - Fase Optuna final: 120.5s
2026-09-09 23:12:08.259 | INFO     | scripts.train_dataset.refinement:fit_final_model:222 - CV (1 folds) best_iteration: [1497] -> n_estimators final = 1497
2026-09-09 23:12:08.303 | INFO     | src.evaluation.reports:evaluate_predictions:58 - xgboost (final, Optuna) [ML] | WAPE: 4.45% | WRMSSE: 0.3195  | fit: 19.41s
2026-09-09 23:12:18.951 | INFO     | scripts.train_dataset.refinement:fit_final_model:243 - Test WAPE: 5.56% | Test WRMSSE: 0.4036
2026-09-09 23:12:20.431 | INFO     | scripts.train_dataset.benchmarking:save_model_comparison:115 - Comparación de modelos guardada en /home/njimenez/workspace/magister/forecast-tfm/artifacts/results
2026-09-09 23:12:21.840 | SUCCESS  | scripts.train_dataset.export:export_artifact:109 - Artifact guardado en /home/njimenez/workspace/magister/forecast-tfm/artifacts/models/level_03_weekly_cat_sales_artifact.pkl (modelo: xgboost)
2026-09-09 23:12:22.626 | SUCCESS  | scripts.train_dataset.export:export_artifact:119 - Versión 20260910T021221Z registrada en registry.json
2026-09-09 23:12:22.632 | INFO     | scripts.train_dataset.pipeline:run_pipeline:93 - Pipeline completo (level_03_weekly_cat/sales) en 907.0s
2026-09-09 23:12:22.912 | INFO     | src.data.dataset:load_data:58 - level_04_daily_dept | target=sales | 13,587 filas | 191 features (9 categóricas)
2026-09-09 23:12:22.922 | INFO     | src.data.temporal_split:log_summary:41 - Train : 2011-01-29 to 2015-04-26 (1,549 days, 10,843 rows)
2026-09-09 23:12:22.923 | INFO     | src.data.temporal_split:log_summary:42 - Valid : 2015-04-27 to 2016-04-24 (364 days, 2,548 rows)
2026-09-09 23:12:22.923 | INFO     | src.data.temporal_split:log_summary:43 - Test  : 2016-04-25 to 2016-05-22 (28 days, 196 rows)
2026-09-09 23:12:23.194 | INFO     | src.data.dataset:split_data:119 - Features: 191 (9 categóricas)
2026-09-09 23:12:23.280 | INFO     | src.evaluation.reports:evaluate_predictions:58 - Seasonal naive (1d) [Naive] | WAPE: 18.49% | WRMSSE: 1.3949  | fit: 0.03s
2026-09-09 23:12:23.364 | INFO     | src.evaluation.reports:evaluate_predictions:58 - Seasonal naive (7d) [Naive] | WAPE: 13.67% | WRMSSE: 1.0629  | fit: 0.03s
2026-09-09 23:12:23.450 | INFO     | src.evaluation.reports:evaluate_predictions:58 - Seasonal naive (28d) [Naive] | WAPE: 12.70% | WRMSSE: 1.0286  | fit: 0.03s
2026-09-09 23:12:23.536 | INFO     | src.evaluation.reports:evaluate_predictions:58 - Seasonal naive (364d) [Naive] | WAPE: 13.62% | WRMSSE: 1.1354  | fit: 0.03s
2026-09-09 23:12:23.610 | INFO     | src.evaluation.reports:evaluate_predictions:58 -             Drift [Naive] | WAPE: 19.93% | WRMSSE: 1.5081  | fit: 0.01s
2026-09-09 23:12:23.670 | INFO     | src.evaluation.reports:evaluate_predictions:58 -   Historical mean [Naive] | WAPE: 20.43% | WRMSSE: 1.7444  | fit: 0.00s
2026-09-09 23:12:23.734 | INFO     | src.evaluation.reports:evaluate_predictions:58 - Moving average (7d) [Naive] | WAPE: 16.45% | WRMSSE: 1.3856  | fit: 0.00s
2026-09-09 23:12:23.799 | INFO     | src.evaluation.reports:evaluate_predictions:58 - Moving average (14d) [Naive] | WAPE: 15.78% | WRMSSE: 1.3462  | fit: 0.00s
2026-09-09 23:12:23.861 | INFO     | src.evaluation.reports:evaluate_predictions:58 - Moving average (21d) [Naive] | WAPE: 15.14% | WRMSSE: 1.2774  | fit: 0.00s
2026-09-09 23:12:23.924 | INFO     | src.evaluation.reports:evaluate_predictions:58 - Moving average (28d) [Naive] | WAPE: 14.99% | WRMSSE: 1.2605  | fit: 0.00s
2026-09-09 23:12:23.996 | INFO     | src.evaluation.reports:evaluate_predictions:58 - Moving average (35d) [Naive] | WAPE: 15.31% | WRMSSE: 1.2966  | fit: 0.00s
2026-09-09 23:12:23.996 | INFO     | scripts.train_dataset.pipeline:run_pipeline:51 - Fase naive: 0.8s
2026-09-09 23:12:32.540 | INFO     | src.evaluation.reports:evaluate_predictions:58 -      SARIMA [Statistical] | WAPE: 16.39% | WRMSSE: 1.2091  | fit: 8.47s
2026-09-09 23:12:33.960 | INFO     | src.evaluation.reports:evaluate_predictions:58 - ETS (Holt-Winters) [Statistical] | WAPE: 11.87% | WRMSSE: 0.9401  | fit: 1.36s
2026-09-09 23:12:34.221 | INFO     | src.evaluation.reports:evaluate_predictions:58 -       Theta [Statistical] | WAPE: 11.32% | WRMSSE: 0.9193  | fit: 0.20s
2026-09-09 23:12:56.674 | INFO     | src.evaluation.reports:evaluate_predictions:58 -       TBATS [Statistical] | WAPE: 16.44% | WRMSSE: 1.2332  | fit: 22.37s
2026-09-09 23:12:59.336 | INFO     | src.evaluation.reports:evaluate_predictions:58 -     Prophet [Statistical] | WAPE: 12.56% | WRMSSE: 0.9501  | fit: 2.57s
2026-09-09 23:12:59.337 | INFO     | scripts.train_dataset.pipeline:run_pipeline:56 - Fase estadísticos clásicos: 35.3s
2026-09-09 23:12:59.337 | INFO     | scripts.train_dataset.benchmarking:run_bench_ml:67 - Bench ML: familia 1/5 -- lightgbm
2026-09-09 23:13:02.484 | INFO     | src.evaluation.reports:evaluate_predictions:58 -     lightgbm (bench) [ML] | WAPE: 26.08% | WRMSSE: 1.8056  | fit: 3.07s
2026-09-09 23:13:02.484 | INFO     | scripts.train_dataset.benchmarking:run_bench_ml:67 - Bench ML: familia 2/5 -- xgboost
2026-09-09 23:13:06.640 | INFO     | src.evaluation.reports:evaluate_predictions:58 -      xgboost (bench) [ML] | WAPE: 21.62% | WRMSSE: 1.6134  | fit: 4.07s
2026-09-09 23:13:06.640 | INFO     | scripts.train_dataset.benchmarking:run_bench_ml:67 - Bench ML: familia 3/5 -- catboost
2026-09-09 23:13:17.385 | INFO     | src.evaluation.reports:evaluate_predictions:58 -     catboost (bench) [ML] | WAPE: 43.91% | WRMSSE: 2.8256  | fit: 10.53s
2026-09-09 23:13:17.387 | INFO     | scripts.train_dataset.benchmarking:run_bench_ml:67 - Bench ML: familia 4/5 -- histgb
2026-09-09 23:13:37.312 | INFO     | src.evaluation.reports:evaluate_predictions:58 -       histgb (bench) [ML] | WAPE: 39.32% | WRMSSE: 2.6122  | fit: 19.61s
2026-09-09 23:13:37.312 | INFO     | scripts.train_dataset.benchmarking:run_bench_ml:67 - Bench ML: familia 5/5 -- ridge
2026-09-09 23:13:37.979 | INFO     | src.evaluation.reports:evaluate_predictions:58 -        ridge (bench) [ML] | WAPE: 31.69% | WRMSSE: 2.1181  | fit: 0.48s
2026-09-09 23:13:37.979 | SUCCESS  | scripts.train_dataset.benchmarking:pick_winner:94 - Modelo ganador (bench, 4 familias tree-based comparadas): xgboost | regression_l2=1763.0517
2026-09-09 23:13:37.980 | INFO     | scripts.train_dataset.pipeline:run_pipeline:62 - Fase bench ML (5 familias, sin Optuna): 38.6s
2026-09-09 23:13:37.984 | INFO     | scripts.train_dataset.refinement:select_features:88 - Top 10 gain importance (xgboost):
dept_id                           1.646728e+09
te_weekend_mean                   7.331152e+08
rolling_max_lag1_window_size35    4.546088e+08
lag1                              2.274978e+08
lag7                              1.969585e+08
lag28                             1.380738e+08
rolling_mean_lag1_window_size7    2.868326e+07
lag14                             2.151759e+07
lag91                             2.090392e+07
rolling_max_lag1_window_size7     1.905319e+07
dtype: float64
2026-09-09 23:14:05.586 | INFO     | scripts.train_dataset.refinement:select_features:95 - Top 10 permutation importance (xgboost):
dept_id                            1956.958130
te_weekend_mean                    1486.472290
lag28                               638.013403
lag7                                158.853979
rolling_max_lag28_window_size28     145.812085
lag91                               127.815771
lag364                               97.086353
te_event_mean                        49.344238
lag14                                49.204614
dayofweek                            48.031689
dtype: float64
2026-09-09 23:14:10.779 | INFO     | src.modeling.feature_selection:backward_feature_selection:139 - Baseline (191 features): regression_l2=1763.0517 | WRMSSE=1.6134 (informativo)
2026-09-09 23:14:22.671 | WARNING  | src.modeling.feature_selection:try_remove:162 - ELIMINADA(S) 'rolling_max_lag28_window_size91' -> 190 features | regression_l2=1752.6206 | WRMSSE=1.5789
2026-09-09 23:14:54.166 | WARNING  | src.modeling.feature_selection:try_remove:162 - ELIMINADA(S) 'price_vs_mean' -> 189 features | regression_l2=1601.4164 | WRMSSE=1.5343
2026-09-09 23:15:06.370 | WARNING  | src.modeling.feature_selection:try_remove:162 - ELIMINADA(S) 'rolling_min_lag28_window_size28' -> 188 features | regression_l2=1597.1066 | WRMSSE=1.4709
2026-09-09 23:15:10.087 | WARNING  | src.modeling.feature_selection:try_remove:162 - ELIMINADA(S) 'lag21' -> 187 features | regression_l2=1557.1693 | WRMSSE=1.5032
2026-09-09 23:15:58.330 | WARNING  | src.modeling.feature_selection:try_remove:162 - ELIMINADA(S) 'te_dept_std' -> 186 features | regression_l2=1513.9573 | WRMSSE=1.4904
2026-09-09 23:16:10.094 | WARNING  | src.modeling.feature_selection:try_remove:162 - ELIMINADA(S) 'lag8' -> 185 features | regression_l2=1467.5735 | WRMSSE=1.4289
2026-09-09 23:16:15.078 | WARNING  | src.modeling.feature_selection:try_remove:162 - ELIMINADA(S) 'days_to_newyear' -> 184 features | regression_l2=1464.3334 | WRMSSE=1.4511
2026-09-09 23:17:09.857 | WARNING  | src.modeling.feature_selection:try_remove:162 - ELIMINADA(S) 'rolling_mean_lag364_window_size28' -> 183 features | regression_l2=1451.3895 | WRMSSE=1.4228
2026-09-09 23:18:06.901 | WARNING  | src.modeling.feature_selection:try_remove:162 - ELIMINADA(S) 'days_since_event' -> 182 features | regression_l2=1440.7035 | WRMSSE=1.4067
2026-09-09 23:18:28.737 | WARNING  | src.modeling.feature_selection:try_remove:162 - ELIMINADA(S) 'rolling_min_lag6_window_size14' -> 181 features | regression_l2=1440.7035 | WRMSSE=1.4067
2026-09-09 23:19:54.588 | WARNING  | src.modeling.feature_selection:try_remove:162 - ELIMINADA(S) 'rolling_min_lag2_window_size14' -> 180 features | regression_l2=1426.6791 | WRMSSE=1.3996
2026-09-09 23:20:13.309 | WARNING  | src.modeling.feature_selection:try_remove:162 - ELIMINADA(S) 'rolling_std_lag91_window_size91' -> 179 features | regression_l2=1421.8005 | WRMSSE=1.3958
2026-09-09 23:21:26.524 | WARNING  | src.modeling.feature_selection:try_remove:162 - ELIMINADA(S) 'rolling_mean_lag5_window_size7' -> 178 features | regression_l2=1419.0396 | WRMSSE=1.3998
2026-09-09 23:21:37.334 | WARNING  | src.modeling.feature_selection:try_remove:162 - ELIMINADA(S) 'rolling_mean_lag4_window_size14' -> 177 features | regression_l2=1419.0396 | WRMSSE=1.3998
2026-09-09 23:22:18.664 | WARNING  | src.modeling.feature_selection:try_remove:162 - ELIMINADA(S) 'rolling_max_lag5_window_size7' -> 176 features | regression_l2=1419.0396 | WRMSSE=1.3998
2026-09-09 23:22:21.990 | WARNING  | src.modeling.feature_selection:try_remove:162 - ELIMINADA(S) 'rolling_mean_lag5_window_size14' -> 175 features | regression_l2=1419.0396 | WRMSSE=1.3998
2026-09-09 23:23:00.825 | WARNING  | src.modeling.feature_selection:try_remove:162 - ELIMINADA(S) 'item_id' -> 174 features | regression_l2=1419.0396 | WRMSSE=1.3998
2026-09-09 23:23:08.691 | WARNING  | src.modeling.feature_selection:try_remove:162 - ELIMINADA(S) 'event_type_2_enc' -> 173 features | regression_l2=1419.0396 | WRMSSE=1.3998
2026-09-09 23:23:16.454 | WARNING  | src.modeling.feature_selection:try_remove:162 - ELIMINADA(S) 'is_store_closed' -> 172 features | regression_l2=1419.0396 | WRMSSE=1.3998
2026-09-09 23:23:26.358 | WARNING  | src.modeling.feature_selection:try_remove:162 - ELIMINADA(S) 'is_likely_stockout' -> 171 features | regression_l2=1419.0396 | WRMSSE=1.3998
2026-09-09 23:23:29.694 | WARNING  | src.modeling.feature_selection:try_remove:162 - ELIMINADA(S) 'pct_zero_90' -> 170 features | regression_l2=1419.0396 | WRMSSE=1.3998
2026-09-09 23:23:39.217 | WARNING  | src.modeling.feature_selection:try_remove:162 - ELIMINADA(S) 8 features ['is_month_start', 'pct_zero_28', 'quarter', 'is_weekend', 'state_id', 'event_type_1_enc', 'event_name_2', 'event_type_2'] -> 162 features | regression_l2=1419.0396 | WRMSSE=1.3998
2026-09-09 23:23:49.746 | WARNING  | src.modeling.feature_selection:try_remove:162 - ELIMINADA(S) 'has_event' -> 161 features | regression_l2=1419.0396 | WRMSSE=1.3998
2026-09-09 23:23:52.952 | WARNING  | src.modeling.feature_selection:try_remove:162 - ELIMINADA(S) 'year' -> 160 features | regression_l2=1419.0396 | WRMSSE=1.3998
2026-09-09 23:23:56.377 | WARNING  | src.modeling.feature_selection:try_remove:162 - ELIMINADA(S) 'snap' -> 159 features | regression_l2=1419.0396 | WRMSSE=1.3998
2026-09-09 23:23:59.552 | WARNING  | src.modeling.feature_selection:try_remove:162 - ELIMINADA(S) 'has_event_2' -> 158 features | regression_l2=1419.0396 | WRMSSE=1.3998
2026-09-09 23:24:05.849 | WARNING  | src.modeling.feature_selection:try_remove:162 - ELIMINADA(S) 'store_id' -> 157 features | regression_l2=1419.0396 | WRMSSE=1.3998
2026-09-09 23:24:15.240 | WARNING  | src.modeling.feature_selection:try_remove:162 - ELIMINADA(S) 'cat_id' -> 156 features | regression_l2=1419.0396 | WRMSSE=1.3998
2026-09-09 23:24:22.861 | WARNING  | src.modeling.feature_selection:try_remove:162 - ELIMINADA(S) 'days_since_price_change' -> 155 features | regression_l2=1419.0396 | WRMSSE=1.3998
2026-09-09 23:24:47.047 | WARNING  | src.modeling.feature_selection:try_remove:162 - ELIMINADA(S) 'rolling_mean_lag6_window_size7' -> 154 features | regression_l2=1419.0396 | WRMSSE=1.3998
2026-09-09 23:25:03.631 | WARNING  | src.modeling.feature_selection:try_remove:162 - ELIMINADA(S) 'rolling_mean_lag6_window_size14' -> 153 features | regression_l2=1419.0396 | WRMSSE=1.3998
2026-09-09 23:26:37.178 | WARNING  | src.modeling.feature_selection:try_remove:162 - ELIMINADA(S) 'month' -> 152 features | regression_l2=1419.0133 | WRMSSE=1.3910
2026-09-09 23:27:16.842 | WARNING  | src.modeling.feature_selection:try_remove:162 - ELIMINADA(S) 'rolling_max_lag3_window_size14' -> 151 features | regression_l2=1419.0133 | WRMSSE=1.3910
2026-09-09 23:30:36.805 | WARNING  | src.modeling.feature_selection:try_remove:162 - ELIMINADA(S) 8 features ['lag6', 'lag1', 'lag27', 'day', 'event_name_1', 'dayofweek', 'lag14', 'te_event_mean'] -> 143 features | regression_l2=1189.9263 | WRMSSE=1.0812
2026-09-09 23:30:52.032 | WARNING  | src.modeling.feature_selection:try_remove:162 - ELIMINADA(S) 'lag364' -> 142 features | regression_l2=1168.1155 | WRMSSE=1.0466
2026-09-09 23:30:58.346 | WARNING  | src.modeling.feature_selection:try_remove:162 - ELIMINADA(S) 'rolling_max_lag28_window_size28' -> 141 features | regression_l2=1116.5140 | WRMSSE=0.9981
2026-09-09 23:32:19.898 | WARNING  | src.modeling.feature_selection:try_remove:162 - ELIMINADA(S) 'lag24' -> 140 features | regression_l2=1106.5913 | WRMSSE=0.9754
2026-09-09 23:32:40.751 | WARNING  | src.modeling.feature_selection:try_remove:162 - ELIMINADA(S) 'rolling_min_lag364_window_size91' -> 139 features | regression_l2=1006.8244 | WRMSSE=0.9241
2026-09-10 00:01:29.294 | INFO     | src.modeling.feature_selection:backward_feature_selection:189 - Seleccionadas 139/191 features | regression_l2 final: 1006.8244 | WRMSSE final: 0.9241
2026-09-10 00:01:29.297 | INFO     | scripts.train_dataset.refinement:select_features:114 - Features descartadas (52): ['cat_id', 'day', 'dayofweek', 'days_since_event', 'days_since_price_change', 'days_to_newyear', 'event_name_1', 'event_name_2', 'event_type_1_enc', 'event_type_2', 'event_type_2_enc', 'has_event', 'has_event_2', 'is_likely_stockout', 'is_month_start', 'is_store_closed', 'is_weekend', 'item_id', 'lag1', 'lag14', 'lag21', 'lag24', 'lag27', 'lag364', 'lag6', 'lag8', 'month', 'pct_zero_28', 'pct_zero_90', 'price_vs_mean', 'quarter', 'rolling_max_lag28_window_size28', 'rolling_max_lag28_window_size91', 'rolling_max_lag3_window_size14', 'rolling_max_lag5_window_size7', 'rolling_mean_lag364_window_size28', 'rolling_mean_lag4_window_size14', 'rolling_mean_lag5_window_size14', 'rolling_mean_lag5_window_size7', 'rolling_mean_lag6_window_size14', 'rolling_mean_lag6_window_size7', 'rolling_min_lag28_window_size28', 'rolling_min_lag2_window_size14', 'rolling_min_lag364_window_size91', 'rolling_min_lag6_window_size14', 'rolling_std_lag91_window_size91', 'snap', 'state_id', 'store_id', 'te_dept_std', 'te_event_mean', 'year']
2026-09-10 00:01:29.312 | INFO     | scripts.train_dataset.refinement:select_features:127 - Features finales: 139 (2 categóricas) | regression_l2=1006.8244 | WRMSSE=0.9241 (informativo)
2026-09-10 00:01:29.313 | INFO     | scripts.train_dataset.pipeline:run_pipeline:74 - Fase selección de features: 2871.3s
2026-09-10 00:01:39.084 | INFO     | src.evaluation.reports:evaluate_predictions:58 - xgboost (bench, selected features) [ML] | WAPE: 11.29% | WRMSSE: 0.9241  | fit: 9.69s
2026-09-10 00:01:40.801 | INFO     | scripts.train_dataset.refinement:run_shap:173 - SHAP (xgboost): feature más importante = te_weekend_mean | plots guardados en /home/njimenez/workspace/magister/forecast-tfm/artifacts/plots
2026-09-10 00:01:40.803 | INFO     | scripts.train_dataset.pipeline:run_pipeline:79 - Fase SHAP: 11.5s
2026-09-10 00:01:40.874 | INFO     | scripts.train_dataset.refinement:tune_optuna_family:60 - [xgboost] Optuna arrancando: hasta 100 trials (timeout 120s) -- study 'study_level_04_daily_dept_sales_final_xgboost'
2026-09-10 00:04:21.809 | INFO     | scripts.train_dataset.refinement:tune_optuna_family:70 - [xgboost] Optuna terminó -- elige hiperparámetros por regression_l2 (no por WRMSSE): mejor regression_l2 = 1021.4572 | WRMSSE de ESE trial: 0.9490 (solo referencia, puede no ser el mínimo posible; el WRMSSE definitivo se reporta abajo, tras reentrenar con estos hiperparámetros)
2026-09-10 00:04:21.811 | INFO     | scripts.train_dataset.refinement:tune_optuna_family:76 - [xgboost] Mejores hiperparámetros: {'learning_rate': 0.031707193242141093, 'max_depth': 10, 'min_child_weight': 3.939675937754721, 'subsample': 0.8650089137415928, 'colsample_bytree': 0.7246844304357644, 'reg_alpha': 0.08389112347840598, 'reg_lambda': 0.105260377776104}
2026-09-10 00:04:21.813 | INFO     | scripts.train_dataset.pipeline:run_pipeline:85 - Fase Optuna final: 161.0s
2026-09-10 00:04:48.945 | INFO     | scripts.train_dataset.refinement:fit_final_model:222 - CV (1 folds) best_iteration: [233] -> n_estimators final = 233
2026-09-10 00:04:49.045 | INFO     | src.evaluation.reports:evaluate_predictions:58 - xgboost (final, Optuna) [ML] | WAPE: 11.35% | WRMSSE: 0.9490  | fit: 27.17s
2026-09-10 00:05:19.489 | INFO     | scripts.train_dataset.refinement:fit_final_model:243 - Test WAPE: 7.65% | Test WRMSSE: 0.6558
2026-09-10 00:05:22.642 | INFO     | scripts.train_dataset.benchmarking:save_model_comparison:115 - Comparación de modelos guardada en /home/njimenez/workspace/magister/forecast-tfm/artifacts/results
2026-09-10 00:05:23.077 | SUCCESS  | scripts.train_dataset.export:export_artifact:109 - Artifact guardado en /home/njimenez/workspace/magister/forecast-tfm/artifacts/models/level_04_daily_dept_sales_artifact.pkl (modelo: xgboost)
2026-09-10 00:05:23.369 | SUCCESS  | scripts.train_dataset.export:export_artifact:119 - Versión 20260910T030523Z registrada en registry.json
2026-09-10 00:05:23.371 | INFO     | scripts.train_dataset.pipeline:run_pipeline:93 - Pipeline completo (level_04_daily_dept/sales) en 3180.6s
2026-09-10 00:05:23.680 | INFO     | src.data.dataset:load_data:58 - level_04_weekly_dept | target=sales | 1,946 filas | 109 features (9 categóricas)
2026-09-10 00:05:23.694 | INFO     | src.data.temporal_split:log_summary:41 - Train : 2011-01-29 to 2015-04-20 (1,549 days, 1,554 rows)
2026-09-10 00:05:23.694 | INFO     | src.data.temporal_split:log_summary:42 - Valid : 2015-04-27 to 2016-04-18 (364 days, 364 rows)
2026-09-10 00:05:23.695 | INFO     | src.data.temporal_split:log_summary:43 - Test  : 2016-04-25 to 2016-05-16 (22 days, 28 rows)
2026-09-10 00:05:24.053 | INFO     | src.data.dataset:split_data:119 - Features: 109 (9 categóricas)
2026-09-10 00:05:24.138 | INFO     | src.evaluation.reports:evaluate_predictions:58 - Seasonal naive (1w) [Naive] | WAPE: 12.25% | WRMSSE: 0.7391  | fit: 0.01s
2026-09-10 00:05:24.226 | INFO     | src.evaluation.reports:evaluate_predictions:58 - Seasonal naive (4w) [Naive] | WAPE: 10.01% | WRMSSE: 0.6381  | fit: 0.02s
2026-09-10 00:05:24.307 | INFO     | src.evaluation.reports:evaluate_predictions:58 - Seasonal naive (52w) [Naive] | WAPE: 11.94% | WRMSSE: 0.8060  | fit: 0.02s
2026-09-10 00:05:24.403 | INFO     | src.evaluation.reports:evaluate_predictions:58 -             Drift [Naive] | WAPE: 8.75% | WRMSSE: 0.5675  | fit: 0.02s
2026-09-10 00:05:24.476 | INFO     | src.evaluation.reports:evaluate_predictions:58 -   Historical mean [Naive] | WAPE: 18.57% | WRMSSE: 1.2737  | fit: 0.00s
2026-09-10 00:05:24.548 | INFO     | src.evaluation.reports:evaluate_predictions:58 - Moving average (2w) [Naive] | WAPE: 11.06% | WRMSSE: 0.6964  | fit: 0.01s
2026-09-10 00:05:24.620 | INFO     | src.evaluation.reports:evaluate_predictions:58 - Moving average (3w) [Naive] | WAPE: 9.64% | WRMSSE: 0.6056  | fit: 0.01s
2026-09-10 00:05:24.690 | INFO     | src.evaluation.reports:evaluate_predictions:58 - Moving average (4w) [Naive] | WAPE: 9.06% | WRMSSE: 0.5809  | fit: 0.01s
2026-09-10 00:05:24.746 | INFO     | src.evaluation.reports:evaluate_predictions:58 - Moving average (6w) [Naive] | WAPE: 10.27% | WRMSSE: 0.6496  | fit: 0.01s
2026-09-10 00:05:24.826 | INFO     | src.evaluation.reports:evaluate_predictions:58 - Moving average (8w) [Naive] | WAPE: 9.68% | WRMSSE: 0.6149  | fit: 0.01s
2026-09-10 00:05:24.827 | INFO     | scripts.train_dataset.pipeline:run_pipeline:51 - Fase naive: 0.8s
2026-09-10 00:05:54.810 | INFO     | src.evaluation.reports:evaluate_predictions:58 -      SARIMA [Statistical] | WAPE: 8.21% | WRMSSE: 0.5394  | fit: 29.91s
2026-09-10 00:05:56.865 | INFO     | src.evaluation.reports:evaluate_predictions:58 - ETS (Holt-Winters) [Statistical] | WAPE: 7.56% | WRMSSE: 0.4977  | fit: 1.98s
2026-09-10 00:05:57.137 | INFO     | src.evaluation.reports:evaluate_predictions:58 -       Theta [Statistical] | WAPE: 7.82% | WRMSSE: 0.5379  | fit: 0.21s
2026-09-10 00:06:32.326 | INFO     | src.evaluation.reports:evaluate_predictions:58 -       TBATS [Statistical] | WAPE: 24.78% | WRMSSE: 1.5030  | fit: 35.10s
2026-09-10 00:06:33.861 | INFO     | src.evaluation.reports:evaluate_predictions:58 -     Prophet [Statistical] | WAPE: 11.04% | WRMSSE: 0.7602  | fit: 1.47s
2026-09-10 00:06:33.861 | INFO     | scripts.train_dataset.pipeline:run_pipeline:56 - Fase estadísticos clásicos: 69.0s
2026-09-10 00:06:33.861 | INFO     | scripts.train_dataset.benchmarking:run_bench_ml:67 - Bench ML: familia 1/5 -- lightgbm
2026-09-10 00:06:36.398 | INFO     | src.evaluation.reports:evaluate_predictions:58 -     lightgbm (bench) [ML] | WAPE: 16.63% | WRMSSE: 1.0551  | fit: 2.49s
2026-09-10 00:06:36.399 | INFO     | scripts.train_dataset.benchmarking:run_bench_ml:67 - Bench ML: familia 2/5 -- xgboost
2026-09-10 00:06:37.288 | INFO     | src.evaluation.reports:evaluate_predictions:58 -      xgboost (bench) [ML] | WAPE: 14.49% | WRMSSE: 1.1428  | fit: 0.84s
2026-09-10 00:06:37.289 | INFO     | scripts.train_dataset.benchmarking:run_bench_ml:67 - Bench ML: familia 3/5 -- catboost
2026-09-10 00:06:40.378 | INFO     | src.evaluation.reports:evaluate_predictions:58 -     catboost (bench) [ML] | WAPE: 17.72% | WRMSSE: 0.9775  | fit: 3.04s
2026-09-10 00:06:40.378 | INFO     | scripts.train_dataset.benchmarking:run_bench_ml:67 - Bench ML: familia 4/5 -- histgb
2026-09-10 00:06:49.442 | INFO     | src.evaluation.reports:evaluate_predictions:58 -       histgb (bench) [ML] | WAPE: 17.35% | WRMSSE: 1.2304  | fit: 8.99s
2026-09-10 00:06:49.442 | INFO     | scripts.train_dataset.benchmarking:run_bench_ml:67 - Bench ML: familia 5/5 -- ridge
2026-09-10 00:06:49.513 | INFO     | src.evaluation.reports:evaluate_predictions:58 -        ridge (bench) [ML] | WAPE: 17.17% | WRMSSE: 1.1740  | fit: 0.02s
2026-09-10 00:06:49.514 | SUCCESS  | scripts.train_dataset.benchmarking:pick_winner:94 - Modelo ganador (bench, 4 familias tree-based comparadas): histgb | regression_l2=9192.1290
2026-09-10 00:06:49.514 | INFO     | scripts.train_dataset.pipeline:run_pipeline:62 - Fase bench ML (5 familias, sin Optuna): 15.7s
2026-09-10 00:07:07.322 | INFO     | scripts.train_dataset.refinement:select_features:95 - Top 10 permutation importance (histgb):
dept_id                           9826.796915
te_snap_mean                      4661.317705
lag4                              4654.103704
rolling_min_lag52_window_size4    2511.683515
te_dept_mean                      2349.043586
lag52                             2327.577366
lag22                             1589.075207
te_dept_std                       1425.645035
rolling_max_lag4_window_size4     1425.264257
event_name_1                       737.434512
dtype: float64
2026-09-10 00:07:16.681 | INFO     | src.modeling.feature_selection:backward_feature_selection:139 - Baseline (109 features): regression_l2=9192.1290 | WRMSSE=1.2304 (informativo)
2026-09-10 00:07:32.334 | WARNING  | src.modeling.feature_selection:try_remove:162 - ELIMINADA(S) 'expanding_mean_lag13' -> 108 features | regression_l2=8791.9844 | WRMSSE=1.1289
2026-09-10 00:08:14.126 | WARNING  | src.modeling.feature_selection:try_remove:162 - ELIMINADA(S) 'avg_sell_price' -> 107 features | regression_l2=8716.5553 | WRMSSE=1.1567
2026-09-10 00:10:44.919 | WARNING  | src.modeling.feature_selection:try_remove:162 - ELIMINADA(S) 'rolling_std_lag1_window_size13' -> 106 features | regression_l2=8649.6728 | WRMSSE=1.1992
2026-09-10 00:11:02.652 | WARNING  | src.modeling.feature_selection:try_remove:162 - ELIMINADA(S) 'rolling_max_lag4_window_size26' -> 105 features | regression_l2=8313.3180 | WRMSSE=1.1563
2026-09-10 00:11:07.860 | WARNING  | src.modeling.feature_selection:try_remove:162 - ELIMINADA(S) 'event_type_1' -> 104 features | regression_l2=8280.7694 | WRMSSE=1.1189
2026-09-10 00:11:18.145 | WARNING  | src.modeling.feature_selection:try_remove:162 - ELIMINADA(S) 'has_event' -> 103 features | regression_l2=8280.7694 | WRMSSE=1.1189
2026-09-10 00:11:26.573 | WARNING  | src.modeling.feature_selection:try_remove:162 - ELIMINADA(S) 'is_likely_stockout' -> 102 features | regression_l2=8280.7694 | WRMSSE=1.1189
2026-09-10 00:11:45.264 | WARNING  | src.modeling.feature_selection:try_remove:162 - ELIMINADA(S) 'pct_zero_28' -> 101 features | regression_l2=8280.7694 | WRMSSE=1.1189
2026-09-10 00:11:53.972 | WARNING  | src.modeling.feature_selection:try_remove:162 - ELIMINADA(S) 'event_type_2_enc' -> 100 features | regression_l2=8280.7694 | WRMSSE=1.1189
2026-09-10 00:12:09.580 | WARNING  | src.modeling.feature_selection:try_remove:162 - ELIMINADA(S) 'days_since_price_change' -> 99 features | regression_l2=8280.7694 | WRMSSE=1.1189
2026-09-10 00:12:14.680 | WARNING  | src.modeling.feature_selection:try_remove:162 - ELIMINADA(S) 'item_id' -> 98 features | regression_l2=8280.7694 | WRMSSE=1.1189
2026-09-10 00:12:20.081 | WARNING  | src.modeling.feature_selection:try_remove:162 - ELIMINADA(S) 'zero_streak' -> 97 features | regression_l2=8280.7694 | WRMSSE=1.1189
2026-09-10 00:12:25.386 | WARNING  | src.modeling.feature_selection:try_remove:162 - ELIMINADA(S) 'year' -> 96 features | regression_l2=8280.7694 | WRMSSE=1.1189
2026-09-10 00:12:30.114 | WARNING  | src.modeling.feature_selection:try_remove:162 - ELIMINADA(S) 'event_type_2' -> 95 features | regression_l2=8280.7694 | WRMSSE=1.1189
2026-09-10 00:12:34.325 | WARNING  | src.modeling.feature_selection:try_remove:162 - ELIMINADA(S) 8 features ['dayofweek', 'is_weekend', 'event_name_2', 'quarter', 'has_event_2', 'is_month_start', 'state_id', 'store_id'] -> 87 features | regression_l2=8280.7694 | WRMSSE=1.1189
2026-09-10 00:12:47.676 | WARNING  | src.modeling.feature_selection:try_remove:162 - ELIMINADA(S) 'snap' -> 86 features | regression_l2=8280.7694 | WRMSSE=1.1189
2026-09-10 00:12:51.763 | WARNING  | src.modeling.feature_selection:try_remove:162 - ELIMINADA(S) 'dow_sin' -> 85 features | regression_l2=8280.7694 | WRMSSE=1.1189
2026-09-10 00:12:56.136 | WARNING  | src.modeling.feature_selection:try_remove:162 - ELIMINADA(S) 'dow_cos' -> 84 features | regression_l2=8280.7694 | WRMSSE=1.1189
2026-09-10 00:13:15.884 | WARNING  | src.modeling.feature_selection:try_remove:162 - ELIMINADA(S) 'cat_id' -> 83 features | regression_l2=8221.2995 | WRMSSE=1.0898
2026-09-10 00:13:40.713 | WARNING  | src.modeling.feature_selection:try_remove:162 - ELIMINADA(S) 'is_month_end' -> 82 features | regression_l2=8170.5015 | WRMSSE=1.0960
2026-09-10 00:18:36.196 | WARNING  | src.modeling.feature_selection:try_remove:162 - ELIMINADA(S) 'is_store_closed' -> 81 features | regression_l2=8170.5015 | WRMSSE=1.0960
2026-09-10 00:20:24.338 | WARNING  | src.modeling.feature_selection:try_remove:162 - ELIMINADA(S) 'te_dept_mean' -> 80 features | regression_l2=7996.5858 | WRMSSE=1.0255
2026-09-10 00:30:53.186 | WARNING  | src.modeling.feature_selection:try_remove:162 - ELIMINADA(S) 8 features ['lag8', 'lag17', 'rolling_max_lag1_window_size4', 'rolling_max_lag4_window_size13', 'lag13', 'lag1', 'lag26', 'event_name_1'] -> 72 features | regression_l2=5352.0246 | WRMSSE=0.7227
2026-09-10 00:31:38.483 | WARNING  | src.modeling.feature_selection:try_remove:162 - ELIMINADA(S) 'rolling_min_lag52_window_size4' -> 71 features | regression_l2=5207.1221 | WRMSSE=0.7039
2026-09-10 00:32:22.299 | WARNING  | src.modeling.feature_selection:try_remove:162 - ELIMINADA(S) 'rolling_mean_lag1_window_size4' -> 70 features | regression_l2=5003.2770 | WRMSSE=0.7177
2026-09-10 00:32:59.221 | WARNING  | src.modeling.feature_selection:try_remove:162 - ELIMINADA(S) 'lag39' -> 69 features | regression_l2=4965.3792 | WRMSSE=0.6802
2026-09-10 00:34:42.772 | WARNING  | src.modeling.feature_selection:try_remove:162 - ELIMINADA(S) 8 features ['rolling_min_lag52_window_size13', 'days_since_release', 'rolling_min_lag13_window_size13', 'rolling_max_lag1_window_size13', 'days_since_event', 'days_to_event', 'month_sin', 'momentum_lag4_4_13'] -> 61 features | regression_l2=4491.8148 | WRMSSE=0.6109
2026-09-10 00:35:36.459 | WARNING  | src.modeling.feature_selection:try_remove:162 - ELIMINADA(S) 'rolling_max_lag13_window_size26' -> 60 features | regression_l2=4439.7213 | WRMSSE=0.6118
2026-09-10 00:36:45.467 | WARNING  | src.modeling.feature_selection:try_remove:162 - ELIMINADA(S) 'te_cat_mean' -> 59 features | regression_l2=4337.1676 | WRMSSE=0.5930
2026-09-10 00:37:25.250 | WARNING  | src.modeling.feature_selection:try_remove:162 - ELIMINADA(S) 'rolling_min_lag1_window_size4' -> 58 features | regression_l2=4164.9929 | WRMSSE=0.5404
2026-09-10 00:38:13.042 | WARNING  | src.modeling.feature_selection:try_remove:162 - ELIMINADA(S) 'doy_cos' -> 57 features | regression_l2=4158.9752 | WRMSSE=0.5539
2026-09-10 00:39:39.875 | WARNING  | src.modeling.feature_selection:try_remove:162 - ELIMINADA(S) 8 features ['rolling_std_lag4_window_size13', 'days_since_thanksgiving', 'rolling_mean_lag4_window_size4', 'lag2', 'te_event_mean', 'days_since_newyear', 'rolling_mean_lag13_window_size13', 'te_item_mean'] -> 49 features | regression_l2=4037.9472 | WRMSSE=0.5285
2026-09-10 00:42:19.694 | WARNING  | src.modeling.feature_selection:try_remove:162 - ELIMINADA(S) 'month' -> 48 features | regression_l2=4009.0667 | WRMSSE=0.5175
2026-09-10 00:50:48.036 | WARNING  | src.modeling.feature_selection:try_remove:162 - ELIMINADA(S) 8 features ['days_to_newyear', 'days_to_closure', 'rolling_max_lag52_window_size13', 'price_volatility', 'rolling_min_lag4_window_size4', 'rolling_std_lag1_window_size4', 'doy_sin', 'weekofyear'] -> 40 features | regression_l2=3869.1020 | WRMSSE=0.4876
2026-09-10 00:52:16.577 | WARNING  | src.modeling.feature_selection:try_remove:162 - ELIMINADA(S) 'rolling_min_lag4_window_size13' -> 39 features | regression_l2=3849.9345 | WRMSSE=0.4892
2026-09-10 00:55:25.266 | WARNING  | src.modeling.feature_selection:try_remove:162 - ELIMINADA(S) 'rolling_min_lag4_window_size26' -> 38 features | regression_l2=3816.7297 | WRMSSE=0.4898
2026-09-10 00:55:39.576 | WARNING  | src.modeling.feature_selection:try_remove:162 - ELIMINADA(S) 'event_type_1_enc' -> 37 features | regression_l2=3813.3843 | WRMSSE=0.5066
2026-09-10 01:02:55.912 | INFO     | src.modeling.feature_selection:backward_feature_selection:189 - Seleccionadas 37/109 features | regression_l2 final: 3813.3843 | WRMSSE final: 0.5066
2026-09-10 01:02:55.914 | INFO     | scripts.train_dataset.refinement:select_features:114 - Features descartadas (72): ['avg_sell_price', 'cat_id', 'dayofweek', 'days_since_event', 'days_since_newyear', 'days_since_price_change', 'days_since_release', 'days_since_thanksgiving', 'days_to_closure', 'days_to_event', 'days_to_newyear', 'dow_cos', 'dow_sin', 'doy_cos', 'doy_sin', 'event_name_1', 'event_name_2', 'event_type_1', 'event_type_1_enc', 'event_type_2', 'event_type_2_enc', 'expanding_mean_lag13', 'has_event', 'has_event_2', 'is_likely_stockout', 'is_month_end', 'is_month_start', 'is_store_closed', 'is_weekend', 'item_id', 'lag1', 'lag13', 'lag17', 'lag2', 'lag26', 'lag39', 'lag8', 'momentum_lag4_4_13', 'month', 'month_sin', 'pct_zero_28', 'price_volatility', 'quarter', 'rolling_max_lag13_window_size26', 'rolling_max_lag1_window_size13', 'rolling_max_lag1_window_size4', 'rolling_max_lag4_window_size13', 'rolling_max_lag4_window_size26', 'rolling_max_lag52_window_size13', 'rolling_mean_lag13_window_size13', 'rolling_mean_lag1_window_size4', 'rolling_mean_lag4_window_size4', 'rolling_min_lag13_window_size13', 'rolling_min_lag1_window_size4', 'rolling_min_lag4_window_size13', 'rolling_min_lag4_window_size26', 'rolling_min_lag4_window_size4', 'rolling_min_lag52_window_size13', 'rolling_min_lag52_window_size4', 'rolling_std_lag1_window_size13', 'rolling_std_lag1_window_size4', 'rolling_std_lag4_window_size13', 'snap', 'state_id', 'store_id', 'te_cat_mean', 'te_dept_mean', 'te_event_mean', 'te_item_mean', 'weekofyear', 'year', 'zero_streak']
2026-09-10 01:02:55.923 | INFO     | scripts.train_dataset.refinement:select_features:127 - Features finales: 37 (1 categóricas) | regression_l2=3813.3843 | WRMSSE=0.5066 (informativo)
2026-09-10 01:02:55.923 | INFO     | scripts.train_dataset.pipeline:run_pipeline:74 - Fase selección de features: 3366.4s
2026-09-10 01:03:05.948 | INFO     | src.evaluation.reports:evaluate_predictions:58 - histgb (bench, selected features) [ML] | WAPE: 6.72% | WRMSSE: 0.5078  | fit: 9.93s
2026-09-10 01:03:06.454 | ERROR    | __main__:main:100 - Nivel 4 grain weekly falló, sigue con el resto.
Traceback (most recent call last):
  File "/home/njimenez/workspace/magister/forecast-tfm/scripts/train_dataset/__main__.py", line 98, in main
    run_pipeline(cfg)
  File "/home/njimenez/workspace/magister/forecast-tfm/scripts/train_dataset/pipeline.py", line 78, in run_pipeline
    run_shap(state, cfg, evaluate_model)
  File "/home/njimenez/workspace/magister/forecast-tfm/scripts/train_dataset/refinement.py", line 151, in run_shap
    shap_values = explainer.shap_values(X_shap)
  File "/home/njimenez/workspace/magister/forecast-tfm/.venv/lib/python3.13/site-packages/shap/explainers/_tree.py", line 669, in shap_values
    X, y, X_missing, flat_output, tree_limit, check_additivity = self._validate_inputs(
  File "/home/njimenez/workspace/magister/forecast-tfm/.venv/lib/python3.13/site-packages/shap/explainers/_tree.py", line 460, in _validate_inputs
    X = X.to_numpy(dtype=self.model.input_dtype, na_value=np.nan)
  File "/home/njimenez/workspace/magister/forecast-tfm/.venv/lib/python3.13/site-packages/pandas/core/frame.py", line 2081, in to_numpy
    result = self._mgr.as_array(dtype=dtype, copy=copy, na_value=na_value)
  File "/home/njimenez/workspace/magister/forecast-tfm/.venv/lib/python3.13/site-packages/pandas/core/internals/managers.py", line 1885, in as_array
    arr = self._interleave(dtype=dtype, na_value=na_value)
  File "/home/njimenez/workspace/magister/forecast-tfm/.venv/lib/python3.13/site-packages/pandas/core/internals/managers.py", line 1938, in _interleave
    arr = blk.values.to_numpy(  # type: ignore[union-attr]
  File "/home/njimenez/workspace/magister/forecast-tfm/.venv/lib/python3.13/site-packages/pandas/core/arrays/base.py", line 688, in to_numpy
    result = np.asarray(self, dtype=dtype)
  File "/home/njimenez/workspace/magister/forecast-tfm/.venv/lib/python3.13/site-packages/pandas/core/arrays/_mixins.py", line 83, in method
    return meth(self, *args, **kwargs)
  File "/home/njimenez/workspace/magister/forecast-tfm/.venv/lib/python3.13/site-packages/pandas/core/arrays/categorical.py", line 1752, in __array__
    return np.asarray(ret, dtype=dtype)
  File "/home/njimenez/workspace/magister/forecast-tfm/.venv/lib/python3.13/site-packages/pandas/core/arrays/arrow/array.py", line 863, in __array__
    return self.to_numpy(dtype=dtype, copy=copy)
  File "/home/njimenez/workspace/magister/forecast-tfm/.venv/lib/python3.13/site-packages/pandas/core/arrays/arrow/array.py", line 1746, in to_numpy
    result = result.astype(dtype, copy=False)
ValueError: could not convert string to float: 'HOBBIES_1'
2026-09-10 01:03:07.301 | INFO     | src.data.dataset:load_data:58 - level_05_daily_state_cat | target=sales | 17,469 filas | 191 features (9 categóricas)
2026-09-10 01:03:07.314 | INFO     | src.data.temporal_split:log_summary:41 - Train : 2011-01-29 to 2015-04-26 (1,549 days, 13,941 rows)
2026-09-10 01:03:07.314 | INFO     | src.data.temporal_split:log_summary:42 - Valid : 2015-04-27 to 2016-04-24 (364 days, 3,276 rows)
2026-09-10 01:03:07.315 | INFO     | src.data.temporal_split:log_summary:43 - Test  : 2016-04-25 to 2016-05-22 (28 days, 252 rows)
2026-09-10 01:03:07.592 | INFO     | src.data.dataset:split_data:119 - Features: 191 (9 categóricas)
2026-09-10 01:03:07.695 | INFO     | src.evaluation.reports:evaluate_predictions:58 - Seasonal naive (1d) [Naive] | WAPE: 19.07% | WRMSSE: 1.3398  | fit: 0.03s
2026-09-10 01:03:07.793 | INFO     | src.evaluation.reports:evaluate_predictions:58 - Seasonal naive (7d) [Naive] | WAPE: 14.02% | WRMSSE: 0.9828  | fit: 0.03s
2026-09-10 01:03:07.892 | INFO     | src.evaluation.reports:evaluate_predictions:58 - Seasonal naive (28d) [Naive] | WAPE: 13.66% | WRMSSE: 0.9789  | fit: 0.03s
2026-09-10 01:03:07.991 | INFO     | src.evaluation.reports:evaluate_predictions:58 - Seasonal naive (364d) [Naive] | WAPE: 13.11% | WRMSSE: 1.0332  | fit: 0.03s
2026-09-10 01:03:08.072 | INFO     | src.evaluation.reports:evaluate_predictions:58 -             Drift [Naive] | WAPE: 20.50% | WRMSSE: 1.4596  | fit: 0.01s
2026-09-10 01:03:08.141 | INFO     | src.evaluation.reports:evaluate_predictions:58 -   Historical mean [Naive] | WAPE: 20.07% | WRMSSE: 1.5869  | fit: 0.00s
2026-09-10 01:03:08.213 | INFO     | src.evaluation.reports:evaluate_predictions:58 - Moving average (7d) [Naive] | WAPE: 16.73% | WRMSSE: 1.2838  | fit: 0.00s
2026-09-10 01:03:08.287 | INFO     | src.evaluation.reports:evaluate_predictions:58 - Moving average (14d) [Naive] | WAPE: 15.99% | WRMSSE: 1.2466  | fit: 0.00s
2026-09-10 01:03:08.365 | INFO     | src.evaluation.reports:evaluate_predictions:58 - Moving average (21d) [Naive] | WAPE: 15.45% | WRMSSE: 1.2009  | fit: 0.01s
2026-09-10 01:03:08.436 | INFO     | src.evaluation.reports:evaluate_predictions:58 - Moving average (28d) [Naive] | WAPE: 15.26% | WRMSSE: 1.1830  | fit: 0.00s
2026-09-10 01:03:08.509 | INFO     | src.evaluation.reports:evaluate_predictions:58 - Moving average (35d) [Naive] | WAPE: 15.55% | WRMSSE: 1.2101  | fit: 0.00s
2026-09-10 01:03:08.510 | INFO     | scripts.train_dataset.pipeline:run_pipeline:51 - Fase naive: 0.9s
2026-09-10 01:03:17.545 | INFO     | src.evaluation.reports:evaluate_predictions:58 -      SARIMA [Statistical] | WAPE: 17.99% | WRMSSE: 1.2328  | fit: 8.94s
2026-09-10 01:03:19.318 | INFO     | src.evaluation.reports:evaluate_predictions:58 - ETS (Holt-Winters) [Statistical] | WAPE: 12.17% | WRMSSE: 0.8746  | fit: 1.70s
2026-09-10 01:03:19.622 | INFO     | src.evaluation.reports:evaluate_predictions:58 -       Theta [Statistical] | WAPE: 11.65% | WRMSSE: 0.8562  | fit: 0.23s
2026-09-10 01:03:41.649 | INFO     | src.evaluation.reports:evaluate_predictions:58 -       TBATS [Statistical] | WAPE: 16.07% | WRMSSE: 1.1186  | fit: 21.93s
2026-09-10 01:03:44.612 | INFO     | src.evaluation.reports:evaluate_predictions:58 -     Prophet [Statistical] | WAPE: 12.64% | WRMSSE: 0.9225  | fit: 2.87s
2026-09-10 01:03:44.613 | INFO     | scripts.train_dataset.pipeline:run_pipeline:56 - Fase estadísticos clásicos: 36.1s
2026-09-10 01:03:44.613 | INFO     | scripts.train_dataset.benchmarking:run_bench_ml:67 - Bench ML: familia 1/5 -- lightgbm
2026-09-10 01:03:53.865 | INFO     | src.evaluation.reports:evaluate_predictions:58 -     lightgbm (bench) [ML] | WAPE: 28.63% | WRMSSE: 1.9903  | fit: 9.12s
2026-09-10 01:03:53.866 | INFO     | scripts.train_dataset.benchmarking:run_bench_ml:67 - Bench ML: familia 2/5 -- xgboost
2026-09-10 01:04:04.457 | INFO     | src.evaluation.reports:evaluate_predictions:58 -      xgboost (bench) [ML] | WAPE: 14.30% | WRMSSE: 1.1409  | fit: 10.42s
2026-09-10 01:04:04.458 | INFO     | scripts.train_dataset.benchmarking:run_bench_ml:67 - Bench ML: familia 3/5 -- catboost
2026-09-10 01:04:14.260 | INFO     | src.evaluation.reports:evaluate_predictions:58 -     catboost (bench) [ML] | WAPE: 40.88% | WRMSSE: 2.5921  | fit: 9.62s
2026-09-10 01:04:14.260 | INFO     | scripts.train_dataset.benchmarking:run_bench_ml:67 - Bench ML: familia 4/5 -- histgb
2026-09-10 01:04:54.663 | INFO     | src.evaluation.reports:evaluate_predictions:58 -       histgb (bench) [ML] | WAPE: 40.68% | WRMSSE: 2.4903  | fit: 40.05s
2026-09-10 01:04:54.664 | INFO     | scripts.train_dataset.benchmarking:run_bench_ml:67 - Bench ML: familia 5/5 -- ridge
2026-09-10 01:04:55.393 | INFO     | src.evaluation.reports:evaluate_predictions:58 -        ridge (bench) [ML] | WAPE: 41.84% | WRMSSE: 2.6089  | fit: 0.63s
2026-09-10 01:04:55.394 | SUCCESS  | scripts.train_dataset.benchmarking:pick_winner:94 - Modelo ganador (bench, 4 familias tree-based comparadas): xgboost | regression_l2=903.5027
2026-09-10 01:04:55.394 | INFO     | scripts.train_dataset.pipeline:run_pipeline:62 - Fase bench ML (5 familias, sin Optuna): 70.8s
2026-09-10 01:04:55.398 | INFO     | scripts.train_dataset.refinement:select_features:88 - Top 10 gain importance (xgboost):
te_weekend_mean                    1.260207e+09
lag7                               3.981066e+08
lag28                              2.054108e+08
lag14                              7.454262e+07
rolling_mean_lag1_window_size7     4.219251e+07
lag1                               3.289963e+07
rolling_mean_lag1_window_size14    1.934285e+07
te_snap_mean                       1.658278e+07
snap                               1.549563e+07
lag91                              1.495870e+07
dtype: float64
2026-09-10 01:05:14.822 | INFO     | scripts.train_dataset.refinement:select_features:95 - Top 10 permutation importance (xgboost):
te_weekend_mean    1444.097644
lag28               585.848328
te_snap_mean        263.939270
cat_id              169.191321
lag7                158.277014
lag14                83.516504
event_name_1         47.328711
lag364               39.215417
lag21                29.806958
dayofweek            27.996094
dtype: float64
2026-09-10 01:05:20.308 | INFO     | src.modeling.feature_selection:backward_feature_selection:139 - Baseline (191 features): regression_l2=903.5027 | WRMSSE=1.1409 (informativo)
2026-09-10 01:06:43.892 | WARNING  | src.modeling.feature_selection:try_remove:162 - ELIMINADA(S) 'lag18' -> 190 features | regression_l2=879.2595 | WRMSSE=1.1075
2026-09-10 01:07:19.623 | WARNING  | src.modeling.feature_selection:try_remove:162 - ELIMINADA(S) 'rolling_min_lag91_window_size91' -> 189 features | regression_l2=878.2538 | WRMSSE=1.0547
2026-09-10 01:07:37.641 | WARNING  | src.modeling.feature_selection:try_remove:162 - ELIMINADA(S) 'month_sin' -> 188 features | regression_l2=868.8759 | WRMSSE=1.0424
2026-09-10 01:10:45.711 | WARNING  | src.modeling.feature_selection:try_remove:162 - ELIMINADA(S) 'rolling_max_lag3_window_size14' -> 187 features | regression_l2=868.8759 | WRMSSE=1.0424
2026-09-10 01:11:11.426 | WARNING  | src.modeling.feature_selection:try_remove:162 - ELIMINADA(S) 'rolling_mean_lag6_window_size14' -> 186 features | regression_l2=864.4433 | WRMSSE=1.0396
2026-09-10 01:11:23.361 | WARNING  | src.modeling.feature_selection:try_remove:162 - ELIMINADA(S) 'rolling_max_lag5_window_size7' -> 185 features | regression_l2=849.5033 | WRMSSE=1.0447
2026-09-10 01:12:15.738 | WARNING  | src.modeling.feature_selection:try_remove:162 - ELIMINADA(S) 'is_likely_stockout' -> 184 features | regression_l2=849.5033 | WRMSSE=1.0447
2026-09-10 01:13:13.672 | WARNING  | src.modeling.feature_selection:try_remove:162 - ELIMINADA(S) 'item_id' -> 183 features | regression_l2=849.5033 | WRMSSE=1.0447
2026-09-10 01:13:24.633 | WARNING  | src.modeling.feature_selection:try_remove:162 - ELIMINADA(S) 'pct_zero_90' -> 182 features | regression_l2=849.5033 | WRMSSE=1.0447
2026-09-10 01:13:43.245 | WARNING  | src.modeling.feature_selection:try_remove:162 - ELIMINADA(S) 'dept_id' -> 181 features | regression_l2=849.5033 | WRMSSE=1.0447
2026-09-10 01:14:08.875 | WARNING  | src.modeling.feature_selection:try_remove:162 - ELIMINADA(S) 'store_id' -> 180 features | regression_l2=849.5033 | WRMSSE=1.0447
2026-09-10 01:14:33.798 | WARNING  | src.modeling.feature_selection:try_remove:162 - ELIMINADA(S) 'event_type_2' -> 179 features | regression_l2=849.5033 | WRMSSE=1.0447
2026-09-10 01:14:45.677 | WARNING  | src.modeling.feature_selection:try_remove:162 - ELIMINADA(S) 'has_event' -> 178 features | regression_l2=849.5033 | WRMSSE=1.0447
2026-09-10 01:14:56.774 | WARNING  | src.modeling.feature_selection:try_remove:162 - ELIMINADA(S) 'has_event_2' -> 177 features | regression_l2=849.5033 | WRMSSE=1.0447
2026-09-10 01:15:07.597 | WARNING  | src.modeling.feature_selection:try_remove:162 - ELIMINADA(S) 'year' -> 176 features | regression_l2=849.5033 | WRMSSE=1.0447
2026-09-10 01:15:18.789 | WARNING  | src.modeling.feature_selection:try_remove:162 - ELIMINADA(S) 'is_weekend' -> 175 features | regression_l2=849.5033 | WRMSSE=1.0447
2026-09-10 01:15:39.863 | WARNING  | src.modeling.feature_selection:try_remove:162 - ELIMINADA(S) 'quarter' -> 174 features | regression_l2=849.5033 | WRMSSE=1.0447
2026-09-10 01:16:05.847 | WARNING  | src.modeling.feature_selection:try_remove:162 - ELIMINADA(S) 'days_since_price_change' -> 173 features | regression_l2=849.5033 | WRMSSE=1.0447
2026-09-10 01:16:25.618 | WARNING  | src.modeling.feature_selection:try_remove:162 - ELIMINADA(S) 'event_type_1_enc' -> 172 features | regression_l2=849.5033 | WRMSSE=1.0447
2026-09-10 01:16:36.675 | WARNING  | src.modeling.feature_selection:try_remove:162 - ELIMINADA(S) 'is_month_start' -> 171 features | regression_l2=849.5033 | WRMSSE=1.0447
2026-09-10 01:16:58.434 | WARNING  | src.modeling.feature_selection:try_remove:162 - ELIMINADA(S) 'te_dept_std' -> 170 features | regression_l2=849.5033 | WRMSSE=1.0447
2026-09-10 01:17:14.142 | WARNING  | src.modeling.feature_selection:try_remove:162 - ELIMINADA(S) 'is_store_closed' -> 169 features | regression_l2=849.5033 | WRMSSE=1.0447
2026-09-10 01:20:39.330 | WARNING  | src.modeling.feature_selection:try_remove:162 - ELIMINADA(S) 'rolling_mean_lag3_window_size7' -> 168 features | regression_l2=839.6514 | WRMSSE=1.0147
2026-09-10 01:34:51.223 | WARNING  | src.modeling.feature_selection:try_remove:162 - ELIMINADA(S) 'month_cos' -> 167 features | regression_l2=839.6494 | WRMSSE=1.0147
2026-09-10 01:35:28.813 | WARNING  | src.modeling.feature_selection:try_remove:162 - ELIMINADA(S) 'rolling_mean_lag3_window_size14' -> 166 features | regression_l2=828.8702 | WRMSSE=1.0121
2026-09-10 01:50:58.781 | WARNING  | src.modeling.feature_selection:try_remove:162 - ELIMINADA(S) 'month' -> 165 features | regression_l2=820.4679 | WRMSSE=0.9715
2026-09-10 02:20:30.146 | INFO     | src.modeling.feature_selection:backward_feature_selection:189 - Seleccionadas 165/191 features | regression_l2 final: 820.4679 | WRMSSE final: 0.9715
2026-09-10 02:20:30.149 | INFO     | scripts.train_dataset.refinement:select_features:114 - Features descartadas (26): ['days_since_price_change', 'dept_id', 'event_type_1_enc', 'event_type_2', 'has_event', 'has_event_2', 'is_likely_stockout', 'is_month_start', 'is_store_closed', 'is_weekend', 'item_id', 'lag18', 'month', 'month_cos', 'month_sin', 'pct_zero_90', 'quarter', 'rolling_max_lag3_window_size14', 'rolling_max_lag5_window_size7', 'rolling_mean_lag3_window_size14', 'rolling_mean_lag3_window_size7', 'rolling_mean_lag6_window_size14', 'rolling_min_lag91_window_size91', 'store_id', 'te_dept_std', 'year']
2026-09-10 02:20:30.167 | INFO     | scripts.train_dataset.refinement:select_features:127 - Features finales: 165 (5 categóricas) | regression_l2=820.4679 | WRMSSE=0.9715 (informativo)
2026-09-10 02:20:30.167 | INFO     | scripts.train_dataset.pipeline:run_pipeline:74 - Fase selección de features: 4534.8s
2026-09-10 02:21:35.644 | INFO     | src.evaluation.reports:evaluate_predictions:58 - xgboost (bench, selected features) [ML] | WAPE: 12.17% | WRMSSE: 0.9557  | fit: 65.34s
2026-09-10 02:21:37.754 | INFO     | scripts.train_dataset.refinement:run_shap:173 - SHAP (xgboost): feature más importante = te_weekend_mean | plots guardados en /home/njimenez/workspace/magister/forecast-tfm/artifacts/plots
2026-09-10 02:21:37.758 | INFO     | scripts.train_dataset.pipeline:run_pipeline:79 - Fase SHAP: 67.6s
2026-09-10 02:21:37.819 | INFO     | scripts.train_dataset.refinement:tune_optuna_family:60 - [xgboost] Optuna arrancando: hasta 100 trials (timeout 120s) -- study 'study_level_05_daily_state_cat_sales_final_xgboost'
2026-09-10 02:23:40.559 | INFO     | scripts.train_dataset.refinement:tune_optuna_family:70 - [xgboost] Optuna terminó -- elige hiperparámetros por regression_l2 (no por WRMSSE): mejor regression_l2 = 903.1620 | WRMSSE de ESE trial: 1.1151 (solo referencia, puede no ser el mínimo posible; el WRMSSE definitivo se reporta abajo, tras reentrenar con estos hiperparámetros)
2026-09-10 02:23:40.563 | INFO     | scripts.train_dataset.refinement:tune_optuna_family:76 - [xgboost] Mejores hiperparámetros: {'learning_rate': 0.031707193242141093, 'max_depth': 10, 'min_child_weight': 3.939675937754721, 'subsample': 0.8650089137415928, 'colsample_bytree': 0.7246844304357644, 'reg_alpha': 0.08389112347840598, 'reg_lambda': 0.105260377776104}
2026-09-10 02:23:40.568 | INFO     | scripts.train_dataset.pipeline:run_pipeline:85 - Fase Optuna final: 122.8s
2026-09-10 02:24:23.245 | INFO     | scripts.train_dataset.refinement:fit_final_model:222 - CV (1 folds) best_iteration: [237] -> n_estimators final = 237
2026-09-10 02:24:23.376 | INFO     | src.evaluation.reports:evaluate_predictions:58 - xgboost (final, Optuna) [ML] | WAPE: 14.30% | WRMSSE: 1.1151  | fit: 42.74s
2026-09-10 02:25:38.031 | INFO     | scripts.train_dataset.refinement:fit_final_model:243 - Test WAPE: 6.85% | Test WRMSSE: 0.5741
2026-09-10 02:25:41.708 | INFO     | scripts.train_dataset.benchmarking:save_model_comparison:115 - Comparación de modelos guardada en /home/njimenez/workspace/magister/forecast-tfm/artifacts/results
2026-09-10 02:25:42.336 | SUCCESS  | scripts.train_dataset.export:export_artifact:109 - Artifact guardado en /home/njimenez/workspace/magister/forecast-tfm/artifacts/models/level_05_daily_state_cat_sales_artifact.pkl (modelo: xgboost)
2026-09-10 02:25:42.506 | SUCCESS  | scripts.train_dataset.export:export_artifact:119 - Versión 20260910T052542Z registrada en registry.json
2026-09-10 02:25:42.507 | INFO     | scripts.train_dataset.pipeline:run_pipeline:93 - Pipeline completo (level_05_daily_state_cat/sales) en 4955.3s
2026-09-10 02:25:42.707 | INFO     | src.data.dataset:load_data:58 - level_05_weekly_state_cat | target=sales | 2,502 filas | 109 features (9 categóricas)
2026-09-10 02:25:42.713 | INFO     | src.data.temporal_split:log_summary:41 - Train : 2011-01-29 to 2015-04-20 (1,549 days, 1,998 rows)
2026-09-10 02:25:42.713 | INFO     | src.data.temporal_split:log_summary:42 - Valid : 2015-04-27 to 2016-04-18 (364 days, 468 rows)
2026-09-10 02:25:42.714 | INFO     | src.data.temporal_split:log_summary:43 - Test  : 2016-04-25 to 2016-05-16 (22 days, 36 rows)
2026-09-10 02:25:42.927 | INFO     | src.data.dataset:split_data:119 - Features: 109 (9 categóricas)
2026-09-10 02:25:42.973 | INFO     | src.evaluation.reports:evaluate_predictions:58 - Seasonal naive (1w) [Naive] | WAPE: 12.16% | WRMSSE: 0.7088  | fit: 0.01s
2026-09-10 02:25:43.023 | INFO     | src.evaluation.reports:evaluate_predictions:58 - Seasonal naive (4w) [Naive] | WAPE: 10.11% | WRMSSE: 0.6228  | fit: 0.01s
2026-09-10 02:25:43.072 | INFO     | src.evaluation.reports:evaluate_predictions:58 - Seasonal naive (52w) [Naive] | WAPE: 10.27% | WRMSSE: 0.7425  | fit: 0.01s
2026-09-10 02:25:43.119 | INFO     | src.evaluation.reports:evaluate_predictions:58 -             Drift [Naive] | WAPE: 9.02% | WRMSSE: 0.5833  | fit: 0.01s
2026-09-10 02:25:43.159 | INFO     | src.evaluation.reports:evaluate_predictions:58 -   Historical mean [Naive] | WAPE: 18.53% | WRMSSE: 1.2451  | fit: 0.00s
2026-09-10 02:25:43.200 | INFO     | src.evaluation.reports:evaluate_predictions:58 - Moving average (2w) [Naive] | WAPE: 11.12% | WRMSSE: 0.6737  | fit: 0.00s
2026-09-10 02:25:43.242 | INFO     | src.evaluation.reports:evaluate_predictions:58 - Moving average (3w) [Naive] | WAPE: 9.92% | WRMSSE: 0.6034  | fit: 0.00s
2026-09-10 02:25:43.283 | INFO     | src.evaluation.reports:evaluate_predictions:58 - Moving average (4w) [Naive] | WAPE: 9.37% | WRMSSE: 0.5733  | fit: 0.00s
2026-09-10 02:25:43.324 | INFO     | src.evaluation.reports:evaluate_predictions:58 - Moving average (6w) [Naive] | WAPE: 10.48% | WRMSSE: 0.6331  | fit: 0.00s
2026-09-10 02:25:43.365 | INFO     | src.evaluation.reports:evaluate_predictions:58 - Moving average (8w) [Naive] | WAPE: 9.84% | WRMSSE: 0.6033  | fit: 0.00s
2026-09-10 02:25:43.365 | INFO     | scripts.train_dataset.pipeline:run_pipeline:51 - Fase naive: 0.4s
2026-09-10 02:26:01.565 | INFO     | src.evaluation.reports:evaluate_predictions:58 -      SARIMA [Statistical] | WAPE: 10963245846.49% | WRMSSE: 4502536187.6548  | fit: 18.14s
2026-09-10 02:26:02.672 | INFO     | src.evaluation.reports:evaluate_predictions:58 - ETS (Holt-Winters) [Statistical] | WAPE: 9.92% | WRMSSE: 0.6163  | fit: 1.05s
2026-09-10 02:26:02.819 | INFO     | src.evaluation.reports:evaluate_predictions:58 -       Theta [Statistical] | WAPE: 7.52% | WRMSSE: 0.5065  | fit: 0.11s
2026-09-10 02:26:24.164 | INFO     | src.evaluation.reports:evaluate_predictions:58 -       TBATS [Statistical] | WAPE: 14.46% | WRMSSE: 0.9104  | fit: 21.29s
2026-09-10 02:26:25.033 | INFO     | src.evaluation.reports:evaluate_predictions:58 -     Prophet [Statistical] | WAPE: 9.58% | WRMSSE: 0.6698  | fit: 0.81s
2026-09-10 02:26:25.034 | INFO     | scripts.train_dataset.pipeline:run_pipeline:56 - Fase estadísticos clásicos: 41.7s
2026-09-10 02:26:25.034 | INFO     | scripts.train_dataset.benchmarking:run_bench_ml:67 - Bench ML: familia 1/5 -- lightgbm
2026-09-10 02:26:26.097 | INFO     | src.evaluation.reports:evaluate_predictions:58 -     lightgbm (bench) [ML] | WAPE: 10.30% | WRMSSE: 0.7899  | fit: 1.01s
2026-09-10 02:26:26.097 | INFO     | scripts.train_dataset.benchmarking:run_bench_ml:67 - Bench ML: familia 2/5 -- xgboost
2026-09-10 02:26:28.431 | INFO     | src.evaluation.reports:evaluate_predictions:58 -      xgboost (bench) [ML] | WAPE: 13.40% | WRMSSE: 1.1186  | fit: 2.28s
2026-09-10 02:26:28.431 | INFO     | scripts.train_dataset.benchmarking:run_bench_ml:67 - Bench ML: familia 3/5 -- catboost
2026-09-10 02:26:30.979 | INFO     | src.evaluation.reports:evaluate_predictions:58 -     catboost (bench) [ML] | WAPE: 21.96% | WRMSSE: 1.2709  | fit: 2.49s
2026-09-10 02:26:30.980 | INFO     | scripts.train_dataset.benchmarking:run_bench_ml:67 - Bench ML: familia 4/5 -- histgb
2026-09-10 02:26:48.278 | INFO     | src.evaluation.reports:evaluate_predictions:58 -       histgb (bench) [ML] | WAPE: 22.53% | WRMSSE: 1.4163  | fit: 17.15s
2026-09-10 02:26:48.279 | INFO     | scripts.train_dataset.benchmarking:run_bench_ml:67 - Bench ML: familia 5/5 -- ridge
2026-09-10 02:26:48.485 | INFO     | src.evaluation.reports:evaluate_predictions:58 -        ridge (bench) [ML] | WAPE: 29.23% | WRMSSE: 2.6336  | fit: 0.09s
2026-09-10 02:26:48.486 | SUCCESS  | scripts.train_dataset.benchmarking:pick_winner:94 - Modelo ganador (bench, 4 familias tree-based comparadas): lightgbm | regression_l2=4745.9923
2026-09-10 02:26:48.486 | INFO     | scripts.train_dataset.pipeline:run_pipeline:62 - Fase bench ML (5 familias, sin Optuna): 23.5s
2026-09-10 02:26:48.491 | INFO     | scripts.train_dataset.refinement:select_features:88 - Top 10 gain importance (lightgbm):
te_snap_mean                     3.345745e+12
cat_id                           6.675987e+11
lag4                             4.932718e+11
lag1                             1.828357e+11
lag2                             6.783297e+10
rolling_max_lag1_window_size4    5.275340e+10
days_to_closure                  5.092264e+10
weekofyear                       3.075002e+10
doy_cos                          1.674946e+10
te_weekend_mean                  1.625558e+10
dtype: float64
2026-09-10 02:26:58.863 | INFO     | scripts.train_dataset.refinement:select_features:95 - Top 10 permutation importance (lightgbm):
te_snap_mean       11082.717981
lag4                5179.829726
cat_id              4002.971543
is_store_closed     1018.220845
lag1                 606.488168
te_cat_mean          480.096318
days_to_closure      422.681576
lag17                285.213298
lag52                219.057399
lag26                202.234090
dtype: float64
2026-09-10 02:27:02.761 | INFO     | src.modeling.feature_selection:backward_feature_selection:139 - Baseline (109 features): regression_l2=4745.9923 | WRMSSE=0.7899 (informativo)
2026-09-10 02:27:22.952 | WARNING  | src.modeling.feature_selection:try_remove:162 - ELIMINADA(S) 'rolling_max_lag52_window_size4' -> 108 features | regression_l2=4668.1133 | WRMSSE=0.7725
2026-09-10 02:27:40.163 | WARNING  | src.modeling.feature_selection:try_remove:162 - ELIMINADA(S) 'rolling_max_lag52_window_size13' -> 107 features | regression_l2=4588.0017 | WRMSSE=0.7272
2026-09-10 02:27:45.002 | WARNING  | src.modeling.feature_selection:try_remove:162 - ELIMINADA(S) 'has_event' -> 106 features | regression_l2=4588.0017 | WRMSSE=0.7272
2026-09-10 02:27:46.462 | WARNING  | src.modeling.feature_selection:try_remove:162 - ELIMINADA(S) 'month_cos' -> 105 features | regression_l2=4536.1300 | WRMSSE=0.7143
2026-09-10 02:27:51.913 | WARNING  | src.modeling.feature_selection:try_remove:162 - ELIMINADA(S) 'is_likely_stockout' -> 104 features | regression_l2=4536.1300 | WRMSSE=0.7143
2026-09-10 02:27:53.400 | WARNING  | src.modeling.feature_selection:try_remove:162 - ELIMINADA(S) 'pct_zero_28' -> 103 features | regression_l2=4536.1300 | WRMSSE=0.7143
2026-09-10 02:27:54.967 | WARNING  | src.modeling.feature_selection:try_remove:162 - ELIMINADA(S) 'te_dept_std' -> 102 features | regression_l2=4536.1300 | WRMSSE=0.7143
2026-09-10 02:27:56.324 | WARNING  | src.modeling.feature_selection:try_remove:162 - ELIMINADA(S) 'event_type_2_enc' -> 101 features | regression_l2=4536.1300 | WRMSSE=0.7143
2026-09-10 02:27:58.997 | WARNING  | src.modeling.feature_selection:try_remove:162 - ELIMINADA(S) 'days_since_price_change' -> 100 features | regression_l2=4536.1300 | WRMSSE=0.7143
2026-09-10 02:28:00.594 | WARNING  | src.modeling.feature_selection:try_remove:162 - ELIMINADA(S) 'item_id' -> 99 features | regression_l2=4536.1300 | WRMSSE=0.7143
2026-09-10 02:28:03.289 | WARNING  | src.modeling.feature_selection:try_remove:162 - ELIMINADA(S) 'zero_streak' -> 98 features | regression_l2=4536.1300 | WRMSSE=0.7143
2026-09-10 02:28:04.621 | WARNING  | src.modeling.feature_selection:try_remove:162 - ELIMINADA(S) 'year' -> 97 features | regression_l2=4536.1300 | WRMSSE=0.7143
2026-09-10 02:28:07.503 | WARNING  | src.modeling.feature_selection:try_remove:162 - ELIMINADA(S) 'event_name_2' -> 96 features | regression_l2=4536.1300 | WRMSSE=0.7143
2026-09-10 02:28:08.837 | WARNING  | src.modeling.feature_selection:try_remove:162 - ELIMINADA(S) 'dayofweek' -> 95 features | regression_l2=4536.1300 | WRMSSE=0.7143
2026-09-10 02:28:10.221 | WARNING  | src.modeling.feature_selection:try_remove:162 - ELIMINADA(S) 'has_event_2' -> 94 features | regression_l2=4536.1300 | WRMSSE=0.7143
2026-09-10 02:28:11.592 | WARNING  | src.modeling.feature_selection:try_remove:162 - ELIMINADA(S) 'is_weekend' -> 93 features | regression_l2=4536.1300 | WRMSSE=0.7143
2026-09-10 02:28:13.076 | WARNING  | src.modeling.feature_selection:try_remove:162 - ELIMINADA(S) 'store_id' -> 92 features | regression_l2=4536.1300 | WRMSSE=0.7143
2026-09-10 02:28:15.635 | WARNING  | src.modeling.feature_selection:try_remove:162 - ELIMINADA(S) 'quarter' -> 91 features | regression_l2=4536.1300 | WRMSSE=0.7143
2026-09-10 02:28:16.908 | WARNING  | src.modeling.feature_selection:try_remove:162 - ELIMINADA(S) 'is_month_start' -> 90 features | regression_l2=4536.1300 | WRMSSE=0.7143
2026-09-10 02:28:21.961 | WARNING  | src.modeling.feature_selection:try_remove:162 - ELIMINADA(S) 'dow_cos' -> 89 features | regression_l2=4536.1300 | WRMSSE=0.7143
2026-09-10 02:28:25.994 | WARNING  | src.modeling.feature_selection:try_remove:162 - ELIMINADA(S) 'dept_id' -> 88 features | regression_l2=4536.1300 | WRMSSE=0.7143
2026-09-10 02:28:30.032 | WARNING  | src.modeling.feature_selection:try_remove:162 - ELIMINADA(S) 'dow_sin' -> 87 features | regression_l2=4536.1300 | WRMSSE=0.7143
2026-09-10 02:28:34.079 | WARNING  | src.modeling.feature_selection:try_remove:162 - ELIMINADA(S) 'pct_zero_90' -> 86 features | regression_l2=4536.1300 | WRMSSE=0.7143
2026-09-10 02:29:09.277 | WARNING  | src.modeling.feature_selection:try_remove:162 - ELIMINADA(S) 8 features ['rolling_mean_lag13_window_size13', 'days_to_thanksgiving', 'momentum_lag4_4_13', 'days_to_event', 'event_type_1_enc', 'rolling_min_lag1_window_size4', 'cv2_90', 'rolling_std_lag52_window_size13'] -> 78 features | regression_l2=4369.4230 | WRMSSE=0.7205
2026-09-10 02:31:04.534 | WARNING  | src.modeling.feature_selection:try_remove:162 - ELIMINADA(S) 'lag1' -> 77 features | regression_l2=3804.0119 | WRMSSE=0.7606
2026-09-10 02:31:11.782 | WARNING  | src.modeling.feature_selection:try_remove:162 - ELIMINADA(S) 8 features ['rolling_max_lag13_window_size26', 'price_vs_max', 'avg_sell_price', 'rolling_max_lag4_window_size13', 'rolling_mean_lag52_window_size13', 'rolling_max_lag13_window_size13', 'price_lag_1', 'rolling_min_lag4_window_size4'] -> 69 features | regression_l2=3528.5773 | WRMSSE=0.6948
2026-09-10 02:31:16.129 | WARNING  | src.modeling.feature_selection:try_remove:162 - ELIMINADA(S) 'rolling_mean_lag1_window_size4' -> 68 features | regression_l2=3397.7690 | WRMSSE=0.6821
2026-09-10 02:31:25.946 | WARNING  | src.modeling.feature_selection:try_remove:162 - ELIMINADA(S) 'rolling_min_lag4_window_size26' -> 67 features | regression_l2=3383.7600 | WRMSSE=0.6682
2026-09-10 02:31:44.431 | WARNING  | src.modeling.feature_selection:try_remove:162 - ELIMINADA(S) 'is_month_end' -> 66 features | regression_l2=3355.6708 | WRMSSE=0.6762
2026-09-10 02:31:49.981 | WARNING  | src.modeling.feature_selection:try_remove:162 - ELIMINADA(S) 'event_type_1' -> 65 features | regression_l2=3355.6708 | WRMSSE=0.6762
2026-09-10 02:32:15.986 | WARNING  | src.modeling.feature_selection:try_remove:162 - ELIMINADA(S) 'te_item_std' -> 64 features | regression_l2=3303.4305 | WRMSSE=0.6346
2026-09-10 02:36:54.288 | WARNING  | src.modeling.feature_selection:try_remove:162 - ELIMINADA(S) 8 features ['lag2', 'rolling_std_lag13_window_size26', 'rolling_min_lag52_window_size4', 'lag13', 'rolling_max_lag1_window_size4', 'weekofyear', 'te_weekend_mean', 'lag26'] -> 56 features | regression_l2=2987.2693 | WRMSSE=0.4883
2026-09-10 02:37:08.530 | WARNING  | src.modeling.feature_selection:try_remove:162 - ELIMINADA(S) 8 features ['rolling_min_lag13_window_size26', 'rolling_mean_lag1_window_size13', 'month', 'te_dept_mean', 'rolling_mean_lag52_window_size4', 'rolling_mean_lag4_window_size26', 'snap', 'rolling_min_lag4_window_size13'] -> 48 features | regression_l2=2834.4515 | WRMSSE=0.4469
2026-09-10 02:37:15.800 | WARNING  | src.modeling.feature_selection:try_remove:162 - ELIMINADA(S) 'event_type_2' -> 47 features | regression_l2=2834.4515 | WRMSSE=0.4469
2026-09-10 02:37:17.106 | WARNING  | src.modeling.feature_selection:try_remove:162 - ELIMINADA(S) 'days_since_event' -> 46 features | regression_l2=2734.5771 | WRMSSE=0.4271
2026-09-10 02:37:21.970 | WARNING  | src.modeling.feature_selection:try_remove:162 - ELIMINADA(S) 'rolling_max_lag1_window_size13' -> 45 features | regression_l2=2681.8440 | WRMSSE=0.4500
2026-09-10 02:37:56.088 | WARNING  | src.modeling.feature_selection:try_remove:162 - ELIMINADA(S) 'lag39' -> 44 features | regression_l2=2635.3867 | WRMSSE=0.4043
2026-09-10 02:38:32.218 | WARNING  | src.modeling.feature_selection:try_remove:162 - ELIMINADA(S) 'is_store_closed' -> 43 features | regression_l2=2634.2710 | WRMSSE=0.4410
2026-09-10 02:38:51.324 | WARNING  | src.modeling.feature_selection:try_remove:162 - ELIMINADA(S) 'rolling_std_lag4_window_size26' -> 42 features | regression_l2=2605.3715 | WRMSSE=0.4066
2026-09-10 02:38:58.434 | WARNING  | src.modeling.feature_selection:try_remove:162 - ELIMINADA(S) 'expanding_mean_lag13' -> 41 features | regression_l2=2553.8510 | WRMSSE=0.4169
2026-09-10 02:40:20.908 | INFO     | src.modeling.feature_selection:backward_feature_selection:189 - Seleccionadas 41/109 features | regression_l2 final: 2553.8510 | WRMSSE final: 0.4169
2026-09-10 02:40:20.910 | INFO     | scripts.train_dataset.refinement:select_features:114 - Features descartadas (68): ['avg_sell_price', 'cv2_90', 'dayofweek', 'days_since_event', 'days_since_price_change', 'days_to_event', 'days_to_thanksgiving', 'dept_id', 'dow_cos', 'dow_sin', 'event_name_2', 'event_type_1', 'event_type_1_enc', 'event_type_2', 'event_type_2_enc', 'expanding_mean_lag13', 'has_event', 'has_event_2', 'is_likely_stockout', 'is_month_end', 'is_month_start', 'is_store_closed', 'is_weekend', 'item_id', 'lag1', 'lag13', 'lag2', 'lag26', 'lag39', 'momentum_lag4_4_13', 'month', 'month_cos', 'pct_zero_28', 'pct_zero_90', 'price_lag_1', 'price_vs_max', 'quarter', 'rolling_max_lag13_window_size13', 'rolling_max_lag13_window_size26', 'rolling_max_lag1_window_size13', 'rolling_max_lag1_window_size4', 'rolling_max_lag4_window_size13', 'rolling_max_lag52_window_size13', 'rolling_max_lag52_window_size4', 'rolling_mean_lag13_window_size13', 'rolling_mean_lag1_window_size13', 'rolling_mean_lag1_window_size4', 'rolling_mean_lag4_window_size26', 'rolling_mean_lag52_window_size13', 'rolling_mean_lag52_window_size4', 'rolling_min_lag13_window_size26', 'rolling_min_lag1_window_size4', 'rolling_min_lag4_window_size13', 'rolling_min_lag4_window_size26', 'rolling_min_lag4_window_size4', 'rolling_min_lag52_window_size4', 'rolling_std_lag13_window_size26', 'rolling_std_lag4_window_size26', 'rolling_std_lag52_window_size13', 'snap', 'store_id', 'te_dept_mean', 'te_dept_std', 'te_item_std', 'te_weekend_mean', 'weekofyear', 'year', 'zero_streak']
2026-09-10 02:40:20.919 | INFO     | scripts.train_dataset.refinement:select_features:127 - Features finales: 41 (3 categóricas) | regression_l2=2553.8510 | WRMSSE=0.4169 (informativo)
2026-09-10 02:40:20.919 | INFO     | scripts.train_dataset.pipeline:run_pipeline:74 - Fase selección de features: 812.4s
2026-09-10 02:40:22.288 | INFO     | src.evaluation.reports:evaluate_predictions:58 - lightgbm (bench, selected features) [ML] | WAPE: 5.61% | WRMSSE: 0.4169  | fit: 1.32s
2026-09-10 02:40:23.899 | INFO     | scripts.train_dataset.refinement:run_shap:173 - SHAP (lightgbm): feature más importante = te_snap_mean | plots guardados en /home/njimenez/workspace/magister/forecast-tfm/artifacts/plots
2026-09-10 02:40:23.900 | INFO     | scripts.train_dataset.pipeline:run_pipeline:79 - Fase SHAP: 3.0s
2026-09-10 02:40:23.959 | INFO     | scripts.train_dataset.refinement:tune_optuna_family:60 - [lightgbm] Optuna arrancando: hasta 100 trials (timeout 120s) -- study 'study_level_05_weekly_state_cat_sales_final_lightgbm'
2026-09-10 02:42:24.265 | INFO     | scripts.train_dataset.refinement:tune_optuna_family:70 - [lightgbm] Optuna terminó -- elige hiperparámetros por regression_l2 (no por WRMSSE): mejor regression_l2 = 2434.9771 | WRMSSE de ESE trial: 0.4296 (solo referencia, puede no ser el mínimo posible; el WRMSSE definitivo se reporta abajo, tras reentrenar con estos hiperparámetros)
2026-09-10 02:42:24.268 | INFO     | scripts.train_dataset.refinement:tune_optuna_family:76 - [lightgbm] Mejores hiperparámetros: {'learning_rate': 0.1485561552078641, 'num_leaves': 49, 'max_depth': 8, 'min_child_samples': 20, 'subsample': 0.8208073123530666, 'colsample_bytree': 0.7718438174153792, 'reg_alpha': 4.527164902339061, 'reg_lambda': 0.5996273934628229}
2026-09-10 02:42:24.272 | INFO     | scripts.train_dataset.pipeline:run_pipeline:85 - Fase Optuna final: 120.4s
2026-09-10 02:42:24.883 | INFO     | scripts.train_dataset.refinement:fit_final_model:222 - CV (1 folds) best_iteration: [106] -> n_estimators final = 106
2026-09-10 02:42:24.927 | INFO     | src.evaluation.reports:evaluate_predictions:58 - lightgbm (final, Optuna) [ML] | WAPE: 7.41% | WRMSSE: 0.5550  | fit: 0.62s
2026-09-10 02:42:25.488 | INFO     | scripts.train_dataset.refinement:fit_final_model:243 - Test WAPE: 5.34% | Test WRMSSE: 0.3679
2026-09-10 02:42:27.590 | INFO     | scripts.train_dataset.benchmarking:save_model_comparison:115 - Comparación de modelos guardada en /home/njimenez/workspace/magister/forecast-tfm/artifacts/results
2026-09-10 02:42:27.752 | SUCCESS  | scripts.train_dataset.export:export_artifact:109 - Artifact guardado en /home/njimenez/workspace/magister/forecast-tfm/artifacts/models/level_05_weekly_state_cat_sales_artifact.pkl (modelo: lightgbm)
2026-09-10 02:42:27.828 | SUCCESS  | scripts.train_dataset.export:export_artifact:119 - Versión 20260910T054227Z registrada en registry.json
2026-09-10 02:42:27.828 | INFO     | scripts.train_dataset.pipeline:run_pipeline:93 - Pipeline completo (level_05_weekly_state_cat/sales) en 1005.1s
2026-09-10 02:42:28.116 | INFO     | src.data.dataset:load_data:58 - level_06_daily_store | target=sales | 19,410 filas | 191 features (9 categóricas)
2026-09-10 02:42:28.127 | INFO     | src.data.temporal_split:log_summary:41 - Train : 2011-01-29 to 2015-04-26 (1,549 days, 15,490 rows)
2026-09-10 02:42:28.128 | INFO     | src.data.temporal_split:log_summary:42 - Valid : 2015-04-27 to 2016-04-24 (364 days, 3,640 rows)
2026-09-10 02:42:28.128 | INFO     | src.data.temporal_split:log_summary:43 - Test  : 2016-04-25 to 2016-05-22 (28 days, 280 rows)
2026-09-10 02:42:28.406 | INFO     | src.data.dataset:split_data:119 - Features: 191 (9 categóricas)
2026-09-10 02:42:28.522 | INFO     | src.evaluation.reports:evaluate_predictions:58 - Seasonal naive (1d) [Naive] | WAPE: 22.39% | WRMSSE: 1.5566  | fit: 0.04s
2026-09-10 02:42:28.632 | INFO     | src.evaluation.reports:evaluate_predictions:58 - Seasonal naive (7d) [Naive] | WAPE: 15.04% | WRMSSE: 1.0236  | fit: 0.04s
2026-09-10 02:42:28.739 | INFO     | src.evaluation.reports:evaluate_predictions:58 - Seasonal naive (28d) [Naive] | WAPE: 15.34% | WRMSSE: 1.0520  | fit: 0.04s
2026-09-10 02:42:28.847 | INFO     | src.evaluation.reports:evaluate_predictions:58 - Seasonal naive (364d) [Naive] | WAPE: 13.42% | WRMSSE: 0.9613  | fit: 0.04s
2026-09-10 02:42:28.931 | INFO     | src.evaluation.reports:evaluate_predictions:58 -             Drift [Naive] | WAPE: 24.63% | WRMSSE: 1.7115  | fit: 0.01s
2026-09-10 02:42:29.008 | INFO     | src.evaluation.reports:evaluate_predictions:58 -   Historical mean [Naive] | WAPE: 20.21% | WRMSSE: 1.4814  | fit: 0.00s
2026-09-10 02:42:29.091 | INFO     | src.evaluation.reports:evaluate_predictions:58 - Moving average (7d) [Naive] | WAPE: 18.15% | WRMSSE: 1.2853  | fit: 0.01s
2026-09-10 02:42:29.169 | INFO     | src.evaluation.reports:evaluate_predictions:58 - Moving average (14d) [Naive] | WAPE: 17.57% | WRMSSE: 1.2432  | fit: 0.01s
2026-09-10 02:42:29.245 | INFO     | src.evaluation.reports:evaluate_predictions:58 - Moving average (21d) [Naive] | WAPE: 17.21% | WRMSSE: 1.2039  | fit: 0.01s
2026-09-10 02:42:29.322 | INFO     | src.evaluation.reports:evaluate_predictions:58 - Moving average (28d) [Naive] | WAPE: 17.25% | WRMSSE: 1.1990  | fit: 0.01s
2026-09-10 02:42:29.398 | INFO     | src.evaluation.reports:evaluate_predictions:58 - Moving average (35d) [Naive] | WAPE: 17.33% | WRMSSE: 1.2150  | fit: 0.01s
2026-09-10 02:42:29.398 | INFO     | scripts.train_dataset.pipeline:run_pipeline:51 - Fase naive: 1.0s
2026-09-10 02:42:38.526 | INFO     | src.evaluation.reports:evaluate_predictions:58 -      SARIMA [Statistical] | WAPE: 17.56% | WRMSSE: 1.1479  | fit: 9.03s
2026-09-10 02:42:40.584 | INFO     | src.evaluation.reports:evaluate_predictions:58 - ETS (Holt-Winters) [Statistical] | WAPE: 13.98% | WRMSSE: 0.9490  | fit: 1.96s
2026-09-10 02:42:41.071 | INFO     | src.evaluation.reports:evaluate_predictions:58 -       Theta [Statistical] | WAPE: 13.84% | WRMSSE: 0.9381  | fit: 0.38s
2026-09-10 02:43:16.465 | INFO     | src.evaluation.reports:evaluate_predictions:58 -       TBATS [Statistical] | WAPE: 19.17% | WRMSSE: 1.2599  | fit: 35.26s
2026-09-10 02:43:22.194 | INFO     | src.evaluation.reports:evaluate_predictions:58 -     Prophet [Statistical] | WAPE: 13.98% | WRMSSE: 0.9179  | fit: 5.57s
2026-09-10 02:43:22.195 | INFO     | scripts.train_dataset.pipeline:run_pipeline:56 - Fase estadísticos clásicos: 52.8s
2026-09-10 02:43:22.195 | INFO     | scripts.train_dataset.benchmarking:run_bench_ml:67 - Bench ML: familia 1/5 -- lightgbm
2026-09-10 02:43:31.215 | INFO     | src.evaluation.reports:evaluate_predictions:58 -     lightgbm (bench) [ML] | WAPE: 13.33% | WRMSSE: 1.0172  | fit: 8.86s
2026-09-10 02:43:31.215 | INFO     | scripts.train_dataset.benchmarking:run_bench_ml:67 - Bench ML: familia 2/5 -- xgboost
2026-09-10 02:43:38.287 | INFO     | src.evaluation.reports:evaluate_predictions:58 -      xgboost (bench) [ML] | WAPE: 9.90% | WRMSSE: 0.7725  | fit: 6.89s
2026-09-10 02:43:38.288 | INFO     | scripts.train_dataset.benchmarking:run_bench_ml:67 - Bench ML: familia 3/5 -- catboost
2026-09-10 02:43:42.671 | INFO     | src.evaluation.reports:evaluate_predictions:58 -     catboost (bench) [ML] | WAPE: 23.34% | WRMSSE: 1.6708  | fit: 4.19s
2026-09-10 02:43:42.671 | INFO     | scripts.train_dataset.benchmarking:run_bench_ml:67 - Bench ML: familia 4/5 -- histgb
2026-09-10 02:44:13.309 | INFO     | src.evaluation.reports:evaluate_predictions:58 -       histgb (bench) [ML] | WAPE: 11.15% | WRMSSE: 0.8509  | fit: 30.38s
2026-09-10 02:44:13.310 | INFO     | scripts.train_dataset.benchmarking:run_bench_ml:67 - Bench ML: familia 5/5 -- ridge
2026-09-10 02:44:13.905 | INFO     | src.evaluation.reports:evaluate_predictions:58 -        ridge (bench) [ML] | WAPE: 18.05% | WRMSSE: 1.3463  | fit: 0.42s
2026-09-10 02:44:13.905 | SUCCESS  | scripts.train_dataset.benchmarking:pick_winner:94 - Modelo ganador (bench, 4 familias tree-based comparadas): xgboost | regression_l2=519.7924
2026-09-10 02:44:13.906 | INFO     | scripts.train_dataset.pipeline:run_pipeline:62 - Fase bench ML (5 familias, sin Optuna): 51.7s
2026-09-10 02:44:13.909 | INFO     | scripts.train_dataset.refinement:select_features:88 - Top 10 gain importance (xgboost):
lag28                              214231344.0
lag7                                84621032.0
te_weekend_mean                     39175280.0
lag91                               28976410.0
lag182                              24070284.0
lag1                                14637305.0
rolling_mean_lag28_window_size7     10377794.0
lag35                                8282354.5
lag21                                7984455.5
rolling_mean_lag1_window_size7       7220826.5
dtype: float64
2026-09-10 02:44:29.447 | INFO     | scripts.train_dataset.refinement:select_features:95 - Top 10 permutation importance (xgboost):
lag28              541.266589
te_weekend_mean     82.129541
lag364              39.964807
lag7                37.502600
lag91               24.993542
snap                22.901453
event_name_1        21.048010
lag182              15.674866
lag20               13.872559
lag35               12.611768
dtype: float64
2026-09-10 02:44:32.675 | INFO     | src.modeling.feature_selection:backward_feature_selection:139 - Baseline (191 features): regression_l2=519.7924 | WRMSSE=0.7725 (informativo)
2026-09-10 02:44:39.488 | WARNING  | src.modeling.feature_selection:try_remove:162 - ELIMINADA(S) 8 features ['rolling_mean_lag28_window_size7', 'lag4', 'avg_sell_price', 'days_to_event', 'rolling_std_lag2_window_size7', 'rolling_std_lag5_window_size14', 'rolling_max_lag7_window_size14', 'rolling_min_lag28_window_size7'] -> 183 features | regression_l2=494.4173 | WRMSSE=0.7275
2026-09-10 02:44:42.918 | WARNING  | src.modeling.feature_selection:try_remove:162 - ELIMINADA(S) 8 features ['lag42', 'rolling_std_lag1_window_size7', 'rolling_max_lag1_window_size7', 'days_to_thanksgiving', 'rolling_min_lag4_window_size14', 'rolling_max_lag91_window_size91', 'rolling_std_lag7_window_size14', 'month'] -> 175 features | regression_l2=489.3440 | WRMSSE=0.7251
2026-09-10 02:44:46.017 | WARNING  | src.modeling.feature_selection:try_remove:162 - ELIMINADA(S) 8 features ['rolling_mean_lag4_window_size14', 'rolling_mean_lag5_window_size7', 'rolling_max_lag3_window_size7', 'rolling_std_lag3_window_size14', 'rolling_max_lag3_window_size14', 'rolling_min_lag3_window_size14', 'rolling_std_lag4_window_size14', 'rolling_mean_lag4_window_size7'] -> 167 features | regression_l2=489.3440 | WRMSSE=0.7251
2026-09-10 02:44:59.830 | WARNING  | src.modeling.feature_selection:try_remove:162 - ELIMINADA(S) 'rolling_max_lag4_window_size7' -> 166 features | regression_l2=489.3440 | WRMSSE=0.7251
2026-09-10 02:45:06.433 | WARNING  | src.modeling.feature_selection:try_remove:162 - ELIMINADA(S) 'rolling_max_lag4_window_size14' -> 165 features | regression_l2=489.3440 | WRMSSE=0.7251
2026-09-10 02:45:21.747 | WARNING  | src.modeling.feature_selection:try_remove:162 - ELIMINADA(S) 'rolling_mean_lag3_window_size7' -> 164 features | regression_l2=480.8256 | WRMSSE=0.7154
2026-09-10 02:45:36.597 | WARNING  | src.modeling.feature_selection:try_remove:162 - ELIMINADA(S) 'rolling_mean_lag1_window_size14' -> 163 features | regression_l2=477.4978 | WRMSSE=0.7086
2026-09-10 02:45:50.230 | WARNING  | src.modeling.feature_selection:try_remove:162 - ELIMINADA(S) 'rolling_max_lag1_window_size14' -> 162 features | regression_l2=473.8622 | WRMSSE=0.7004
2026-09-10 02:46:00.438 | WARNING  | src.modeling.feature_selection:try_remove:162 - ELIMINADA(S) 'rolling_std_lag1_window_size21' -> 161 features | regression_l2=467.5448 | WRMSSE=0.6884
2026-09-10 02:46:11.339 | WARNING  | src.modeling.feature_selection:try_remove:162 - ELIMINADA(S) 'rolling_mean_lag1_window_size35' -> 160 features | regression_l2=463.8451 | WRMSSE=0.6846
2026-09-10 02:47:36.696 | WARNING  | src.modeling.feature_selection:try_remove:162 - ELIMINADA(S) 'rolling_mean_lag6_window_size7' -> 159 features | regression_l2=459.0779 | WRMSSE=0.6675
2026-09-10 02:47:52.058 | WARNING  | src.modeling.feature_selection:try_remove:162 - ELIMINADA(S) 'rolling_mean_lag91_window_size28' -> 158 features | regression_l2=456.2383 | WRMSSE=0.6668
2026-09-10 02:50:13.030 | WARNING  | src.modeling.feature_selection:try_remove:162 - ELIMINADA(S) 'rolling_mean_lag6_window_size14' -> 157 features | regression_l2=451.4713 | WRMSSE=0.6558
2026-09-10 02:51:46.022 | WARNING  | src.modeling.feature_selection:try_remove:162 - ELIMINADA(S) 'item_id' -> 156 features | regression_l2=451.4713 | WRMSSE=0.6558
2026-09-10 02:51:51.469 | WARNING  | src.modeling.feature_selection:try_remove:162 - ELIMINADA(S) 'te_dept_mean' -> 155 features | regression_l2=451.4713 | WRMSSE=0.6558
2026-09-10 02:52:02.235 | WARNING  | src.modeling.feature_selection:try_remove:162 - ELIMINADA(S) 'pct_zero_90' -> 154 features | regression_l2=451.4713 | WRMSSE=0.6558
2026-09-10 02:52:07.758 | WARNING  | src.modeling.feature_selection:try_remove:162 - ELIMINADA(S) 'pct_zero_28' -> 153 features | regression_l2=451.4713 | WRMSSE=0.6558
2026-09-10 02:52:38.515 | WARNING  | src.modeling.feature_selection:try_remove:162 - ELIMINADA(S) 'te_cat_std' -> 152 features | regression_l2=451.4713 | WRMSSE=0.6558
2026-09-10 02:52:50.985 | WARNING  | src.modeling.feature_selection:try_remove:162 - ELIMINADA(S) 'te_cat_mean' -> 151 features | regression_l2=451.4713 | WRMSSE=0.6558
2026-09-10 02:53:02.411 | WARNING  | src.modeling.feature_selection:try_remove:162 - ELIMINADA(S) 'te_dept_std' -> 150 features | regression_l2=451.4713 | WRMSSE=0.6558
2026-09-10 02:53:07.830 | WARNING  | src.modeling.feature_selection:try_remove:162 - ELIMINADA(S) 'event_type_1' -> 149 features | regression_l2=451.4713 | WRMSSE=0.6558
2026-09-10 02:53:25.811 | WARNING  | src.modeling.feature_selection:try_remove:162 - ELIMINADA(S) 'is_store_closed' -> 148 features | regression_l2=451.4713 | WRMSSE=0.6558
2026-09-10 02:53:31.432 | WARNING  | src.modeling.feature_selection:try_remove:162 - ELIMINADA(S) 'event_type_2_enc' -> 147 features | regression_l2=451.4713 | WRMSSE=0.6558
2026-09-10 02:53:36.861 | WARNING  | src.modeling.feature_selection:try_remove:162 - ELIMINADA(S) 'event_type_1_enc' -> 146 features | regression_l2=451.4713 | WRMSSE=0.6558
2026-09-10 02:53:48.400 | WARNING  | src.modeling.feature_selection:try_remove:162 - ELIMINADA(S) 'has_event' -> 145 features | regression_l2=451.4713 | WRMSSE=0.6558
2026-09-10 02:53:54.558 | WARNING  | src.modeling.feature_selection:try_remove:162 - ELIMINADA(S) 'has_event_2' -> 144 features | regression_l2=450.4305 | WRMSSE=0.6519
2026-09-10 02:54:07.855 | WARNING  | src.modeling.feature_selection:try_remove:162 - ELIMINADA(S) 'event_name_2' -> 143 features | regression_l2=450.4305 | WRMSSE=0.6519
2026-09-10 02:54:36.339 | WARNING  | src.modeling.feature_selection:try_remove:162 - ELIMINADA(S) 'is_weekend' -> 142 features | regression_l2=450.4305 | WRMSSE=0.6519
2026-09-10 02:54:50.088 | WARNING  | src.modeling.feature_selection:try_remove:162 - ELIMINADA(S) 'quarter' -> 141 features | regression_l2=450.4263 | WRMSSE=0.6519
2026-09-10 02:54:59.616 | WARNING  | src.modeling.feature_selection:try_remove:162 - ELIMINADA(S) 'is_month_start' -> 140 features | regression_l2=450.4263 | WRMSSE=0.6519
2026-09-10 02:55:23.271 | WARNING  | src.modeling.feature_selection:try_remove:162 - ELIMINADA(S) 'days_since_price_change' -> 139 features | regression_l2=450.4263 | WRMSSE=0.6519
2026-09-10 02:55:37.580 | WARNING  | src.modeling.feature_selection:try_remove:162 - ELIMINADA(S) 'is_likely_stockout' -> 138 features | regression_l2=450.4263 | WRMSSE=0.6519
2026-09-10 02:55:54.089 | WARNING  | src.modeling.feature_selection:try_remove:162 - ELIMINADA(S) 'dept_id' -> 137 features | regression_l2=450.4263 | WRMSSE=0.6519
2026-09-10 02:57:00.084 | WARNING  | src.modeling.feature_selection:try_remove:162 - ELIMINADA(S) 'state_id' -> 136 features | regression_l2=450.4263 | WRMSSE=0.6519
2026-09-10 02:57:09.602 | WARNING  | src.modeling.feature_selection:try_remove:162 - ELIMINADA(S) 'cat_id' -> 135 features | regression_l2=450.4263 | WRMSSE=0.6519
2026-09-10 03:11:38.347 | INFO     | src.modeling.feature_selection:backward_feature_selection:189 - Seleccionadas 135/191 features | regression_l2 final: 450.4263 | WRMSSE final: 0.6519
2026-09-10 03:11:38.349 | INFO     | scripts.train_dataset.refinement:select_features:114 - Features descartadas (56): ['avg_sell_price', 'cat_id', 'days_since_price_change', 'days_to_event', 'days_to_thanksgiving', 'dept_id', 'event_name_2', 'event_type_1', 'event_type_1_enc', 'event_type_2_enc', 'has_event', 'has_event_2', 'is_likely_stockout', 'is_month_start', 'is_store_closed', 'is_weekend', 'item_id', 'lag4', 'lag42', 'month', 'pct_zero_28', 'pct_zero_90', 'quarter', 'rolling_max_lag1_window_size14', 'rolling_max_lag1_window_size7', 'rolling_max_lag3_window_size14', 'rolling_max_lag3_window_size7', 'rolling_max_lag4_window_size14', 'rolling_max_lag4_window_size7', 'rolling_max_lag7_window_size14', 'rolling_max_lag91_window_size91', 'rolling_mean_lag1_window_size14', 'rolling_mean_lag1_window_size35', 'rolling_mean_lag28_window_size7', 'rolling_mean_lag3_window_size7', 'rolling_mean_lag4_window_size14', 'rolling_mean_lag4_window_size7', 'rolling_mean_lag5_window_size7', 'rolling_mean_lag6_window_size14', 'rolling_mean_lag6_window_size7', 'rolling_mean_lag91_window_size28', 'rolling_min_lag28_window_size7', 'rolling_min_lag3_window_size14', 'rolling_min_lag4_window_size14', 'rolling_std_lag1_window_size21', 'rolling_std_lag1_window_size7', 'rolling_std_lag2_window_size7', 'rolling_std_lag3_window_size14', 'rolling_std_lag4_window_size14', 'rolling_std_lag5_window_size14', 'rolling_std_lag7_window_size14', 'state_id', 'te_cat_mean', 'te_cat_std', 'te_dept_mean', 'te_dept_std']
2026-09-10 03:11:38.365 | INFO     | scripts.train_dataset.refinement:select_features:127 - Features finales: 135 (3 categóricas) | regression_l2=450.4263 | WRMSSE=0.6519 (informativo)
2026-09-10 03:11:38.366 | INFO     | scripts.train_dataset.pipeline:run_pipeline:74 - Fase selección de features: 1644.5s
2026-09-10 03:11:47.544 | INFO     | src.evaluation.reports:evaluate_predictions:58 - xgboost (bench, selected features) [ML] | WAPE: 8.59% | WRMSSE: 0.6519  | fit: 9.08s
2026-09-10 03:11:49.100 | INFO     | scripts.train_dataset.refinement:run_shap:173 - SHAP (xgboost): feature más importante = lag28 | plots guardados en /home/njimenez/workspace/magister/forecast-tfm/artifacts/plots
2026-09-10 03:11:49.102 | INFO     | scripts.train_dataset.pipeline:run_pipeline:79 - Fase SHAP: 10.7s
2026-09-10 03:11:49.157 | INFO     | scripts.train_dataset.refinement:tune_optuna_family:60 - [xgboost] Optuna arrancando: hasta 100 trials (timeout 120s) -- study 'study_level_06_daily_store_sales_final_xgboost'
2026-09-10 03:13:49.847 | INFO     | scripts.train_dataset.refinement:tune_optuna_family:70 - [xgboost] Optuna terminó -- elige hiperparámetros por regression_l2 (no por WRMSSE): mejor regression_l2 = 471.5805 | WRMSSE de ESE trial: 0.6967 (solo referencia, puede no ser el mínimo posible; el WRMSSE definitivo se reporta abajo, tras reentrenar con estos hiperparámetros)
2026-09-10 03:13:49.852 | INFO     | scripts.train_dataset.refinement:tune_optuna_family:76 - [xgboost] Mejores hiperparámetros: {'learning_rate': 0.07745519769680106, 'max_depth': 6, 'min_child_weight': 12.631266330469872, 'subsample': 0.6852456150442874, 'colsample_bytree': 0.9151577513086075, 'reg_alpha': 0.2843940330624006, 'reg_lambda': 0.015688752418189688}
2026-09-10 03:13:49.857 | INFO     | scripts.train_dataset.pipeline:run_pipeline:85 - Fase Optuna final: 120.8s
2026-09-10 03:13:54.686 | INFO     | scripts.train_dataset.refinement:fit_final_model:222 - CV (1 folds) best_iteration: [48] -> n_estimators final = 48
2026-09-10 03:13:54.780 | INFO     | src.evaluation.reports:evaluate_predictions:58 - xgboost (final, Optuna) [ML] | WAPE: 9.02% | WRMSSE: 0.6967  | fit: 4.85s
2026-09-10 03:13:58.213 | INFO     | scripts.train_dataset.refinement:fit_final_model:243 - Test WAPE: 7.66% | Test WRMSSE: 0.6433
2026-09-10 03:14:02.379 | INFO     | scripts.train_dataset.benchmarking:save_model_comparison:115 - Comparación de modelos guardada en /home/njimenez/workspace/magister/forecast-tfm/artifacts/results
2026-09-10 03:14:02.434 | SUCCESS  | scripts.train_dataset.export:export_artifact:109 - Artifact guardado en /home/njimenez/workspace/magister/forecast-tfm/artifacts/models/level_06_daily_store_sales_artifact.pkl (modelo: xgboost)
2026-09-10 03:14:02.466 | SUCCESS  | scripts.train_dataset.export:export_artifact:119 - Versión 20260910T061402Z registrada en registry.json
2026-09-10 03:14:02.467 | INFO     | scripts.train_dataset.pipeline:run_pipeline:93 - Pipeline completo (level_06_daily_store/sales) en 1894.4s
2026-09-10 03:14:02.681 | INFO     | src.data.dataset:load_data:58 - level_06_weekly_store | target=sales | 2,780 filas | 109 features (9 categóricas)
2026-09-10 03:14:02.687 | INFO     | src.data.temporal_split:log_summary:41 - Train : 2011-01-29 to 2015-04-20 (1,549 days, 2,220 rows)
2026-09-10 03:14:02.687 | INFO     | src.data.temporal_split:log_summary:42 - Valid : 2015-04-27 to 2016-04-18 (364 days, 520 rows)
2026-09-10 03:14:02.688 | INFO     | src.data.temporal_split:log_summary:43 - Test  : 2016-04-25 to 2016-05-16 (22 days, 40 rows)
2026-09-10 03:14:02.909 | INFO     | src.data.dataset:split_data:119 - Features: 109 (9 categóricas)
2026-09-10 03:14:02.958 | INFO     | src.evaluation.reports:evaluate_predictions:58 - Seasonal naive (1w) [Naive] | WAPE: 12.65% | WRMSSE: 0.7464  | fit: 0.01s
2026-09-10 03:14:03.009 | INFO     | src.evaluation.reports:evaluate_predictions:58 - Seasonal naive (4w) [Naive] | WAPE: 11.40% | WRMSSE: 0.6871  | fit: 0.01s
2026-09-10 03:14:03.057 | INFO     | src.evaluation.reports:evaluate_predictions:58 - Seasonal naive (52w) [Naive] | WAPE: 10.23% | WRMSSE: 0.6133  | fit: 0.01s
2026-09-10 03:14:03.112 | INFO     | src.evaluation.reports:evaluate_predictions:58 -             Drift [Naive] | WAPE: 11.57% | WRMSSE: 0.7116  | fit: 0.01s
2026-09-10 03:14:03.157 | INFO     | src.evaluation.reports:evaluate_predictions:58 -   Historical mean [Naive] | WAPE: 18.40% | WRMSSE: 1.0979  | fit: 0.00s
2026-09-10 03:14:03.202 | INFO     | src.evaluation.reports:evaluate_predictions:58 - Moving average (2w) [Naive] | WAPE: 11.59% | WRMSSE: 0.6949  | fit: 0.00s
2026-09-10 03:14:03.250 | INFO     | src.evaluation.reports:evaluate_predictions:58 - Moving average (3w) [Naive] | WAPE: 10.52% | WRMSSE: 0.6398  | fit: 0.00s
2026-09-10 03:14:03.294 | INFO     | src.evaluation.reports:evaluate_predictions:58 - Moving average (4w) [Naive] | WAPE: 10.35% | WRMSSE: 0.6294  | fit: 0.00s
2026-09-10 03:14:03.335 | INFO     | src.evaluation.reports:evaluate_predictions:58 - Moving average (6w) [Naive] | WAPE: 11.05% | WRMSSE: 0.6639  | fit: 0.00s
2026-09-10 03:14:03.375 | INFO     | src.evaluation.reports:evaluate_predictions:58 - Moving average (8w) [Naive] | WAPE: 10.50% | WRMSSE: 0.6360  | fit: 0.00s
2026-09-10 03:14:03.376 | INFO     | scripts.train_dataset.pipeline:run_pipeline:51 - Fase naive: 0.5s
2026-09-10 03:14:16.026 | INFO     | src.evaluation.reports:evaluate_predictions:58 -      SARIMA [Statistical] | WAPE: 12.69% | WRMSSE: 0.8401  | fit: 12.59s
2026-09-10 03:14:17.295 | INFO     | src.evaluation.reports:evaluate_predictions:58 - ETS (Holt-Winters) [Statistical] | WAPE: 9.70% | WRMSSE: 0.6086  | fit: 1.22s
2026-09-10 03:14:17.467 | INFO     | src.evaluation.reports:evaluate_predictions:58 -       Theta [Statistical] | WAPE: 9.45% | WRMSSE: 0.5970  | fit: 0.13s
2026-09-10 03:14:51.582 | INFO     | src.evaluation.reports:evaluate_predictions:58 -       TBATS [Statistical] | WAPE: 17.06% | WRMSSE: 1.0897  | fit: 34.04s
2026-09-10 03:14:53.456 | INFO     | src.evaluation.reports:evaluate_predictions:58 -     Prophet [Statistical] | WAPE: 13.34% | WRMSSE: 0.7889  | fit: 1.76s
2026-09-10 03:14:53.456 | INFO     | scripts.train_dataset.pipeline:run_pipeline:56 - Fase estadísticos clásicos: 50.1s
2026-09-10 03:14:53.457 | INFO     | scripts.train_dataset.benchmarking:run_bench_ml:67 - Bench ML: familia 1/5 -- lightgbm
2026-09-10 03:14:57.045 | INFO     | src.evaluation.reports:evaluate_predictions:58 -     lightgbm (bench) [ML] | WAPE: 11.89% | WRMSSE: 0.8167  | fit: 3.50s
2026-09-10 03:14:57.045 | INFO     | scripts.train_dataset.benchmarking:run_bench_ml:67 - Bench ML: familia 2/5 -- xgboost
2026-09-10 03:15:02.621 | INFO     | src.evaluation.reports:evaluate_predictions:58 -      xgboost (bench) [ML] | WAPE: 7.70% | WRMSSE: 0.5858  | fit: 5.46s
2026-09-10 03:15:02.622 | INFO     | scripts.train_dataset.benchmarking:run_bench_ml:67 - Bench ML: familia 3/5 -- catboost
2026-09-10 03:15:05.475 | INFO     | src.evaluation.reports:evaluate_predictions:58 -     catboost (bench) [ML] | WAPE: 16.59% | WRMSSE: 1.0345  | fit: 2.70s
2026-09-10 03:15:05.475 | INFO     | scripts.train_dataset.benchmarking:run_bench_ml:67 - Bench ML: familia 4/5 -- histgb
2026-09-10 03:15:15.281 | INFO     | src.evaluation.reports:evaluate_predictions:58 -       histgb (bench) [ML] | WAPE: 9.47% | WRMSSE: 0.6175  | fit: 9.68s
2026-09-10 03:15:15.282 | INFO     | scripts.train_dataset.benchmarking:run_bench_ml:67 - Bench ML: familia 5/5 -- ridge
2026-09-10 03:15:15.487 | INFO     | src.evaluation.reports:evaluate_predictions:58 -        ridge (bench) [ML] | WAPE: 9.25% | WRMSSE: 0.6752  | fit: 0.10s
2026-09-10 03:15:15.487 | SUCCESS  | scripts.train_dataset.benchmarking:pick_winner:94 - Modelo ganador (bench, 4 familias tree-based comparadas): xgboost | regression_l2=3051.3520
2026-09-10 03:15:15.490 | INFO     | scripts.train_dataset.pipeline:run_pipeline:62 - Fase bench ML (5 familias, sin Optuna): 22.0s
2026-09-10 03:15:15.494 | INFO     | scripts.train_dataset.refinement:select_features:88 - Top 10 gain importance (xgboost):
lag4                              723887744.0
rolling_max_lag1_window_size4     706120960.0
lag1                               60167424.0
te_weekend_mean                    44723284.0
event_name_1                       14133729.0
days_since_newyear                 11391487.0
snap                               10899020.0
lag52                               9074260.0
te_snap_mean                        8328169.5
rolling_max_lag4_window_size13      7012049.0
dtype: float64
2026-09-10 03:15:25.311 | INFO     | scripts.train_dataset.refinement:select_features:95 - Top 10 permutation importance (xgboost):
lag4                               5120.468604
event_name_1                       1236.432373
lag52                               747.602295
rolling_max_lag13_window_size26     286.072412
doy_cos                              70.716992
lag13                                47.106934
rolling_std_lag4_window_size4        35.729736
te_snap_mean                         33.197510
store_id                             29.155615
day                                  27.692871
dtype: float64
2026-09-10 03:15:28.223 | INFO     | src.modeling.feature_selection:backward_feature_selection:139 - Baseline (109 features): regression_l2=3051.3520 | WRMSSE=0.5858 (informativo)
2026-09-10 03:15:33.797 | WARNING  | src.modeling.feature_selection:try_remove:162 - ELIMINADA(S) 8 features ['rolling_max_lag1_window_size4', 'rolling_min_lag4_window_size4', 'rolling_min_lag1_window_size4', 'lag2', 'event_type_1', 'rolling_max_lag1_window_size13', 'weekofyear', 'lag22'] -> 101 features | regression_l2=2425.4471 | WRMSSE=0.4553
2026-09-10 03:15:36.063 | WARNING  | src.modeling.feature_selection:try_remove:162 - ELIMINADA(S) 8 features ['rolling_mean_lag4_window_size26', 'rolling_min_lag1_window_size13', 'rolling_min_lag13_window_size26', 'adi_expanding', 'rolling_mean_lag4_window_size13', 'lag1', 'days_to_thanksgiving', 'days_to_event'] -> 93 features | regression_l2=2023.3597 | WRMSSE=0.3730
2026-09-10 03:15:36.880 | WARNING  | src.modeling.feature_selection:try_remove:162 - ELIMINADA(S) 8 features ['te_weekend_mean', 'rolling_max_lag4_window_size13', 'rolling_std_lag13_window_size13', 'days_to_newyear', 'has_event', 'rolling_min_lag4_window_size13', 'rolling_std_lag1_window_size4', 'rolling_min_lag52_window_size13'] -> 85 features | regression_l2=1996.5026 | WRMSSE=0.3623
2026-09-10 03:15:37.741 | WARNING  | src.modeling.feature_selection:try_remove:162 - ELIMINADA(S) 8 features ['event_type_1_enc', 'event_type_2_enc', 'is_store_closed', 'te_cat_std', 'te_dept_std', 'te_cat_mean', 'pct_zero_28', 'is_likely_stockout'] -> 77 features | regression_l2=1996.5026 | WRMSSE=0.3623
2026-09-10 03:15:38.512 | WARNING  | src.modeling.feature_selection:try_remove:162 - ELIMINADA(S) 8 features ['te_dept_mean', 'item_id', 'zero_streak', 'event_name_2', 'year', 'event_type_2', 'dayofweek', 'is_weekend'] -> 69 features | regression_l2=1996.5026 | WRMSSE=0.3623
2026-09-10 03:15:39.618 | WARNING  | src.modeling.feature_selection:try_remove:162 - ELIMINADA(S) 8 features ['quarter', 'has_event_2', 'is_month_start', 'is_month_end', 'dow_sin', 'dow_cos', 'days_since_release', 'cat_id'] -> 61 features | regression_l2=1992.6898 | WRMSSE=0.3636
2026-09-10 03:15:41.841 | WARNING  | src.modeling.feature_selection:try_remove:162 - ELIMINADA(S) 8 features ['dept_id', 'state_id', 'days_since_price_change', 'month_sin', 'avg_sell_price', 'month', 'rolling_mean_lag13_window_size26', 'rolling_max_lag13_window_size13'] -> 53 features | regression_l2=1930.0018 | WRMSSE=0.3551
2026-09-10 03:16:06.895 | WARNING  | src.modeling.feature_selection:try_remove:162 - ELIMINADA(S) 'cv2_90' -> 52 features | regression_l2=1912.3990 | WRMSSE=0.3487
2026-09-10 03:17:42.955 | WARNING  | src.modeling.feature_selection:try_remove:162 - ELIMINADA(S) 'te_event_mean' -> 51 features | regression_l2=1882.6799 | WRMSSE=0.3467
2026-09-10 03:20:53.040 | INFO     | src.modeling.feature_selection:backward_feature_selection:189 - Seleccionadas 51/109 features | regression_l2 final: 1882.6799 | WRMSSE final: 0.3467
2026-09-10 03:20:53.042 | INFO     | scripts.train_dataset.refinement:select_features:114 - Features descartadas (58): ['adi_expanding', 'avg_sell_price', 'cat_id', 'cv2_90', 'dayofweek', 'days_since_price_change', 'days_since_release', 'days_to_event', 'days_to_newyear', 'days_to_thanksgiving', 'dept_id', 'dow_cos', 'dow_sin', 'event_name_2', 'event_type_1', 'event_type_1_enc', 'event_type_2', 'event_type_2_enc', 'has_event', 'has_event_2', 'is_likely_stockout', 'is_month_end', 'is_month_start', 'is_store_closed', 'is_weekend', 'item_id', 'lag1', 'lag2', 'lag22', 'month', 'month_sin', 'pct_zero_28', 'quarter', 'rolling_max_lag13_window_size13', 'rolling_max_lag1_window_size13', 'rolling_max_lag1_window_size4', 'rolling_max_lag4_window_size13', 'rolling_mean_lag13_window_size26', 'rolling_mean_lag4_window_size13', 'rolling_mean_lag4_window_size26', 'rolling_min_lag13_window_size26', 'rolling_min_lag1_window_size13', 'rolling_min_lag1_window_size4', 'rolling_min_lag4_window_size13', 'rolling_min_lag4_window_size4', 'rolling_min_lag52_window_size13', 'rolling_std_lag13_window_size13', 'rolling_std_lag1_window_size4', 'state_id', 'te_cat_mean', 'te_cat_std', 'te_dept_mean', 'te_dept_std', 'te_event_mean', 'te_weekend_mean', 'weekofyear', 'year', 'zero_streak']
2026-09-10 03:20:53.049 | INFO     | scripts.train_dataset.refinement:select_features:127 - Features finales: 51 (2 categóricas) | regression_l2=1882.6799 | WRMSSE=0.3467 (informativo)
2026-09-10 03:20:53.050 | INFO     | scripts.train_dataset.pipeline:run_pipeline:74 - Fase selección de features: 337.6s
2026-09-10 03:21:01.421 | INFO     | src.evaluation.reports:evaluate_predictions:58 - xgboost (bench, selected features) [ML] | WAPE: 4.92% | WRMSSE: 0.3453  | fit: 8.31s
2026-09-10 03:21:03.130 | INFO     | scripts.train_dataset.refinement:run_shap:173 - SHAP (xgboost): feature más importante = lag4 | plots guardados en /home/njimenez/workspace/magister/forecast-tfm/artifacts/plots
2026-09-10 03:21:03.134 | INFO     | scripts.train_dataset.pipeline:run_pipeline:79 - Fase SHAP: 10.1s
2026-09-10 03:21:03.189 | INFO     | scripts.train_dataset.refinement:tune_optuna_family:60 - [xgboost] Optuna arrancando: hasta 100 trials (timeout 120s) -- study 'study_level_06_weekly_store_sales_final_xgboost'
2026-09-10 03:23:11.463 | INFO     | scripts.train_dataset.refinement:tune_optuna_family:70 - [xgboost] Optuna terminó -- elige hiperparámetros por regression_l2 (no por WRMSSE): mejor regression_l2 = 1784.6026 | WRMSSE de ESE trial: 0.3173 (solo referencia, puede no ser el mínimo posible; el WRMSSE definitivo se reporta abajo, tras reentrenar con estos hiperparámetros)
2026-09-10 03:23:11.465 | INFO     | scripts.train_dataset.refinement:tune_optuna_family:76 - [xgboost] Mejores hiperparámetros: {'learning_rate': 0.14683283379496018, 'max_depth': 9, 'min_child_weight': 1.032465504918788, 'subsample': 0.9438599500782207, 'colsample_bytree': 0.8066743785427029, 'reg_alpha': 0.027418619841709353, 'reg_lambda': 0.0292664376183101}
2026-09-10 03:23:11.467 | INFO     | scripts.train_dataset.pipeline:run_pipeline:85 - Fase Optuna final: 128.3s
2026-09-10 03:23:15.421 | INFO     | scripts.train_dataset.refinement:fit_final_model:222 - CV (1 folds) best_iteration: [130] -> n_estimators final = 130
2026-09-10 03:23:15.482 | INFO     | src.evaluation.reports:evaluate_predictions:58 - xgboost (final, Optuna) [ML] | WAPE: 4.60% | WRMSSE: 0.3173  | fit: 3.97s
2026-09-10 03:23:19.024 | INFO     | scripts.train_dataset.refinement:fit_final_model:243 - Test WAPE: 5.40% | Test WRMSSE: 0.3901
2026-09-10 03:23:21.353 | INFO     | scripts.train_dataset.benchmarking:save_model_comparison:115 - Comparación de modelos guardada en /home/njimenez/workspace/magister/forecast-tfm/artifacts/results
2026-09-10 03:23:21.533 | SUCCESS  | scripts.train_dataset.export:export_artifact:109 - Artifact guardado en /home/njimenez/workspace/magister/forecast-tfm/artifacts/models/level_06_weekly_store_sales_artifact.pkl (modelo: xgboost)
2026-09-10 03:23:21.621 | SUCCESS  | scripts.train_dataset.export:export_artifact:119 - Versión 20260910T062321Z registrada en registry.json
2026-09-10 03:23:21.622 | INFO     | scripts.train_dataset.pipeline:run_pipeline:93 - Pipeline completo (level_06_weekly_store/sales) en 559.0s
2026-09-10 03:23:22.014 | INFO     | src.data.dataset:load_data:58 - level_07_daily_state_dept | target=sales | 40,761 filas | 191 features (9 categóricas)
2026-09-10 03:23:22.041 | INFO     | src.data.temporal_split:log_summary:41 - Train : 2011-01-29 to 2015-04-26 (1,549 days, 32,529 rows)
2026-09-10 03:23:22.042 | INFO     | src.data.temporal_split:log_summary:42 - Valid : 2015-04-27 to 2016-04-24 (364 days, 7,644 rows)
2026-09-10 03:23:22.042 | INFO     | src.data.temporal_split:log_summary:43 - Test  : 2016-04-25 to 2016-05-22 (28 days, 588 rows)
2026-09-10 03:23:22.340 | INFO     | src.data.dataset:split_data:119 - Features: 191 (9 categóricas)
2026-09-10 03:23:22.545 | INFO     | src.evaluation.reports:evaluate_predictions:58 - Seasonal naive (1d) [Naive] | WAPE: 20.37% | WRMSSE: 1.3757  | fit: 0.07s
2026-09-10 03:23:22.746 | INFO     | src.evaluation.reports:evaluate_predictions:58 - Seasonal naive (7d) [Naive] | WAPE: 15.23% | WRMSSE: 1.0478  | fit: 0.08s
2026-09-10 03:23:22.943 | INFO     | src.evaluation.reports:evaluate_predictions:58 - Seasonal naive (28d) [Naive] | WAPE: 15.25% | WRMSSE: 1.0677  | fit: 0.07s
2026-09-10 03:23:23.162 | INFO     | src.evaluation.reports:evaluate_predictions:58 - Seasonal naive (364d) [Naive] | WAPE: 15.32% | WRMSSE: 1.1241  | fit: 0.07s
2026-09-10 03:23:23.302 | INFO     | src.evaluation.reports:evaluate_predictions:58 -             Drift [Naive] | WAPE: 21.81% | WRMSSE: 1.4796  | fit: 0.02s
2026-09-10 03:23:23.427 | INFO     | src.evaluation.reports:evaluate_predictions:58 -   Historical mean [Naive] | WAPE: 21.65% | WRMSSE: 1.6208  | fit: 0.00s
2026-09-10 03:23:23.568 | INFO     | src.evaluation.reports:evaluate_predictions:58 - Moving average (7d) [Naive] | WAPE: 17.86% | WRMSSE: 1.3132  | fit: 0.01s
2026-09-10 03:23:23.713 | INFO     | src.evaluation.reports:evaluate_predictions:58 - Moving average (14d) [Naive] | WAPE: 17.24% | WRMSSE: 1.2840  | fit: 0.01s
2026-09-10 03:23:23.849 | INFO     | src.evaluation.reports:evaluate_predictions:58 - Moving average (21d) [Naive] | WAPE: 16.69% | WRMSSE: 1.2348  | fit: 0.01s
2026-09-10 03:23:23.977 | INFO     | src.evaluation.reports:evaluate_predictions:58 - Moving average (28d) [Naive] | WAPE: 16.54% | WRMSSE: 1.2204  | fit: 0.01s
2026-09-10 03:23:24.110 | INFO     | src.evaluation.reports:evaluate_predictions:58 - Moving average (35d) [Naive] | WAPE: 16.81% | WRMSSE: 1.2456  | fit: 0.01s
2026-09-10 03:23:24.111 | INFO     | scripts.train_dataset.pipeline:run_pipeline:51 - Fase naive: 1.8s
2026-09-10 03:23:36.229 | INFO     | src.evaluation.reports:evaluate_predictions:58 -      SARIMA [Statistical] | WAPE: 19.24% | WRMSSE: 1.2761  | fit: 11.91s
2026-09-10 03:23:43.099 | INFO     | src.evaluation.reports:evaluate_predictions:58 - ETS (Holt-Winters) [Statistical] | WAPE: 13.04% | WRMSSE: 0.9237  | fit: 6.67s
2026-09-10 03:23:44.430 | INFO     | src.evaluation.reports:evaluate_predictions:58 -       Theta [Statistical] | WAPE: 12.92% | WRMSSE: 0.9230  | fit: 1.11s
2026-09-10 03:24:26.056 | INFO     | src.evaluation.reports:evaluate_predictions:58 -       TBATS [Statistical] | WAPE: 17.64% | WRMSSE: 1.2068  | fit: 41.37s
2026-09-10 03:24:36.193 | INFO     | src.evaluation.reports:evaluate_predictions:58 -     Prophet [Statistical] | WAPE: 14.39% | WRMSSE: 0.9890  | fit: 9.93s
2026-09-10 03:24:36.193 | INFO     | scripts.train_dataset.pipeline:run_pipeline:56 - Fase estadísticos clásicos: 72.1s
2026-09-10 03:24:36.194 | INFO     | scripts.train_dataset.benchmarking:run_bench_ml:67 - Bench ML: familia 1/5 -- lightgbm
2026-09-10 03:24:50.877 | INFO     | src.evaluation.reports:evaluate_predictions:58 -     lightgbm (bench) [ML] | WAPE: 33.00% | WRMSSE: 1.9472  | fit: 14.50s
2026-09-10 03:24:50.877 | INFO     | scripts.train_dataset.benchmarking:run_bench_ml:67 - Bench ML: familia 2/5 -- xgboost
2026-09-10 03:24:57.864 | INFO     | src.evaluation.reports:evaluate_predictions:58 -      xgboost (bench) [ML] | WAPE: 23.16% | WRMSSE: 1.4802  | fit: 6.82s
2026-09-10 03:24:57.864 | INFO     | scripts.train_dataset.benchmarking:run_bench_ml:67 - Bench ML: familia 3/5 -- catboost
2026-09-10 03:25:22.718 | INFO     | src.evaluation.reports:evaluate_predictions:58 -     catboost (bench) [ML] | WAPE: 40.62% | WRMSSE: 2.5064  | fit: 24.66s
2026-09-10 03:25:22.718 | INFO     | scripts.train_dataset.benchmarking:run_bench_ml:67 - Bench ML: familia 4/5 -- histgb
2026-09-10 03:26:15.439 | INFO     | src.evaluation.reports:evaluate_predictions:58 -       histgb (bench) [ML] | WAPE: 32.84% | WRMSSE: 1.9544  | fit: 51.30s
2026-09-10 03:26:15.439 | INFO     | scripts.train_dataset.benchmarking:run_bench_ml:67 - Bench ML: familia 5/5 -- ridge
2026-09-10 03:26:17.978 | INFO     | src.evaluation.reports:evaluate_predictions:58 -        ridge (bench) [ML] | WAPE: 47.81% | WRMSSE: 2.7991  | fit: 2.21s
2026-09-10 03:26:17.978 | SUCCESS  | scripts.train_dataset.benchmarking:pick_winner:94 - Modelo ganador (bench, 4 familias tree-based comparadas): xgboost | regression_l2=701.9972
2026-09-10 03:26:17.978 | INFO     | scripts.train_dataset.pipeline:run_pipeline:62 - Fase bench ML (5 familias, sin Optuna): 101.8s
2026-09-10 03:26:17.983 | INFO     | scripts.train_dataset.refinement:select_features:88 - Top 10 gain importance (xgboost):
te_weekend_mean                   657179136.0
rolling_mean_lag1_window_size7    260142880.0
lag7                               85781456.0
lag1                               60879088.0
lag28                              37739180.0
te_snap_mean                       13871414.0
lag91                               5489701.5
lag56                               4999087.0
lag6                                4467682.0
snap                                3177467.5
dtype: float64
2026-09-10 03:26:57.312 | INFO     | scripts.train_dataset.refinement:select_features:95 - Top 10 permutation importance (xgboost):
te_weekend_mean                    785.534924
lag28                              294.655457
te_snap_mean                        83.966602
lag7                                82.040405
lag182                              57.907507
lag364                              40.944885
rolling_mean_lag28_window_size7     40.227100
dept_id                             35.208557
seasonal_mean_lag364_364_2          31.441602
lag56                               16.906030
dtype: float64
2026-09-10 03:27:04.246 | INFO     | src.modeling.feature_selection:backward_feature_selection:139 - Baseline (191 features): regression_l2=701.9972 | WRMSSE=1.4802 (informativo)
2026-09-10 03:29:10.376 | WARNING  | src.modeling.feature_selection:try_remove:162 - ELIMINADA(S) 'expanding_mean_lag91' -> 190 features | regression_l2=691.8916 | WRMSSE=1.4343
2026-09-10 03:30:20.974 | WARNING  | src.modeling.feature_selection:try_remove:162 - ELIMINADA(S) 8 features ['rolling_min_lag364_window_size28', 'lag26', 'lag25', 'rolling_min_lag364_window_size91', 'rolling_max_lag364_window_size28', 'rolling_std_lag28_window_size7', 'rolling_std_lag6_window_size14', 'te_dept_mean'] -> 182 features | regression_l2=672.7788 | WRMSSE=1.4338
2026-09-10 03:32:49.817 | WARNING  | src.modeling.feature_selection:try_remove:162 - ELIMINADA(S) 'momentum_lag28_7_28' -> 181 features | regression_l2=660.8008 | WRMSSE=1.4382
2026-09-10 03:34:59.634 | WARNING  | src.modeling.feature_selection:try_remove:162 - ELIMINADA(S) 8 features ['rolling_min_lag1_window_size21', 'rolling_std_lag4_window_size7', 'lag15', 'rolling_mean_lag4_window_size7', 'rolling_max_lag4_window_size14', 'days_since_price_change', 'rolling_mean_lag7_window_size14', 'item_id'] -> 173 features | regression_l2=659.6793 | WRMSSE=1.3987
2026-09-10 03:35:24.963 | WARNING  | src.modeling.feature_selection:try_remove:162 - ELIMINADA(S) 'rolling_max_lag6_window_size7' -> 172 features | regression_l2=651.3538 | WRMSSE=1.4004
2026-09-10 03:36:09.666 | WARNING  | src.modeling.feature_selection:try_remove:162 - ELIMINADA(S) 'rolling_mean_lag2_window_size14' -> 171 features | regression_l2=649.7631 | WRMSSE=1.4047
2026-09-10 03:36:57.267 | WARNING  | src.modeling.feature_selection:try_remove:162 - ELIMINADA(S) 8 features ['rolling_max_lag3_window_size7', 'rolling_max_lag4_window_size7', 'rolling_mean_lag4_window_size14', 'rolling_min_lag5_window_size7', 'rolling_max_lag5_window_size7', 'rolling_mean_lag7_window_size7', 'rolling_max_lag7_window_size14', 'rolling_mean_lag6_window_size7'] -> 163 features | regression_l2=612.7010 | WRMSSE=1.2659
2026-09-10 03:37:31.947 | WARNING  | src.modeling.feature_selection:try_remove:162 - ELIMINADA(S) 'cat_id' -> 162 features | regression_l2=612.7010 | WRMSSE=1.2659
2026-09-10 03:38:14.525 | WARNING  | src.modeling.feature_selection:try_remove:162 - ELIMINADA(S) 'is_store_closed' -> 161 features | regression_l2=612.7010 | WRMSSE=1.2659
2026-09-10 03:38:36.997 | WARNING  | src.modeling.feature_selection:try_remove:162 - ELIMINADA(S) 'has_event_2' -> 160 features | regression_l2=612.7010 | WRMSSE=1.2659
2026-09-10 03:38:58.309 | WARNING  | src.modeling.feature_selection:try_remove:162 - ELIMINADA(S) 'event_type_1_enc' -> 159 features | regression_l2=612.7010 | WRMSSE=1.2659
2026-09-10 03:39:23.753 | WARNING  | src.modeling.feature_selection:try_remove:162 - ELIMINADA(S) 'store_id' -> 158 features | regression_l2=612.7010 | WRMSSE=1.2659
2026-09-10 03:41:02.740 | WARNING  | src.modeling.feature_selection:try_remove:162 - ELIMINADA(S) 'event_type_2' -> 157 features | regression_l2=612.7010 | WRMSSE=1.2659
2026-09-10 03:41:44.782 | WARNING  | src.modeling.feature_selection:try_remove:162 - ELIMINADA(S) 'is_month_start' -> 156 features | regression_l2=612.7010 | WRMSSE=1.2659
2026-09-10 03:42:14.314 | WARNING  | src.modeling.feature_selection:try_remove:162 - ELIMINADA(S) 'quarter' -> 155 features | regression_l2=612.7010 | WRMSSE=1.2659
2026-09-10 03:42:35.231 | WARNING  | src.modeling.feature_selection:try_remove:162 - ELIMINADA(S) 'is_weekend' -> 154 features | regression_l2=612.7010 | WRMSSE=1.2659
2026-09-10 03:44:28.308 | WARNING  | src.modeling.feature_selection:try_remove:162 - ELIMINADA(S) 'event_type_2_enc' -> 153 features | regression_l2=612.7010 | WRMSSE=1.2659
2026-09-10 03:44:48.736 | WARNING  | src.modeling.feature_selection:try_remove:162 - ELIMINADA(S) 'is_likely_stockout' -> 152 features | regression_l2=612.7010 | WRMSSE=1.2659
2026-09-10 03:45:47.030 | WARNING  | src.modeling.feature_selection:try_remove:162 - ELIMINADA(S) 'pct_zero_28' -> 151 features | regression_l2=612.7010 | WRMSSE=1.2659
2026-09-10 03:46:10.725 | WARNING  | src.modeling.feature_selection:try_remove:162 - ELIMINADA(S) 'has_event' -> 150 features | regression_l2=612.7010 | WRMSSE=1.2659
2026-09-10 03:46:31.402 | WARNING  | src.modeling.feature_selection:try_remove:162 - ELIMINADA(S) 'event_type_1' -> 149 features | regression_l2=612.7010 | WRMSSE=1.2659
2026-09-10 03:59:48.490 | WARNING  | src.modeling.feature_selection:try_remove:162 - ELIMINADA(S) 'lag21' -> 148 features | regression_l2=589.9895 | WRMSSE=1.3278
2026-09-10 03:59:59.319 | WARNING  | src.modeling.feature_selection:try_remove:162 - ELIMINADA(S) 'dayofweek' -> 147 features | regression_l2=578.0726 | WRMSSE=1.3226
2026-09-10 04:00:59.154 | WARNING  | src.modeling.feature_selection:try_remove:162 - ELIMINADA(S) 'rolling_mean_lag91_window_size91' -> 146 features | regression_l2=575.7411 | WRMSSE=1.3010
2026-09-10 04:01:06.485 | WARNING  | src.modeling.feature_selection:try_remove:162 - ELIMINADA(S) 'lag1' -> 145 features | regression_l2=513.8755 | WRMSSE=1.1652
2026-09-10 04:01:15.279 | WARNING  | src.modeling.feature_selection:try_remove:162 - ELIMINADA(S) 'avg_sell_price' -> 144 features | regression_l2=496.1572 | WRMSSE=1.1956
2026-09-10 04:03:57.661 | WARNING  | src.modeling.feature_selection:try_remove:162 - ELIMINADA(S) 'lag22' -> 143 features | regression_l2=492.4424 | WRMSSE=1.1073
2026-09-10 04:05:02.368 | WARNING  | src.modeling.feature_selection:try_remove:162 - ELIMINADA(S) 'rolling_mean_lag91_window_size28' -> 142 features | regression_l2=484.6551 | WRMSSE=1.1441
2026-09-10 04:06:55.163 | WARNING  | src.modeling.feature_selection:try_remove:162 - ELIMINADA(S) 'rolling_max_lag364_window_size91' -> 141 features | regression_l2=480.8717 | WRMSSE=1.0998
2026-09-10 04:09:17.933 | WARNING  | src.modeling.feature_selection:try_remove:162 - ELIMINADA(S) 'dow_cos' -> 140 features | regression_l2=460.0043 | WRMSSE=1.0701
2026-09-10 04:11:16.111 | WARNING  | src.modeling.feature_selection:try_remove:162 - ELIMINADA(S) 'year' -> 139 features | regression_l2=460.0042 | WRMSSE=1.0701
2026-09-10 04:13:00.437 | WARNING  | src.modeling.feature_selection:try_remove:162 - ELIMINADA(S) 'pct_zero_90' -> 138 features | regression_l2=460.0042 | WRMSSE=1.0701
2026-09-10 04:44:11.409 | WARNING  | src.modeling.feature_selection:try_remove:162 - ELIMINADA(S) 8 features ['rolling_max_lag91_window_size28', 'rolling_std_lag5_window_size7', 'lag9', 'seasonal_mean_lag364_7_8', 'days_to_closure', 'lag4', 'lag17', 'lag16'] -> 130 features | regression_l2=459.5801 | WRMSSE=1.0633
2026-09-10 04:52:16.602 | WARNING  | src.modeling.feature_selection:try_remove:162 - ELIMINADA(S) 'lag6' -> 129 features | regression_l2=455.8367 | WRMSSE=1.0635
2026-09-10 05:18:56.539 | INFO     | src.modeling.feature_selection:backward_feature_selection:189 - Seleccionadas 129/191 features | regression_l2 final: 455.8367 | WRMSSE final: 1.0635
2026-09-10 05:18:56.544 | INFO     | scripts.train_dataset.refinement:select_features:114 - Features descartadas (62): ['avg_sell_price', 'cat_id', 'dayofweek', 'days_since_price_change', 'days_to_closure', 'dow_cos', 'event_type_1', 'event_type_1_enc', 'event_type_2', 'event_type_2_enc', 'expanding_mean_lag91', 'has_event', 'has_event_2', 'is_likely_stockout', 'is_month_start', 'is_store_closed', 'is_weekend', 'item_id', 'lag1', 'lag15', 'lag16', 'lag17', 'lag21', 'lag22', 'lag25', 'lag26', 'lag4', 'lag6', 'lag9', 'momentum_lag28_7_28', 'pct_zero_28', 'pct_zero_90', 'quarter', 'rolling_max_lag364_window_size28', 'rolling_max_lag364_window_size91', 'rolling_max_lag3_window_size7', 'rolling_max_lag4_window_size14', 'rolling_max_lag4_window_size7', 'rolling_max_lag5_window_size7', 'rolling_max_lag6_window_size7', 'rolling_max_lag7_window_size14', 'rolling_max_lag91_window_size28', 'rolling_mean_lag2_window_size14', 'rolling_mean_lag4_window_size14', 'rolling_mean_lag4_window_size7', 'rolling_mean_lag6_window_size7', 'rolling_mean_lag7_window_size14', 'rolling_mean_lag7_window_size7', 'rolling_mean_lag91_window_size28', 'rolling_mean_lag91_window_size91', 'rolling_min_lag1_window_size21', 'rolling_min_lag364_window_size28', 'rolling_min_lag364_window_size91', 'rolling_min_lag5_window_size7', 'rolling_std_lag28_window_size7', 'rolling_std_lag4_window_size7', 'rolling_std_lag5_window_size7', 'rolling_std_lag6_window_size14', 'seasonal_mean_lag364_7_8', 'store_id', 'te_dept_mean', 'year']
2026-09-10 05:18:56.570 | INFO     | scripts.train_dataset.refinement:select_features:127 - Features finales: 129 (4 categóricas) | regression_l2=455.8367 | WRMSSE=1.0635 (informativo)
2026-09-10 05:18:56.571 | INFO     | scripts.train_dataset.pipeline:run_pipeline:74 - Fase selección de features: 6758.6s
2026-09-10 05:19:25.174 | INFO     | src.evaluation.reports:evaluate_predictions:58 - xgboost (bench, selected features) [ML] | WAPE: 14.83% | WRMSSE: 1.0635  | fit: 28.43s
2026-09-10 05:19:27.030 | INFO     | scripts.train_dataset.refinement:run_shap:173 - SHAP (xgboost): feature más importante = te_weekend_mean | plots guardados en /home/njimenez/workspace/magister/forecast-tfm/artifacts/plots
2026-09-10 05:19:27.032 | INFO     | scripts.train_dataset.pipeline:run_pipeline:79 - Fase SHAP: 30.5s
2026-09-10 05:19:27.087 | INFO     | scripts.train_dataset.refinement:tune_optuna_family:60 - [xgboost] Optuna arrancando: hasta 100 trials (timeout 120s) -- study 'study_level_07_daily_state_dept_sales_final_xgboost'
2026-09-10 05:21:28.907 | INFO     | scripts.train_dataset.refinement:tune_optuna_family:70 - [xgboost] Optuna terminó -- elige hiperparámetros por regression_l2 (no por WRMSSE): mejor regression_l2 = 476.3421 | WRMSSE de ESE trial: 1.0665 (solo referencia, puede no ser el mínimo posible; el WRMSSE definitivo se reporta abajo, tras reentrenar con estos hiperparámetros)
2026-09-10 05:21:28.909 | INFO     | scripts.train_dataset.refinement:tune_optuna_family:76 - [xgboost] Mejores hiperparámetros: {'learning_rate': 0.054816785328198704, 'max_depth': 10, 'min_child_weight': 48.343714531846395, 'subsample': 0.8394633936788146, 'colsample_bytree': 0.6624074561769746, 'reg_alpha': 0.003775887545682684, 'reg_lambda': 0.0016400214911202306}
2026-09-10 05:21:28.911 | INFO     | scripts.train_dataset.pipeline:run_pipeline:85 - Fase Optuna final: 121.9s
2026-09-10 05:22:06.163 | INFO     | scripts.train_dataset.refinement:fit_final_model:222 - CV (1 folds) best_iteration: [616] -> n_estimators final = 616
2026-09-10 05:22:06.437 | INFO     | src.evaluation.reports:evaluate_predictions:58 - xgboost (final, Optuna) [ML] | WAPE: 14.71% | WRMSSE: 1.0601  | fit: 37.40s
2026-09-10 05:23:15.020 | INFO     | scripts.train_dataset.refinement:fit_final_model:243 - Test WAPE: 8.06% | Test WRMSSE: 0.6340
2026-09-10 05:23:22.196 | INFO     | scripts.train_dataset.benchmarking:save_model_comparison:115 - Comparación de modelos guardada en /home/njimenez/workspace/magister/forecast-tfm/artifacts/results
2026-09-10 05:23:22.932 | SUCCESS  | scripts.train_dataset.export:export_artifact:109 - Artifact guardado en /home/njimenez/workspace/magister/forecast-tfm/artifacts/models/level_07_daily_state_dept_sales_artifact.pkl (modelo: xgboost)
2026-09-10 05:23:23.299 | SUCCESS  | scripts.train_dataset.export:export_artifact:119 - Versión 20260910T082322Z registrada en registry.json
2026-09-10 05:23:23.302 | INFO     | scripts.train_dataset.pipeline:run_pipeline:93 - Pipeline completo (level_07_daily_state_dept/sales) en 7201.5s
2026-09-10 05:23:23.508 | INFO     | src.data.dataset:load_data:58 - level_07_weekly_state_dept | target=sales | 5,838 filas | 109 features (9 categóricas)
2026-09-10 05:23:23.515 | INFO     | src.data.temporal_split:log_summary:41 - Train : 2011-01-29 to 2015-04-20 (1,549 days, 4,662 rows)
2026-09-10 05:23:23.515 | INFO     | src.data.temporal_split:log_summary:42 - Valid : 2015-04-27 to 2016-04-18 (364 days, 1,092 rows)
2026-09-10 05:23:23.515 | INFO     | src.data.temporal_split:log_summary:43 - Test  : 2016-04-25 to 2016-05-16 (22 days, 84 rows)
2026-09-10 05:23:23.740 | INFO     | src.data.dataset:split_data:119 - Features: 109 (9 categóricas)
2026-09-10 05:23:23.815 | INFO     | src.evaluation.reports:evaluate_predictions:58 - Seasonal naive (1w) [Naive] | WAPE: 13.05% | WRMSSE: 0.7570  | fit: 0.02s
2026-09-10 05:23:23.882 | INFO     | src.evaluation.reports:evaluate_predictions:58 - Seasonal naive (4w) [Naive] | WAPE: 11.68% | WRMSSE: 0.7050  | fit: 0.02s
2026-09-10 05:23:23.949 | INFO     | src.evaluation.reports:evaluate_predictions:58 - Seasonal naive (52w) [Naive] | WAPE: 12.52% | WRMSSE: 0.8296  | fit: 0.02s
2026-09-10 05:23:24.015 | INFO     | src.evaluation.reports:evaluate_predictions:58 -             Drift [Naive] | WAPE: 10.30% | WRMSSE: 0.6498  | fit: 0.01s
2026-09-10 05:23:24.068 | INFO     | src.evaluation.reports:evaluate_predictions:58 -   Historical mean [Naive] | WAPE: 19.43% | WRMSSE: 1.2756  | fit: 0.00s
2026-09-10 05:23:24.123 | INFO     | src.evaluation.reports:evaluate_predictions:58 - Moving average (2w) [Naive] | WAPE: 12.07% | WRMSSE: 0.7266  | fit: 0.00s
2026-09-10 05:23:24.179 | INFO     | src.evaluation.reports:evaluate_predictions:58 - Moving average (3w) [Naive] | WAPE: 10.89% | WRMSSE: 0.6585  | fit: 0.00s
2026-09-10 05:23:24.235 | INFO     | src.evaluation.reports:evaluate_predictions:58 - Moving average (4w) [Naive] | WAPE: 10.45% | WRMSSE: 0.6358  | fit: 0.00s
2026-09-10 05:23:24.292 | INFO     | src.evaluation.reports:evaluate_predictions:58 - Moving average (6w) [Naive] | WAPE: 11.44% | WRMSSE: 0.6860  | fit: 0.00s
2026-09-10 05:23:24.347 | INFO     | src.evaluation.reports:evaluate_predictions:58 - Moving average (8w) [Naive] | WAPE: 10.83% | WRMSSE: 0.6561  | fit: 0.00s
2026-09-10 05:23:24.347 | INFO     | scripts.train_dataset.pipeline:run_pipeline:51 - Fase naive: 0.6s
2026-09-10 05:23:37.197 | INFO     | src.evaluation.reports:evaluate_predictions:58 -      SARIMA [Statistical] | WAPE: 6207374.76% | WRMSSE: 927119.8744  | fit: 12.77s
2026-09-10 05:23:41.147 | INFO     | src.evaluation.reports:evaluate_predictions:58 - ETS (Holt-Winters) [Statistical] | WAPE: 11.58% | WRMSSE: 0.7023  | fit: 3.88s
2026-09-10 05:23:41.418 | INFO     | src.evaluation.reports:evaluate_predictions:58 -       Theta [Statistical] | WAPE: 8.70% | WRMSSE: 0.5579  | fit: 0.22s
2026-09-10 05:24:07.486 | INFO     | src.evaluation.reports:evaluate_predictions:58 -       TBATS [Statistical] | WAPE: 17.06% | WRMSSE: 1.0199  | fit: 25.96s
2026-09-10 05:24:10.324 | INFO     | src.evaluation.reports:evaluate_predictions:58 -     Prophet [Statistical] | WAPE: 12.00% | WRMSSE: 0.7886  | fit: 2.75s
2026-09-10 05:24:10.325 | INFO     | scripts.train_dataset.pipeline:run_pipeline:56 - Fase estadísticos clásicos: 46.0s
2026-09-10 05:24:10.325 | INFO     | scripts.train_dataset.benchmarking:run_bench_ml:67 - Bench ML: familia 1/5 -- lightgbm
2026-09-10 05:24:19.122 | INFO     | src.evaluation.reports:evaluate_predictions:58 -     lightgbm (bench) [ML] | WAPE: 16.42% | WRMSSE: 1.1664  | fit: 8.65s
2026-09-10 05:24:19.123 | INFO     | scripts.train_dataset.benchmarking:run_bench_ml:67 - Bench ML: familia 2/5 -- xgboost
2026-09-10 05:24:24.704 | INFO     | src.evaluation.reports:evaluate_predictions:58 -      xgboost (bench) [ML] | WAPE: 15.63% | WRMSSE: 0.9765  | fit: 5.43s
2026-09-10 05:24:24.705 | INFO     | scripts.train_dataset.benchmarking:run_bench_ml:67 - Bench ML: familia 3/5 -- catboost
2026-09-10 05:24:30.131 | INFO     | src.evaluation.reports:evaluate_predictions:58 -     catboost (bench) [ML] | WAPE: 28.27% | WRMSSE: 1.6688  | fit: 5.29s
2026-09-10 05:24:30.132 | INFO     | scripts.train_dataset.benchmarking:run_bench_ml:67 - Bench ML: familia 4/5 -- histgb
2026-09-10 05:24:58.530 | INFO     | src.evaluation.reports:evaluate_predictions:58 -       histgb (bench) [ML] | WAPE: 23.90% | WRMSSE: 1.4211  | fit: 28.26s
2026-09-10 05:24:58.530 | INFO     | scripts.train_dataset.benchmarking:run_bench_ml:67 - Bench ML: familia 5/5 -- ridge
2026-09-10 05:24:58.664 | INFO     | src.evaluation.reports:evaluate_predictions:58 -        ridge (bench) [ML] | WAPE: 33.69% | WRMSSE: 2.7487  | fit: 0.06s
2026-09-10 05:24:58.664 | SUCCESS  | scripts.train_dataset.benchmarking:pick_winner:94 - Modelo ganador (bench, 4 familias tree-based comparadas): lightgbm | regression_l2=3319.2212
2026-09-10 05:24:58.664 | INFO     | scripts.train_dataset.pipeline:run_pipeline:62 - Fase bench ML (5 familias, sin Optuna): 48.3s
2026-09-10 05:24:58.666 | INFO     | scripts.train_dataset.refinement:select_features:88 - Top 10 gain importance (lightgbm):
te_snap_mean                      3.123573e+12
dept_id                           2.310115e+11
lag4                              1.786892e+11
rolling_max_lag1_window_size4     1.462644e+11
lag1                              1.203005e+11
days_to_closure                   4.403357e+10
te_weekend_mean                   3.412863e+10
lag2                              1.557907e+10
is_store_closed                   1.250349e+10
rolling_mean_lag1_window_size4    1.089426e+10
dtype: float64
2026-09-10 05:25:10.538 | INFO     | scripts.train_dataset.refinement:select_features:95 - Top 10 permutation importance (lightgbm):
te_snap_mean       8237.863333
lag4               2344.277675
dept_id            1358.267067
is_store_closed     391.837285
days_to_closure     210.416646
lag1                188.776190
lag22               153.806256
lag26               120.782279
te_weekend_mean     120.355672
lag52                97.948171
dtype: float64
2026-09-10 05:25:13.605 | INFO     | src.modeling.feature_selection:backward_feature_selection:139 - Baseline (109 features): regression_l2=3319.2212 | WRMSSE=1.1664 (informativo)
2026-09-10 05:25:15.516 | WARNING  | src.modeling.feature_selection:try_remove:162 - ELIMINADA(S) 8 features ['rolling_min_lag52_window_size4', 'price_lag_1', 'month', 'rolling_mean_lag1_window_size4', 'rolling_mean_lag13_window_size26', 'rolling_max_lag1_window_size13', 'rolling_std_lag13_window_size13', 'rolling_mean_lag52_window_size13'] -> 101 features | regression_l2=3265.4492 | WRMSSE=1.1944
2026-09-10 05:25:21.357 | WARNING  | src.modeling.feature_selection:try_remove:162 - ELIMINADA(S) 'rolling_mean_lag52_window_size4' -> 100 features | regression_l2=3215.3859 | WRMSSE=1.1749
2026-09-10 05:25:24.219 | WARNING  | src.modeling.feature_selection:try_remove:162 - ELIMINADA(S) 'te_item_mean' -> 99 features | regression_l2=3142.5147 | WRMSSE=1.1512
2026-09-10 05:25:27.588 | WARNING  | src.modeling.feature_selection:try_remove:162 - ELIMINADA(S) 'te_event_mean' -> 98 features | regression_l2=3118.7283 | WRMSSE=1.1088
2026-09-10 05:25:41.288 | WARNING  | src.modeling.feature_selection:try_remove:162 - ELIMINADA(S) 'rolling_max_lag13_window_size26' -> 97 features | regression_l2=3029.5768 | WRMSSE=1.0871
2026-09-10 05:26:04.321 | WARNING  | src.modeling.feature_selection:try_remove:162 - ELIMINADA(S) 'rolling_min_lag1_window_size4' -> 96 features | regression_l2=2973.0749 | WRMSSE=1.0651
2026-09-10 05:26:21.567 | WARNING  | src.modeling.feature_selection:try_remove:162 - ELIMINADA(S) 8 features ['adi_expanding', 'rolling_min_lag52_window_size13', 'rolling_std_lag13_window_size26', 'month_cos', 'doy_sin', 'has_event', 'snap', 'month_sin'] -> 88 features | regression_l2=2958.5094 | WRMSSE=1.0327
2026-09-10 05:26:32.625 | WARNING  | src.modeling.feature_selection:try_remove:162 - ELIMINADA(S) 'item_id' -> 87 features | regression_l2=2958.5094 | WRMSSE=1.0327
2026-09-10 05:26:37.758 | WARNING  | src.modeling.feature_selection:try_remove:162 - ELIMINADA(S) 'is_likely_stockout' -> 86 features | regression_l2=2958.5094 | WRMSSE=1.0327
2026-09-10 05:26:39.776 | WARNING  | src.modeling.feature_selection:try_remove:162 - ELIMINADA(S) 'pct_zero_28' -> 85 features | regression_l2=2958.5094 | WRMSSE=1.0327
2026-09-10 05:26:41.988 | WARNING  | src.modeling.feature_selection:try_remove:162 - ELIMINADA(S) 'event_type_2_enc' -> 84 features | regression_l2=2958.5094 | WRMSSE=1.0327
2026-09-10 05:26:45.896 | WARNING  | src.modeling.feature_selection:try_remove:162 - ELIMINADA(S) 'quarter' -> 83 features | regression_l2=2958.3949 | WRMSSE=1.0328
2026-09-10 05:26:47.801 | WARNING  | src.modeling.feature_selection:try_remove:162 - ELIMINADA(S) 'is_month_start' -> 82 features | regression_l2=2958.3949 | WRMSSE=1.0328
2026-09-10 05:26:49.881 | WARNING  | src.modeling.feature_selection:try_remove:162 - ELIMINADA(S) 'year' -> 81 features | regression_l2=2958.3949 | WRMSSE=1.0328
2026-09-10 05:26:51.857 | WARNING  | src.modeling.feature_selection:try_remove:162 - ELIMINADA(S) 8 features ['dow_sin', 'dow_cos', 'is_weekend', 'has_event_2', 'dayofweek', 'event_type_2', 'event_name_2', 'days_since_price_change'] -> 73 features | regression_l2=2958.3949 | WRMSSE=1.0328
2026-09-10 05:26:55.928 | WARNING  | src.modeling.feature_selection:try_remove:162 - ELIMINADA(S) 'store_id' -> 72 features | regression_l2=2958.3949 | WRMSSE=1.0328
2026-09-10 05:28:44.242 | WARNING  | src.modeling.feature_selection:try_remove:162 - ELIMINADA(S) 8 features ['state_id', 'rolling_max_lag1_window_size4', 'cat_id', 'event_name_1', 'lag3', 'lag2', 'lag13', 'day'] -> 64 features | regression_l2=2201.4554 | WRMSSE=0.7893
2026-09-10 05:28:45.589 | WARNING  | src.modeling.feature_selection:try_remove:162 - ELIMINADA(S) 8 features ['lag17', 'te_dept_std', 'lag8', 'lag52', 'te_weekend_mean', 'lag26', 'lag22', 'lag1'] -> 56 features | regression_l2=1640.3360 | WRMSSE=0.5087
2026-09-10 05:28:50.258 | WARNING  | src.modeling.feature_selection:try_remove:162 - ELIMINADA(S) 'dept_id' -> 55 features | regression_l2=1594.6612 | WRMSSE=0.5183
2026-09-10 05:28:51.499 | WARNING  | src.modeling.feature_selection:try_remove:162 - ELIMINADA(S) 'lag4' -> 54 features | regression_l2=1531.3912 | WRMSSE=0.5127
2026-09-10 05:28:53.928 | WARNING  | src.modeling.feature_selection:try_remove:162 - ELIMINADA(S) 8 features ['rolling_max_lag52_window_size4', 'rolling_min_lag13_window_size13', 'price_vs_mean', 'te_cat_std', 'rolling_std_lag1_window_size13', 'rolling_mean_lag4_window_size4', 'rolling_max_lag13_window_size13', 'te_cat_mean'] -> 46 features | regression_l2=1500.1633 | WRMSSE=0.5099
2026-09-10 05:29:14.655 | WARNING  | src.modeling.feature_selection:try_remove:162 - ELIMINADA(S) 'rolling_std_lag52_window_size4' -> 45 features | regression_l2=1467.9046 | WRMSSE=0.5022
2026-09-10 05:29:15.598 | WARNING  | src.modeling.feature_selection:try_remove:162 - ELIMINADA(S) 'days_to_thanksgiving' -> 44 features | regression_l2=1416.4165 | WRMSSE=0.5014
2026-09-10 05:30:37.939 | WARNING  | src.modeling.feature_selection:try_remove:162 - ELIMINADA(S) 'zero_streak' -> 43 features | regression_l2=1415.6882 | WRMSSE=0.4971
2026-09-10 05:31:07.389 | WARNING  | src.modeling.feature_selection:try_remove:162 - ELIMINADA(S) 'rolling_min_lag4_window_size13' -> 42 features | regression_l2=1385.9807 | WRMSSE=0.4848
2026-09-10 05:33:09.536 | INFO     | src.modeling.feature_selection:backward_feature_selection:189 - Seleccionadas 42/109 features | regression_l2 final: 1385.9807 | WRMSSE final: 0.4848
2026-09-10 05:33:09.539 | INFO     | scripts.train_dataset.refinement:select_features:114 - Features descartadas (67): ['adi_expanding', 'cat_id', 'day', 'dayofweek', 'days_since_price_change', 'days_to_thanksgiving', 'dept_id', 'dow_cos', 'dow_sin', 'doy_sin', 'event_name_1', 'event_name_2', 'event_type_2', 'event_type_2_enc', 'has_event', 'has_event_2', 'is_likely_stockout', 'is_month_start', 'is_weekend', 'item_id', 'lag1', 'lag13', 'lag17', 'lag2', 'lag22', 'lag26', 'lag3', 'lag4', 'lag52', 'lag8', 'month', 'month_cos', 'month_sin', 'pct_zero_28', 'price_lag_1', 'price_vs_mean', 'quarter', 'rolling_max_lag13_window_size13', 'rolling_max_lag13_window_size26', 'rolling_max_lag1_window_size13', 'rolling_max_lag1_window_size4', 'rolling_max_lag52_window_size4', 'rolling_mean_lag13_window_size26', 'rolling_mean_lag1_window_size4', 'rolling_mean_lag4_window_size4', 'rolling_mean_lag52_window_size13', 'rolling_mean_lag52_window_size4', 'rolling_min_lag13_window_size13', 'rolling_min_lag1_window_size4', 'rolling_min_lag4_window_size13', 'rolling_min_lag52_window_size13', 'rolling_min_lag52_window_size4', 'rolling_std_lag13_window_size13', 'rolling_std_lag13_window_size26', 'rolling_std_lag1_window_size13', 'rolling_std_lag52_window_size4', 'snap', 'state_id', 'store_id', 'te_cat_mean', 'te_cat_std', 'te_dept_std', 'te_event_mean', 'te_item_mean', 'te_weekend_mean', 'year', 'zero_streak']
2026-09-10 05:33:09.554 | INFO     | scripts.train_dataset.refinement:select_features:127 - Features finales: 42 (1 categóricas) | regression_l2=1385.9807 | WRMSSE=0.4848 (informativo)
2026-09-10 05:33:09.554 | INFO     | scripts.train_dataset.pipeline:run_pipeline:74 - Fase selección de features: 490.9s
2026-09-10 05:33:14.478 | INFO     | src.evaluation.reports:evaluate_predictions:58 - lightgbm (bench, selected features) [ML] | WAPE: 6.87% | WRMSSE: 0.4848  | fit: 4.81s
2026-09-10 05:33:17.820 | INFO     | scripts.train_dataset.refinement:run_shap:173 - SHAP (lightgbm): feature más importante = te_snap_mean | plots guardados en /home/njimenez/workspace/magister/forecast-tfm/artifacts/plots
2026-09-10 05:33:17.822 | INFO     | scripts.train_dataset.pipeline:run_pipeline:79 - Fase SHAP: 8.3s
2026-09-10 05:33:17.908 | INFO     | scripts.train_dataset.refinement:tune_optuna_family:60 - [lightgbm] Optuna arrancando: hasta 100 trials (timeout 120s) -- study 'study_level_07_weekly_state_dept_sales_final_lightgbm'
2026-09-10 05:35:21.708 | INFO     | scripts.train_dataset.refinement:tune_optuna_family:70 - [lightgbm] Optuna terminó -- elige hiperparámetros por regression_l2 (no por WRMSSE): mejor regression_l2 = 1458.0701 | WRMSSE de ESE trial: 0.4867 (solo referencia, puede no ser el mínimo posible; el WRMSSE definitivo se reporta abajo, tras reentrenar con estos hiperparámetros)
2026-09-10 05:35:21.712 | INFO     | scripts.train_dataset.refinement:tune_optuna_family:76 - [lightgbm] Mejores hiperparámetros: {'learning_rate': 0.04088993298684763, 'num_leaves': 177, 'max_depth': 10, 'min_child_samples': 20, 'subsample': 0.7006485648653515, 'colsample_bytree': 0.956747978108666, 'reg_alpha': 0.020319893178929873, 'reg_lambda': 0.028344494668021403}
2026-09-10 05:35:21.715 | INFO     | scripts.train_dataset.pipeline:run_pipeline:85 - Fase Optuna final: 123.9s
2026-09-10 05:35:29.508 | INFO     | scripts.train_dataset.refinement:fit_final_model:222 - CV (1 folds) best_iteration: [443] -> n_estimators final = 443
2026-09-10 05:35:29.586 | INFO     | src.evaluation.reports:evaluate_predictions:58 - lightgbm (final, Optuna) [ML] | WAPE: 7.12% | WRMSSE: 0.4999  | fit: 7.82s
2026-09-10 05:35:33.507 | INFO     | scripts.train_dataset.refinement:fit_final_model:243 - Test WAPE: 6.43% | Test WRMSSE: 0.4025
2026-09-10 05:35:36.921 | INFO     | scripts.train_dataset.benchmarking:save_model_comparison:115 - Comparación de modelos guardada en /home/njimenez/workspace/magister/forecast-tfm/artifacts/results
2026-09-10 05:35:37.834 | SUCCESS  | scripts.train_dataset.export:export_artifact:109 - Artifact guardado en /home/njimenez/workspace/magister/forecast-tfm/artifacts/models/level_07_weekly_state_dept_sales_artifact.pkl (modelo: lightgbm)
2026-09-10 05:35:38.143 | SUCCESS  | scripts.train_dataset.export:export_artifact:119 - Versión 20260910T083537Z registrada en registry.json
2026-09-10 05:35:38.145 | INFO     | scripts.train_dataset.pipeline:run_pipeline:93 - Pipeline completo (level_07_weekly_state_dept/sales) en 734.7s
2026-09-10 05:35:38.530 | INFO     | src.data.dataset:load_data:58 - level_08_daily_store_cat | target=sales | 58,230 filas | 191 features (9 categóricas)
2026-09-10 05:35:38.556 | INFO     | src.data.temporal_split:log_summary:41 - Train : 2011-01-29 to 2015-04-26 (1,549 days, 46,470 rows)
2026-09-10 05:35:38.556 | INFO     | src.data.temporal_split:log_summary:42 - Valid : 2015-04-27 to 2016-04-24 (364 days, 10,920 rows)
2026-09-10 05:35:38.556 | INFO     | src.data.temporal_split:log_summary:43 - Test  : 2016-04-25 to 2016-05-22 (28 days, 840 rows)
2026-09-10 05:35:38.867 | INFO     | src.data.dataset:split_data:119 - Features: 191 (9 categóricas)
2026-09-10 05:35:39.157 | INFO     | src.evaluation.reports:evaluate_predictions:58 - Seasonal naive (1d) [Naive] | WAPE: 24.52% | WRMSSE: 1.5089  | fit: 0.10s
2026-09-10 05:35:39.429 | INFO     | src.evaluation.reports:evaluate_predictions:58 - Seasonal naive (7d) [Naive] | WAPE: 16.92% | WRMSSE: 1.0406  | fit: 0.11s
2026-09-10 05:35:39.696 | INFO     | src.evaluation.reports:evaluate_predictions:58 - Seasonal naive (28d) [Naive] | WAPE: 17.42% | WRMSSE: 1.0851  | fit: 0.10s
2026-09-10 05:35:40.005 | INFO     | src.evaluation.reports:evaluate_predictions:58 - Seasonal naive (364d) [Naive] | WAPE: 16.46% | WRMSSE: 1.0858  | fit: 0.11s
2026-09-10 05:35:40.194 | INFO     | src.evaluation.reports:evaluate_predictions:58 -             Drift [Naive] | WAPE: 26.90% | WRMSSE: 1.6676  | fit: 0.02s
2026-09-10 05:35:40.362 | INFO     | src.evaluation.reports:evaluate_predictions:58 -   Historical mean [Naive] | WAPE: 22.76% | WRMSSE: 1.5431  | fit: 0.00s
2026-09-10 05:35:40.538 | INFO     | src.evaluation.reports:evaluate_predictions:58 - Moving average (7d) [Naive] | WAPE: 19.54% | WRMSSE: 1.2482  | fit: 0.01s
2026-09-10 05:35:40.710 | INFO     | src.evaluation.reports:evaluate_predictions:58 - Moving average (14d) [Naive] | WAPE: 18.90% | WRMSSE: 1.2173  | fit: 0.01s
2026-09-10 05:35:40.881 | INFO     | src.evaluation.reports:evaluate_predictions:58 - Moving average (21d) [Naive] | WAPE: 18.54% | WRMSSE: 1.1864  | fit: 0.01s
2026-09-10 05:35:41.068 | INFO     | src.evaluation.reports:evaluate_predictions:58 - Moving average (28d) [Naive] | WAPE: 18.57% | WRMSSE: 1.1814  | fit: 0.01s
2026-09-10 05:35:41.265 | INFO     | src.evaluation.reports:evaluate_predictions:58 - Moving average (35d) [Naive] | WAPE: 18.67% | WRMSSE: 1.1944  | fit: 0.01s
2026-09-10 05:35:41.266 | INFO     | scripts.train_dataset.pipeline:run_pipeline:51 - Fase naive: 2.4s
2026-09-10 05:35:54.695 | INFO     | src.evaluation.reports:evaluate_predictions:58 -      SARIMA [Statistical] | WAPE: 21.40% | WRMSSE: 1.2786  | fit: 13.24s
2026-09-10 05:35:59.926 | INFO     | src.evaluation.reports:evaluate_predictions:58 - ETS (Holt-Winters) [Statistical] | WAPE: 15.79% | WRMSSE: 0.9667  | fit: 5.06s
2026-09-10 05:36:00.857 | INFO     | src.evaluation.reports:evaluate_predictions:58 -       Theta [Statistical] | WAPE: 15.55% | WRMSSE: 0.9506  | fit: 0.74s
2026-09-10 05:36:26.570 | INFO     | src.evaluation.reports:evaluate_predictions:58 -       TBATS [Statistical] | WAPE: 23.39% | WRMSSE: 1.3611  | fit: 25.55s
2026-09-10 05:36:39.939 | INFO     | src.evaluation.reports:evaluate_predictions:58 -     Prophet [Statistical] | WAPE: 16.32% | WRMSSE: 0.9770  | fit: 13.09s
2026-09-10 05:36:39.939 | INFO     | scripts.train_dataset.pipeline:run_pipeline:56 - Fase estadísticos clásicos: 58.7s
2026-09-10 05:36:39.940 | INFO     | scripts.train_dataset.benchmarking:run_bench_ml:67 - Bench ML: familia 1/5 -- lightgbm
2026-09-10 05:37:16.080 | INFO     | src.evaluation.reports:evaluate_predictions:58 -     lightgbm (bench) [ML] | WAPE: 31.99% | WRMSSE: 2.0357  | fit: 35.62s
2026-09-10 05:37:16.081 | INFO     | scripts.train_dataset.benchmarking:run_bench_ml:67 - Bench ML: familia 2/5 -- xgboost
2026-09-10 05:37:31.254 | INFO     | src.evaluation.reports:evaluate_predictions:58 -      xgboost (bench) [ML] | WAPE: 25.99% | WRMSSE: 1.6741  | fit: 14.96s
2026-09-10 05:37:31.254 | INFO     | scripts.train_dataset.benchmarking:run_bench_ml:67 - Bench ML: familia 3/5 -- catboost
2026-09-10 05:37:52.197 | INFO     | src.evaluation.reports:evaluate_predictions:58 -     catboost (bench) [ML] | WAPE: 34.84% | WRMSSE: 2.1639  | fit: 20.66s
2026-09-10 05:37:52.198 | INFO     | scripts.train_dataset.benchmarking:run_bench_ml:67 - Bench ML: familia 4/5 -- histgb
2026-09-10 05:38:53.283 | INFO     | src.evaluation.reports:evaluate_predictions:58 -       histgb (bench) [ML] | WAPE: 38.58% | WRMSSE: 2.4630  | fit: 59.17s
2026-09-10 05:38:53.284 | INFO     | scripts.train_dataset.benchmarking:run_bench_ml:67 - Bench ML: familia 5/5 -- ridge
2026-09-10 05:38:56.781 | INFO     | src.evaluation.reports:evaluate_predictions:58 -        ridge (bench) [ML] | WAPE: 42.52% | WRMSSE: 2.4482  | fit: 3.15s
2026-09-10 05:38:56.782 | SUCCESS  | scripts.train_dataset.benchmarking:pick_winner:94 - Modelo ganador (bench, 4 familias tree-based comparadas): xgboost | regression_l2=550.5565
2026-09-10 05:38:56.782 | INFO     | scripts.train_dataset.pipeline:run_pipeline:62 - Fase bench ML (5 familias, sin Optuna): 136.8s
2026-09-10 05:38:56.787 | INFO     | scripts.train_dataset.refinement:select_features:88 - Top 10 gain importance (xgboost):
rolling_mean_lag1_window_size7     1.018927e+09
lag7                               5.339018e+07
lag28                              3.150602e+07
lag1                               2.288058e+07
lag14                              1.258142e+07
te_weekend_mean                    9.235407e+06
lag91                              8.533831e+06
lag35                              5.600096e+06
lag21                              4.299960e+06
rolling_mean_lag1_window_size14    3.846698e+06
dtype: float64
2026-09-10 05:39:47.469 | INFO     | scripts.train_dataset.refinement:select_features:95 - Top 10 permutation importance (xgboost):
te_event_mean      131.245728
cat_id              80.185986
lag7                64.416333
lag182              44.084998
lag364              42.949817
te_weekend_mean     39.702478
lag14               35.475391
lag21               22.006555
lag26               21.901978
te_snap_mean        20.336157
dtype: float64
2026-09-10 05:39:59.738 | INFO     | src.modeling.feature_selection:backward_feature_selection:139 - Baseline (191 features): regression_l2=550.5565 | WRMSSE=1.6741 (informativo)
2026-09-10 05:42:40.965 | WARNING  | src.modeling.feature_selection:try_remove:162 - ELIMINADA(S) 'rolling_std_lag28_window_size91' -> 190 features | regression_l2=543.3587 | WRMSSE=1.5765
2026-09-10 05:43:14.726 | WARNING  | src.modeling.feature_selection:try_remove:162 - ELIMINADA(S) 'rolling_min_lag91_window_size91' -> 189 features | regression_l2=536.4373 | WRMSSE=1.6388
2026-09-10 05:43:54.903 | WARNING  | src.modeling.feature_selection:try_remove:162 - ELIMINADA(S) 'rolling_min_lag28_window_size28' -> 188 features | regression_l2=533.9743 | WRMSSE=1.6081
2026-09-10 05:44:18.152 | WARNING  | src.modeling.feature_selection:try_remove:162 - ELIMINADA(S) 'lag19' -> 187 features | regression_l2=523.9489 | WRMSSE=1.5726
2026-09-10 05:46:52.573 | WARNING  | src.modeling.feature_selection:try_remove:162 - ELIMINADA(S) 'rolling_max_lag3_window_size14' -> 186 features | regression_l2=519.1151 | WRMSSE=1.5294
2026-09-10 05:48:51.802 | WARNING  | src.modeling.feature_selection:try_remove:162 - ELIMINADA(S) 'month' -> 185 features | regression_l2=494.9848 | WRMSSE=1.5372
2026-09-10 05:51:10.210 | WARNING  | src.modeling.feature_selection:try_remove:162 - ELIMINADA(S) 'te_item_std' -> 184 features | regression_l2=494.9848 | WRMSSE=1.5372
2026-09-10 05:57:14.233 | WARNING  | src.modeling.feature_selection:try_remove:162 - ELIMINADA(S) 'item_id' -> 183 features | regression_l2=494.9848 | WRMSSE=1.5372
2026-09-10 05:57:30.458 | WARNING  | src.modeling.feature_selection:try_remove:162 - ELIMINADA(S) 'event_type_1_enc' -> 182 features | regression_l2=494.9848 | WRMSSE=1.5372
2026-09-10 05:57:49.055 | WARNING  | src.modeling.feature_selection:try_remove:162 - ELIMINADA(S) 'is_month_start' -> 181 features | regression_l2=494.9848 | WRMSSE=1.5372
2026-09-10 05:58:24.158 | WARNING  | src.modeling.feature_selection:try_remove:162 - ELIMINADA(S) 'quarter' -> 180 features | regression_l2=494.9848 | WRMSSE=1.5372
2026-09-10 05:58:57.926 | WARNING  | src.modeling.feature_selection:try_remove:162 - ELIMINADA(S) 'days_since_price_change' -> 179 features | regression_l2=494.9848 | WRMSSE=1.5372
2026-09-10 05:59:37.143 | WARNING  | src.modeling.feature_selection:try_remove:162 - ELIMINADA(S) 'event_type_2_enc' -> 178 features | regression_l2=494.9848 | WRMSSE=1.5372
2026-09-10 06:00:11.208 | WARNING  | src.modeling.feature_selection:try_remove:162 - ELIMINADA(S) 'is_store_closed' -> 177 features | regression_l2=494.9848 | WRMSSE=1.5372
2026-09-10 06:00:37.711 | WARNING  | src.modeling.feature_selection:try_remove:162 - ELIMINADA(S) 'state_id' -> 176 features | regression_l2=494.9848 | WRMSSE=1.5372
2026-09-10 06:00:54.572 | WARNING  | src.modeling.feature_selection:try_remove:162 - ELIMINADA(S) 'is_weekend' -> 175 features | regression_l2=494.9848 | WRMSSE=1.5372
2026-09-10 06:01:17.349 | WARNING  | src.modeling.feature_selection:try_remove:162 - ELIMINADA(S) 'event_type_2' -> 174 features | regression_l2=494.9848 | WRMSSE=1.5372
2026-09-10 06:01:44.540 | WARNING  | src.modeling.feature_selection:try_remove:162 - ELIMINADA(S) 'has_event' -> 173 features | regression_l2=494.9848 | WRMSSE=1.5372
2026-09-10 06:02:19.970 | WARNING  | src.modeling.feature_selection:try_remove:162 - ELIMINADA(S) 'pct_zero_28' -> 172 features | regression_l2=494.9848 | WRMSSE=1.5372
2026-09-10 06:02:43.706 | WARNING  | src.modeling.feature_selection:try_remove:162 - ELIMINADA(S) 'pct_zero_90' -> 171 features | regression_l2=494.1522 | WRMSSE=1.5255
2026-09-10 06:03:02.709 | WARNING  | src.modeling.feature_selection:try_remove:162 - ELIMINADA(S) 'dept_id' -> 170 features | regression_l2=494.1522 | WRMSSE=1.5255
2026-09-10 06:03:20.742 | WARNING  | src.modeling.feature_selection:try_remove:162 - ELIMINADA(S) 'year' -> 169 features | regression_l2=494.1522 | WRMSSE=1.5255
2026-09-10 06:03:41.528 | WARNING  | src.modeling.feature_selection:try_remove:162 - ELIMINADA(S) 'is_likely_stockout' -> 168 features | regression_l2=494.1522 | WRMSSE=1.5255
2026-09-10 06:04:22.111 | WARNING  | src.modeling.feature_selection:try_remove:162 - ELIMINADA(S) 'has_event_2' -> 167 features | regression_l2=494.1522 | WRMSSE=1.5255
2026-09-10 06:24:32.303 | WARNING  | src.modeling.feature_selection:try_remove:162 - ELIMINADA(S) 'lag1' -> 166 features | regression_l2=492.5842 | WRMSSE=1.4370
2026-09-10 06:25:36.183 | WARNING  | src.modeling.feature_selection:try_remove:162 - ELIMINADA(S) 'rolling_std_lag1_window_size7' -> 165 features | regression_l2=490.4939 | WRMSSE=1.3947
2026-09-10 06:26:01.192 | WARNING  | src.modeling.feature_selection:try_remove:162 - ELIMINADA(S) 'rolling_min_lag5_window_size7' -> 164 features | regression_l2=488.6461 | WRMSSE=1.3584
2026-09-10 06:26:31.015 | WARNING  | src.modeling.feature_selection:try_remove:162 - ELIMINADA(S) 'dayofweek' -> 163 features | regression_l2=484.3952 | WRMSSE=1.3300
2026-09-10 06:27:29.769 | WARNING  | src.modeling.feature_selection:try_remove:162 - ELIMINADA(S) 'store_id' -> 162 features | regression_l2=478.9917 | WRMSSE=1.3751
2026-09-10 06:32:20.970 | WARNING  | src.modeling.feature_selection:try_remove:162 - ELIMINADA(S) 'rolling_max_lag28_window_size91' -> 161 features | regression_l2=478.9917 | WRMSSE=1.3751
2026-09-10 06:33:26.221 | WARNING  | src.modeling.feature_selection:try_remove:162 - ELIMINADA(S) 'lag12' -> 160 features | regression_l2=475.4679 | WRMSSE=1.3735
2026-09-10 06:33:47.387 | WARNING  | src.modeling.feature_selection:try_remove:162 - ELIMINADA(S) 'rolling_max_lag7_window_size14' -> 159 features | regression_l2=468.8380 | WRMSSE=1.3474
2026-09-10 06:39:15.854 | WARNING  | src.modeling.feature_selection:try_remove:162 - ELIMINADA(S) 'rolling_mean_lag28_window_size91' -> 158 features | regression_l2=455.4207 | WRMSSE=1.3109
2026-09-10 06:43:10.788 | WARNING  | src.modeling.feature_selection:try_remove:162 - ELIMINADA(S) 'event_type_1' -> 157 features | regression_l2=455.4207 | WRMSSE=1.3109
2026-09-10 06:43:47.579 | WARNING  | src.modeling.feature_selection:try_remove:162 - ELIMINADA(S) 'rolling_max_lag6_window_size14' -> 156 features | regression_l2=445.2189 | WRMSSE=1.3103
2026-09-10 06:58:51.138 | WARNING  | src.modeling.feature_selection:try_remove:162 - ELIMINADA(S) 'expanding_mean_lag91' -> 155 features | regression_l2=441.0683 | WRMSSE=1.3191
2026-09-10 07:22:44.745 | WARNING  | src.modeling.feature_selection:try_remove:162 - ELIMINADA(S) 'rolling_mean_lag4_window_size14' -> 154 features | regression_l2=425.1140 | WRMSSE=1.2887
2026-09-10 08:17:17.630 | INFO     | src.modeling.feature_selection:backward_feature_selection:189 - Seleccionadas 154/191 features | regression_l2 final: 425.1140 | WRMSSE final: 1.2887
2026-09-10 08:17:17.635 | INFO     | scripts.train_dataset.refinement:select_features:114 - Features descartadas (37): ['dayofweek', 'days_since_price_change', 'dept_id', 'event_type_1', 'event_type_1_enc', 'event_type_2', 'event_type_2_enc', 'expanding_mean_lag91', 'has_event', 'has_event_2', 'is_likely_stockout', 'is_month_start', 'is_store_closed', 'is_weekend', 'item_id', 'lag1', 'lag12', 'lag19', 'month', 'pct_zero_28', 'pct_zero_90', 'quarter', 'rolling_max_lag28_window_size91', 'rolling_max_lag3_window_size14', 'rolling_max_lag6_window_size14', 'rolling_max_lag7_window_size14', 'rolling_mean_lag28_window_size91', 'rolling_mean_lag4_window_size14', 'rolling_min_lag28_window_size28', 'rolling_min_lag5_window_size7', 'rolling_min_lag91_window_size91', 'rolling_std_lag1_window_size7', 'rolling_std_lag28_window_size91', 'state_id', 'store_id', 'te_item_std', 'year']
2026-09-10 08:17:17.670 | INFO     | scripts.train_dataset.refinement:select_features:127 - Features finales: 154 (3 categóricas) | regression_l2=425.1140 | WRMSSE=1.2887 (informativo)
2026-09-10 08:17:17.671 | INFO     | scripts.train_dataset.pipeline:run_pipeline:74 - Fase selección de features: 9500.9s
2026-09-10 08:18:03.528 | INFO     | src.evaluation.reports:evaluate_predictions:58 - xgboost (bench, selected features) [ML] | WAPE: 19.35% | WRMSSE: 1.2664  | fit: 45.59s
2026-09-10 08:18:06.211 | INFO     | scripts.train_dataset.refinement:run_shap:173 - SHAP (xgboost): feature más importante = rolling_mean_lag1_window_size7 | plots guardados en /home/njimenez/workspace/magister/forecast-tfm/artifacts/plots
2026-09-10 08:18:06.214 | INFO     | scripts.train_dataset.pipeline:run_pipeline:79 - Fase SHAP: 48.5s
2026-09-10 08:18:06.304 | INFO     | scripts.train_dataset.refinement:tune_optuna_family:60 - [xgboost] Optuna arrancando: hasta 100 trials (timeout 120s) -- study 'study_level_08_daily_store_cat_sales_final_xgboost'
2026-09-10 08:20:07.593 | INFO     | scripts.train_dataset.refinement:tune_optuna_family:70 - [xgboost] Optuna terminó -- elige hiperparámetros por regression_l2 (no por WRMSSE): mejor regression_l2 = 691.7151 | WRMSSE de ESE trial: 1.7757 (solo referencia, puede no ser el mínimo posible; el WRMSSE definitivo se reporta abajo, tras reentrenar con estos hiperparámetros)
2026-09-10 08:20:07.598 | INFO     | scripts.train_dataset.refinement:tune_optuna_family:76 - [xgboost] Mejores hiperparámetros: {'learning_rate': 0.12093510864110771, 'max_depth': 7, 'min_child_weight': 42.588882102900804, 'subsample': 0.608233797718321, 'colsample_bytree': 0.9879639408647978, 'reg_alpha': 1.1999975480350795, 'reg_lambda': 0.00610149136730271}
2026-09-10 08:20:07.603 | INFO     | scripts.train_dataset.pipeline:run_pipeline:85 - Fase Optuna final: 121.4s
2026-09-10 08:22:12.987 | INFO     | scripts.train_dataset.refinement:fit_final_model:222 - CV (1 folds) best_iteration: [1165] -> n_estimators final = 1165
2026-09-10 08:22:13.440 | INFO     | src.evaluation.reports:evaluate_predictions:58 - xgboost (final, Optuna) [ML] | WAPE: 29.25% | WRMSSE: 1.7067  | fit: 125.67s
2026-09-10 08:24:37.071 | INFO     | scripts.train_dataset.refinement:fit_final_model:243 - Test WAPE: 7.31% | Test WRMSSE: 0.5533
2026-09-10 08:24:52.998 | INFO     | scripts.train_dataset.benchmarking:save_model_comparison:115 - Comparación de modelos guardada en /home/njimenez/workspace/magister/forecast-tfm/artifacts/results
2026-09-10 08:24:54.895 | SUCCESS  | scripts.train_dataset.export:export_artifact:109 - Artifact guardado en /home/njimenez/workspace/magister/forecast-tfm/artifacts/models/level_08_daily_store_cat_sales_artifact.pkl (modelo: xgboost)
2026-09-10 08:24:55.947 | SUCCESS  | scripts.train_dataset.export:export_artifact:119 - Versión 20260910T112454Z registrada en registry.json
2026-09-10 08:24:55.954 | INFO     | scripts.train_dataset.pipeline:run_pipeline:93 - Pipeline completo (level_08_daily_store_cat/sales) en 10157.6s
2026-09-10 08:24:56.254 | INFO     | src.data.dataset:load_data:58 - level_08_weekly_store_cat | target=sales | 8,340 filas | 109 features (9 categóricas)
2026-09-10 08:24:56.267 | INFO     | src.data.temporal_split:log_summary:41 - Train : 2011-01-29 to 2015-04-20 (1,549 days, 6,660 rows)
2026-09-10 08:24:56.268 | INFO     | src.data.temporal_split:log_summary:42 - Valid : 2015-04-27 to 2016-04-18 (364 days, 1,560 rows)
2026-09-10 08:24:56.268 | INFO     | src.data.temporal_split:log_summary:43 - Test  : 2016-04-25 to 2016-05-16 (22 days, 120 rows)
2026-09-10 08:24:56.632 | INFO     | src.data.dataset:split_data:119 - Features: 109 (9 categóricas)
2026-09-10 08:24:56.783 | INFO     | src.evaluation.reports:evaluate_predictions:58 - Seasonal naive (1w) [Naive] | WAPE: 13.60% | WRMSSE: 0.7467  | fit: 0.04s
2026-09-10 08:24:56.930 | INFO     | src.evaluation.reports:evaluate_predictions:58 - Seasonal naive (4w) [Naive] | WAPE: 12.69% | WRMSSE: 0.7247  | fit: 0.03s
2026-09-10 08:24:57.081 | INFO     | src.evaluation.reports:evaluate_predictions:58 - Seasonal naive (52w) [Naive] | WAPE: 12.77% | WRMSSE: 0.8143  | fit: 0.04s
2026-09-10 08:24:57.226 | INFO     | src.evaluation.reports:evaluate_predictions:58 -             Drift [Naive] | WAPE: 12.68% | WRMSSE: 0.7471  | fit: 0.03s
2026-09-10 08:24:57.332 | INFO     | src.evaluation.reports:evaluate_predictions:58 -   Historical mean [Naive] | WAPE: 20.11% | WRMSSE: 1.2933  | fit: 0.00s
2026-09-10 08:24:57.457 | INFO     | src.evaluation.reports:evaluate_predictions:58 - Moving average (2w) [Naive] | WAPE: 12.61% | WRMSSE: 0.7166  | fit: 0.01s
2026-09-10 08:24:57.582 | INFO     | src.evaluation.reports:evaluate_predictions:58 - Moving average (3w) [Naive] | WAPE: 11.70% | WRMSSE: 0.6722  | fit: 0.01s
2026-09-10 08:24:57.708 | INFO     | src.evaluation.reports:evaluate_predictions:58 - Moving average (4w) [Naive] | WAPE: 11.54% | WRMSSE: 0.6620  | fit: 0.01s
2026-09-10 08:24:57.825 | INFO     | src.evaluation.reports:evaluate_predictions:58 - Moving average (6w) [Naive] | WAPE: 12.14% | WRMSSE: 0.6878  | fit: 0.01s
2026-09-10 08:24:57.930 | INFO     | src.evaluation.reports:evaluate_predictions:58 - Moving average (8w) [Naive] | WAPE: 11.59% | WRMSSE: 0.6640  | fit: 0.01s
2026-09-10 08:24:57.930 | INFO     | scripts.train_dataset.pipeline:run_pipeline:51 - Fase naive: 1.3s
2026-09-10 08:25:22.385 | WARNING  | src.modeling.statistical:_forecast_by_series:50 - 1 serie(s) fallaron el ajuste; se usa el último valor de train como fallback.
2026-09-10 08:25:22.478 | INFO     | src.evaluation.reports:evaluate_predictions:58 -      SARIMA [Statistical] | WAPE: 38.31% | WRMSSE: 7.4279  | fit: 24.46s
2026-09-10 08:25:27.397 | INFO     | src.evaluation.reports:evaluate_predictions:58 - ETS (Holt-Winters) [Statistical] | WAPE: 11.69% | WRMSSE: 0.6852  | fit: 4.83s
2026-09-10 08:25:27.765 | INFO     | src.evaluation.reports:evaluate_predictions:58 -       Theta [Statistical] | WAPE: 11.03% | WRMSSE: 0.6513  | fit: 0.31s
2026-09-10 08:25:50.924 | INFO     | src.evaluation.reports:evaluate_predictions:58 -       TBATS [Statistical] | WAPE: 19.44% | WRMSSE: 1.1116  | fit: 23.08s
2026-09-10 08:25:53.272 | INFO     | src.evaluation.reports:evaluate_predictions:58 -     Prophet [Statistical] | WAPE: 14.63% | WRMSSE: 0.8516  | fit: 2.24s
2026-09-10 08:25:53.273 | INFO     | scripts.train_dataset.pipeline:run_pipeline:56 - Fase estadísticos clásicos: 55.3s
2026-09-10 08:25:53.273 | INFO     | scripts.train_dataset.benchmarking:run_bench_ml:67 - Bench ML: familia 1/5 -- lightgbm
2026-09-10 08:25:57.937 | INFO     | src.evaluation.reports:evaluate_predictions:58 -     lightgbm (bench) [ML] | WAPE: 41.20% | WRMSSE: 2.4167  | fit: 4.57s
2026-09-10 08:25:57.938 | INFO     | scripts.train_dataset.benchmarking:run_bench_ml:67 - Bench ML: familia 2/5 -- xgboost
2026-09-10 08:26:07.075 | INFO     | src.evaluation.reports:evaluate_predictions:58 -      xgboost (bench) [ML] | WAPE: 24.02% | WRMSSE: 1.4078  | fit: 8.97s
2026-09-10 08:26:07.076 | INFO     | scripts.train_dataset.benchmarking:run_bench_ml:67 - Bench ML: familia 3/5 -- catboost
2026-09-10 08:26:11.427 | INFO     | src.evaluation.reports:evaluate_predictions:58 -     catboost (bench) [ML] | WAPE: 24.76% | WRMSSE: 1.4384  | fit: 4.19s
2026-09-10 08:26:11.427 | INFO     | scripts.train_dataset.benchmarking:run_bench_ml:67 - Bench ML: familia 4/5 -- histgb
2026-09-10 08:26:47.974 | INFO     | src.evaluation.reports:evaluate_predictions:58 -       histgb (bench) [ML] | WAPE: 37.22% | WRMSSE: 2.1448  | fit: 36.08s
2026-09-10 08:26:47.975 | INFO     | scripts.train_dataset.benchmarking:run_bench_ml:67 - Bench ML: familia 5/5 -- ridge
2026-09-10 08:26:48.245 | INFO     | src.evaluation.reports:evaluate_predictions:58 -        ridge (bench) [ML] | WAPE: 29.31% | WRMSSE: 2.5724  | fit: 0.14s
2026-09-10 08:26:48.246 | SUCCESS  | scripts.train_dataset.benchmarking:pick_winner:94 - Modelo ganador (bench, 4 familias tree-based comparadas): xgboost | regression_l2=3703.6654
2026-09-10 08:26:48.246 | INFO     | scripts.train_dataset.pipeline:run_pipeline:62 - Fase bench ML (5 familias, sin Optuna): 55.0s
2026-09-10 08:26:48.251 | INFO     | scripts.train_dataset.refinement:select_features:88 - Top 10 gain importance (xgboost):
rolling_max_lag1_window_size4     1.342472e+09
te_snap_mean                      5.034633e+08
lag4                              1.633905e+08
lag1                              5.937041e+07
rolling_mean_lag1_window_size4    2.175706e+07
lag2                              1.142391e+07
event_name_1                      8.626555e+06
cat_id                            7.544210e+06
te_weekend_mean                   7.465860e+06
snap                              2.341891e+06
dtype: float64
2026-09-10 08:26:59.441 | INFO     | scripts.train_dataset.refinement:select_features:95 - Top 10 permutation importance (xgboost):
te_snap_mean                     2269.547168
lag4                              692.560645
rolling_max_lag1_window_size4     382.087061
event_name_1                      253.064893
cat_id                            248.920801
lag1                              136.352686
lag26                             120.728223
lag17                             108.489111
te_item_mean                       34.357764
lag22                              31.339502
dtype: float64
2026-09-10 08:27:05.351 | INFO     | src.modeling.feature_selection:backward_feature_selection:139 - Baseline (109 features): regression_l2=3703.6654 | WRMSSE=1.4078 (informativo)
2026-09-10 08:27:14.497 | WARNING  | src.modeling.feature_selection:try_remove:162 - ELIMINADA(S) 'rolling_std_lag52_window_size4' -> 108 features | regression_l2=3693.6651 | WRMSSE=1.3895
2026-09-10 08:27:20.480 | WARNING  | src.modeling.feature_selection:try_remove:162 - ELIMINADA(S) 'price_vs_max' -> 107 features | regression_l2=3685.0676 | WRMSSE=1.3749
2026-09-10 08:27:37.637 | WARNING  | src.modeling.feature_selection:try_remove:162 - ELIMINADA(S) 8 features ['rolling_std_lag1_window_size13', 'rolling_mean_lag52_window_size13', 'rolling_std_lag4_window_size26', 'rolling_mean_lag1_window_size13', 'rolling_min_lag1_window_size4', 'lag52', 'rolling_mean_lag52_window_size4', 'weekofyear'] -> 99 features | regression_l2=3459.9280 | WRMSSE=1.3644
2026-09-10 08:27:43.897 | WARNING  | src.modeling.feature_selection:try_remove:162 - ELIMINADA(S) 'days_to_thanksgiving' -> 98 features | regression_l2=3418.5301 | WRMSSE=1.3513
2026-09-10 08:27:46.304 | WARNING  | src.modeling.feature_selection:try_remove:162 - ELIMINADA(S) 'price_change' -> 97 features | regression_l2=3267.1910 | WRMSSE=1.2445
2026-09-10 08:27:51.654 | WARNING  | src.modeling.feature_selection:try_remove:162 - ELIMINADA(S) 'doy_cos' -> 96 features | regression_l2=3152.6168 | WRMSSE=1.1668
2026-09-10 08:27:57.705 | WARNING  | src.modeling.feature_selection:try_remove:162 - ELIMINADA(S) 'days_to_event' -> 95 features | regression_l2=3064.5895 | WRMSSE=1.1437
2026-09-10 08:28:52.166 | WARNING  | src.modeling.feature_selection:try_remove:162 - ELIMINADA(S) 'rolling_min_lag1_window_size13' -> 94 features | regression_l2=3053.1122 | WRMSSE=1.1132
2026-09-10 08:29:00.453 | WARNING  | src.modeling.feature_selection:try_remove:162 - ELIMINADA(S) 'month' -> 93 features | regression_l2=3052.1832 | WRMSSE=1.1122
2026-09-10 08:29:23.377 | WARNING  | src.modeling.feature_selection:try_remove:162 - ELIMINADA(S) 'has_event' -> 92 features | regression_l2=3052.1832 | WRMSSE=1.1122
2026-09-10 08:29:25.954 | WARNING  | src.modeling.feature_selection:try_remove:162 - ELIMINADA(S) 'item_id' -> 91 features | regression_l2=3052.1832 | WRMSSE=1.1122
2026-09-10 08:29:28.329 | WARNING  | src.modeling.feature_selection:try_remove:162 - ELIMINADA(S) 'pct_zero_28' -> 90 features | regression_l2=3052.1832 | WRMSSE=1.1122
2026-09-10 08:29:30.936 | WARNING  | src.modeling.feature_selection:try_remove:162 - ELIMINADA(S) 'is_likely_stockout' -> 89 features | regression_l2=3052.1832 | WRMSSE=1.1122
2026-09-10 08:29:33.340 | WARNING  | src.modeling.feature_selection:try_remove:162 - ELIMINADA(S) 'te_dept_std' -> 88 features | regression_l2=3052.1832 | WRMSSE=1.1122
2026-09-10 08:29:35.764 | WARNING  | src.modeling.feature_selection:try_remove:162 - ELIMINADA(S) 'is_store_closed' -> 87 features | regression_l2=3052.1832 | WRMSSE=1.1122
2026-09-10 08:29:40.629 | WARNING  | src.modeling.feature_selection:try_remove:162 - ELIMINADA(S) 'zero_streak' -> 86 features | regression_l2=3052.1832 | WRMSSE=1.1122
2026-09-10 08:29:43.199 | WARNING  | src.modeling.feature_selection:try_remove:162 - ELIMINADA(S) 'event_type_1_enc' -> 85 features | regression_l2=3052.1832 | WRMSSE=1.1122
2026-09-10 08:29:54.079 | WARNING  | src.modeling.feature_selection:try_remove:162 - ELIMINADA(S) 'event_type_2_enc' -> 84 features | regression_l2=3052.1832 | WRMSSE=1.1122
2026-09-10 08:30:00.068 | WARNING  | src.modeling.feature_selection:try_remove:162 - ELIMINADA(S) 'is_month_start' -> 83 features | regression_l2=3052.1832 | WRMSSE=1.1122
2026-09-10 08:30:12.141 | WARNING  | src.modeling.feature_selection:try_remove:162 - ELIMINADA(S) 'is_weekend' -> 82 features | regression_l2=3052.1832 | WRMSSE=1.1122
2026-09-10 08:30:17.909 | WARNING  | src.modeling.feature_selection:try_remove:162 - ELIMINADA(S) 'dayofweek' -> 81 features | regression_l2=3052.1832 | WRMSSE=1.1122
2026-09-10 08:30:29.114 | WARNING  | src.modeling.feature_selection:try_remove:162 - ELIMINADA(S) 'dow_cos' -> 80 features | regression_l2=3052.1832 | WRMSSE=1.1122
2026-09-10 08:30:32.714 | WARNING  | src.modeling.feature_selection:try_remove:162 - ELIMINADA(S) 'year' -> 79 features | regression_l2=3052.1832 | WRMSSE=1.1122
2026-09-10 08:30:34.875 | WARNING  | src.modeling.feature_selection:try_remove:162 - ELIMINADA(S) 'has_event_2' -> 78 features | regression_l2=3052.1832 | WRMSSE=1.1122
2026-09-10 08:30:37.536 | WARNING  | src.modeling.feature_selection:try_remove:162 - ELIMINADA(S) 'dow_sin' -> 77 features | regression_l2=3052.1832 | WRMSSE=1.1122
2026-09-10 08:30:39.678 | WARNING  | src.modeling.feature_selection:try_remove:162 - ELIMINADA(S) 'event_type_2' -> 76 features | regression_l2=3052.1832 | WRMSSE=1.1122
2026-09-10 08:30:47.422 | WARNING  | src.modeling.feature_selection:try_remove:162 - ELIMINADA(S) 'dept_id' -> 75 features | regression_l2=3052.1832 | WRMSSE=1.1122
2026-09-10 08:30:49.709 | WARNING  | src.modeling.feature_selection:try_remove:162 - ELIMINADA(S) 'state_id' -> 74 features | regression_l2=3052.1832 | WRMSSE=1.1122
2026-09-10 08:30:55.492 | WARNING  | src.modeling.feature_selection:try_remove:162 - ELIMINADA(S) 'days_since_price_change' -> 73 features | regression_l2=3052.1832 | WRMSSE=1.1122
2026-09-10 08:30:57.711 | WARNING  | src.modeling.feature_selection:try_remove:162 - ELIMINADA(S) 'event_name_2' -> 72 features | regression_l2=3052.1832 | WRMSSE=1.1122
2026-09-10 08:31:24.316 | WARNING  | src.modeling.feature_selection:try_remove:162 - ELIMINADA(S) 'rolling_mean_lag4_window_size26' -> 71 features | regression_l2=3050.5203 | WRMSSE=1.1496
2026-09-10 08:33:04.412 | WARNING  | src.modeling.feature_selection:try_remove:162 - ELIMINADA(S) 'rolling_std_lag13_window_size26' -> 70 features | regression_l2=2970.8910 | WRMSSE=1.1147
2026-09-10 08:33:06.584 | WARNING  | src.modeling.feature_selection:try_remove:162 - ELIMINADA(S) 'price_volatility' -> 69 features | regression_l2=2959.8323 | WRMSSE=1.1209
2026-09-10 08:33:31.591 | WARNING  | src.modeling.feature_selection:try_remove:162 - ELIMINADA(S) 8 features ['lag2', 'lag8', 'store_id', 'lag22', 'te_item_mean', 'lag17', 'lag26', 'lag1'] -> 61 features | regression_l2=2290.8254 | WRMSSE=1.2283
2026-09-10 08:33:39.273 | WARNING  | src.modeling.feature_selection:try_remove:162 - ELIMINADA(S) 'cat_id' -> 60 features | regression_l2=2167.8644 | WRMSSE=1.1569
2026-09-10 08:33:47.313 | WARNING  | src.modeling.feature_selection:try_remove:162 - ELIMINADA(S) 'rolling_max_lag1_window_size4' -> 59 features | regression_l2=1562.1687 | WRMSSE=0.8111
2026-09-10 08:33:56.954 | WARNING  | src.modeling.feature_selection:try_remove:162 - ELIMINADA(S) 8 features ['rolling_std_lag13_window_size13', 'rolling_max_lag52_window_size4', 'price_vs_mean', 'rolling_mean_lag13_window_size13', 'rolling_min_lag52_window_size4', 'te_event_mean', 'rolling_min_lag13_window_size13', 'price_lag_1'] -> 51 features | regression_l2=1519.4126 | WRMSSE=0.6568
2026-09-10 08:34:02.377 | WARNING  | src.modeling.feature_selection:try_remove:162 - ELIMINADA(S) 'days_since_event' -> 50 features | regression_l2=1514.0748 | WRMSSE=0.6559
2026-09-10 08:34:10.580 | WARNING  | src.modeling.feature_selection:try_remove:162 - ELIMINADA(S) 'rolling_mean_lag13_window_size26' -> 49 features | regression_l2=1477.8374 | WRMSSE=0.6460
2026-09-10 08:34:15.859 | WARNING  | src.modeling.feature_selection:try_remove:162 - ELIMINADA(S) 'days_since_newyear' -> 48 features | regression_l2=1456.3818 | WRMSSE=0.6352
2026-09-10 08:34:18.031 | WARNING  | src.modeling.feature_selection:try_remove:162 - ELIMINADA(S) 'is_month_end' -> 47 features | regression_l2=1456.3818 | WRMSSE=0.6352
2026-09-10 08:34:20.272 | WARNING  | src.modeling.feature_selection:try_remove:162 - ELIMINADA(S) 'quarter' -> 46 features | regression_l2=1440.3915 | WRMSSE=0.6373
2026-09-10 08:34:21.434 | WARNING  | src.modeling.feature_selection:try_remove:162 - ELIMINADA(S) 'rolling_min_lag4_window_size13' -> 45 features | regression_l2=1424.4043 | WRMSSE=0.6277
2026-09-10 08:34:35.322 | WARNING  | src.modeling.feature_selection:try_remove:162 - ELIMINADA(S) 8 features ['rolling_max_lag52_window_size13', 'te_item_std', 'momentum_lag4_4_13', 'adi_expanding', 'rolling_mean_lag1_window_size4', 'rolling_max_lag4_window_size26', 'rolling_std_lag4_window_size4', 'expanding_mean_lag13'] -> 37 features | regression_l2=1093.7776 | WRMSSE=0.5138
2026-09-10 08:34:37.699 | WARNING  | src.modeling.feature_selection:try_remove:162 - ELIMINADA(S) 'doy_sin' -> 36 features | regression_l2=1033.2314 | WRMSSE=0.5025
2026-09-10 08:34:38.787 | WARNING  | src.modeling.feature_selection:try_remove:162 - ELIMINADA(S) 'te_dept_mean' -> 35 features | regression_l2=1011.4937 | WRMSSE=0.4878
2026-09-10 08:34:42.201 | WARNING  | src.modeling.feature_selection:try_remove:162 - ELIMINADA(S) 'cv2_90' -> 34 features | regression_l2=1003.3105 | WRMSSE=0.4855
2026-09-10 08:34:46.676 | WARNING  | src.modeling.feature_selection:try_remove:162 - ELIMINADA(S) 'lag39' -> 33 features | regression_l2=975.9726 | WRMSSE=0.4790
2026-09-10 08:34:48.538 | WARNING  | src.modeling.feature_selection:try_remove:162 - ELIMINADA(S) 'rolling_max_lag1_window_size13' -> 32 features | regression_l2=960.9844 | WRMSSE=0.4546
2026-09-10 08:34:58.028 | WARNING  | src.modeling.feature_selection:try_remove:162 - ELIMINADA(S) 'rolling_std_lag52_window_size13' -> 31 features | regression_l2=947.4821 | WRMSSE=0.4612
2026-09-10 08:35:01.425 | WARNING  | src.modeling.feature_selection:try_remove:162 - ELIMINADA(S) 'event_type_1' -> 30 features | regression_l2=939.5185 | WRMSSE=0.4562
2026-09-10 08:35:16.924 | WARNING  | src.modeling.feature_selection:try_remove:162 - ELIMINADA(S) 'days_to_newyear' -> 29 features | regression_l2=938.7828 | WRMSSE=0.4475
2026-09-10 08:35:50.454 | WARNING  | src.modeling.feature_selection:try_remove:162 - ELIMINADA(S) 'days_since_thanksgiving' -> 28 features | regression_l2=931.5517 | WRMSSE=0.4434
2026-09-10 08:36:01.456 | WARNING  | src.modeling.feature_selection:try_remove:162 - ELIMINADA(S) 'rolling_std_lag1_window_size4' -> 27 features | regression_l2=917.5500 | WRMSSE=0.4345
2026-09-10 08:36:38.604 | INFO     | src.modeling.feature_selection:backward_feature_selection:189 - Seleccionadas 27/109 features | regression_l2 final: 917.5500 | WRMSSE final: 0.4345
2026-09-10 08:36:38.606 | INFO     | scripts.train_dataset.refinement:select_features:114 - Features descartadas (82): ['adi_expanding', 'cat_id', 'cv2_90', 'dayofweek', 'days_since_event', 'days_since_newyear', 'days_since_price_change', 'days_since_thanksgiving', 'days_to_event', 'days_to_newyear', 'days_to_thanksgiving', 'dept_id', 'dow_cos', 'dow_sin', 'doy_cos', 'doy_sin', 'event_name_2', 'event_type_1', 'event_type_1_enc', 'event_type_2', 'event_type_2_enc', 'expanding_mean_lag13', 'has_event', 'has_event_2', 'is_likely_stockout', 'is_month_end', 'is_month_start', 'is_store_closed', 'is_weekend', 'item_id', 'lag1', 'lag17', 'lag2', 'lag22', 'lag26', 'lag39', 'lag52', 'lag8', 'momentum_lag4_4_13', 'month', 'pct_zero_28', 'price_change', 'price_lag_1', 'price_volatility', 'price_vs_max', 'price_vs_mean', 'quarter', 'rolling_max_lag1_window_size13', 'rolling_max_lag1_window_size4', 'rolling_max_lag4_window_size26', 'rolling_max_lag52_window_size13', 'rolling_max_lag52_window_size4', 'rolling_mean_lag13_window_size13', 'rolling_mean_lag13_window_size26', 'rolling_mean_lag1_window_size13', 'rolling_mean_lag1_window_size4', 'rolling_mean_lag4_window_size26', 'rolling_mean_lag52_window_size13', 'rolling_mean_lag52_window_size4', 'rolling_min_lag13_window_size13', 'rolling_min_lag1_window_size13', 'rolling_min_lag1_window_size4', 'rolling_min_lag4_window_size13', 'rolling_min_lag52_window_size4', 'rolling_std_lag13_window_size13', 'rolling_std_lag13_window_size26', 'rolling_std_lag1_window_size13', 'rolling_std_lag1_window_size4', 'rolling_std_lag4_window_size26', 'rolling_std_lag4_window_size4', 'rolling_std_lag52_window_size13', 'rolling_std_lag52_window_size4', 'state_id', 'store_id', 'te_dept_mean', 'te_dept_std', 'te_event_mean', 'te_item_mean', 'te_item_std', 'weekofyear', 'year', 'zero_streak']
2026-09-10 08:36:38.613 | INFO     | scripts.train_dataset.refinement:select_features:127 - Features finales: 27 (1 categóricas) | regression_l2=917.5500 | WRMSSE=0.4345 (informativo)
2026-09-10 08:36:38.614 | INFO     | scripts.train_dataset.pipeline:run_pipeline:74 - Fase selección de features: 590.4s
2026-09-10 08:36:40.496 | INFO     | src.evaluation.reports:evaluate_predictions:58 - xgboost (bench, selected features) [ML] | WAPE: 6.20% | WRMSSE: 0.4345  | fit: 1.80s
2026-09-10 08:36:42.373 | INFO     | scripts.train_dataset.refinement:run_shap:173 - SHAP (xgboost): feature más importante = te_snap_mean | plots guardados en /home/njimenez/workspace/magister/forecast-tfm/artifacts/plots
2026-09-10 08:36:42.374 | INFO     | scripts.train_dataset.pipeline:run_pipeline:79 - Fase SHAP: 3.8s
2026-09-10 08:36:42.632 | INFO     | scripts.train_dataset.refinement:tune_optuna_family:60 - [xgboost] Optuna arrancando: hasta 100 trials (timeout 120s) -- study 'study_level_08_weekly_store_cat_sales_final_xgboost'
2026-09-10 08:38:45.152 | INFO     | scripts.train_dataset.refinement:tune_optuna_family:70 - [xgboost] Optuna terminó -- elige hiperparámetros por regression_l2 (no por WRMSSE): mejor regression_l2 = 893.3382 | WRMSSE de ESE trial: 0.4058 (solo referencia, puede no ser el mínimo posible; el WRMSSE definitivo se reporta abajo, tras reentrenar con estos hiperparámetros)
2026-09-10 08:38:45.155 | INFO     | scripts.train_dataset.refinement:tune_optuna_family:76 - [xgboost] Mejores hiperparámetros: {'learning_rate': 0.05828522474630767, 'max_depth': 5, 'min_child_weight': 2.14037984181768, 'subsample': 0.7967035584151401, 'colsample_bytree': 0.6978753170579768, 'reg_alpha': 0.2843940330624006, 'reg_lambda': 0.04144882005652294}
2026-09-10 08:38:45.158 | INFO     | scripts.train_dataset.pipeline:run_pipeline:85 - Fase Optuna final: 122.8s
2026-09-10 08:38:53.136 | INFO     | scripts.train_dataset.refinement:fit_final_model:222 - CV (1 folds) best_iteration: [569] -> n_estimators final = 569
2026-09-10 08:38:53.304 | INFO     | src.evaluation.reports:evaluate_predictions:58 - xgboost (final, Optuna) [ML] | WAPE: 5.91% | WRMSSE: 0.4039  | fit: 8.03s
2026-09-10 08:39:00.723 | INFO     | scripts.train_dataset.refinement:fit_final_model:243 - Test WAPE: 6.30% | Test WRMSSE: 0.4308
2026-09-10 08:39:08.998 | INFO     | scripts.train_dataset.benchmarking:save_model_comparison:115 - Comparación de modelos guardada en /home/njimenez/workspace/magister/forecast-tfm/artifacts/results
2026-09-10 08:39:09.738 | SUCCESS  | scripts.train_dataset.export:export_artifact:109 - Artifact guardado en /home/njimenez/workspace/magister/forecast-tfm/artifacts/models/level_08_weekly_store_cat_sales_artifact.pkl (modelo: xgboost)
2026-09-10 08:39:10.230 | SUCCESS  | scripts.train_dataset.export:export_artifact:119 - Versión 20260910T113909Z registrada en registry.json
2026-09-10 08:39:10.234 | INFO     | scripts.train_dataset.pipeline:run_pipeline:93 - Pipeline completo (level_08_weekly_store_cat/sales) en 854.0s
2026-09-10 08:39:11.245 | INFO     | src.data.dataset:load_data:58 - level_09_daily_store_dept | target=sales | 135,870 filas | 191 features (9 categóricas)
2026-09-10 08:39:11.340 | INFO     | src.data.temporal_split:log_summary:41 - Train : 2011-01-29 to 2015-04-26 (1,549 days, 108,430 rows)
2026-09-10 08:39:11.341 | INFO     | src.data.temporal_split:log_summary:42 - Valid : 2015-04-27 to 2016-04-24 (364 days, 25,480 rows)
2026-09-10 08:39:11.341 | INFO     | src.data.temporal_split:log_summary:43 - Test  : 2016-04-25 to 2016-05-22 (28 days, 1,960 rows)
2026-09-10 08:39:11.966 | INFO     | src.data.dataset:split_data:119 - Features: 191 (9 categóricas)
2026-09-10 08:39:12.877 | INFO     | src.evaluation.reports:evaluate_predictions:58 - Seasonal naive (1d) [Naive] | WAPE: 26.44% | WRMSSE: 1.5142  | fit: 0.37s
2026-09-10 08:39:13.864 | INFO     | src.evaluation.reports:evaluate_predictions:58 - Seasonal naive (7d) [Naive] | WAPE: 19.03% | WRMSSE: 1.0971  | fit: 0.40s
2026-09-10 08:39:14.834 | INFO     | src.evaluation.reports:evaluate_predictions:58 - Seasonal naive (28d) [Naive] | WAPE: 19.70% | WRMSSE: 1.1511  | fit: 0.41s
2026-09-10 08:39:15.760 | INFO     | src.evaluation.reports:evaluate_predictions:58 - Seasonal naive (364d) [Naive] | WAPE: 19.25% | WRMSSE: 1.1647  | fit: 0.37s
2026-09-10 08:39:16.378 | INFO     | src.evaluation.reports:evaluate_predictions:58 -             Drift [Naive] | WAPE: 28.80% | WRMSSE: 1.6565  | fit: 0.07s
2026-09-10 08:39:16.939 | INFO     | src.evaluation.reports:evaluate_predictions:58 -   Historical mean [Naive] | WAPE: 24.43% | WRMSSE: 1.5380  | fit: 0.01s
2026-09-10 08:39:17.521 | INFO     | src.evaluation.reports:evaluate_predictions:58 - Moving average (7d) [Naive] | WAPE: 21.18% | WRMSSE: 1.2579  | fit: 0.02s
2026-09-10 08:39:18.115 | INFO     | src.evaluation.reports:evaluate_predictions:58 - Moving average (14d) [Naive] | WAPE: 20.58% | WRMSSE: 1.2318  | fit: 0.03s
2026-09-10 08:39:18.693 | INFO     | src.evaluation.reports:evaluate_predictions:58 - Moving average (21d) [Naive] | WAPE: 20.20% | WRMSSE: 1.1997  | fit: 0.03s
2026-09-10 08:39:19.272 | INFO     | src.evaluation.reports:evaluate_predictions:58 - Moving average (28d) [Naive] | WAPE: 20.19% | WRMSSE: 1.1967  | fit: 0.03s
2026-09-10 08:39:19.857 | INFO     | src.evaluation.reports:evaluate_predictions:58 - Moving average (35d) [Naive] | WAPE: 20.26% | WRMSSE: 1.2083  | fit: 0.03s
2026-09-10 08:39:19.858 | INFO     | scripts.train_dataset.pipeline:run_pipeline:51 - Fase naive: 7.9s
2026-09-10 08:39:50.329 | INFO     | src.evaluation.reports:evaluate_predictions:58 -      SARIMA [Statistical] | WAPE: 23.39% | WRMSSE: 1.2940  | fit: 30.09s
2026-09-10 08:40:04.870 | INFO     | src.evaluation.reports:evaluate_predictions:58 - ETS (Holt-Winters) [Statistical] | WAPE: 17.82% | WRMSSE: 1.0133  | fit: 14.18s
2026-09-10 08:40:07.002 | INFO     | src.evaluation.reports:evaluate_predictions:58 -       Theta [Statistical] | WAPE: 17.49% | WRMSSE: 0.9991  | fit: 1.77s
2026-09-10 08:40:39.236 | INFO     | src.evaluation.reports:evaluate_predictions:58 -       TBATS [Statistical] | WAPE: 23.77% | WRMSSE: 1.3180  | fit: 31.81s
2026-09-10 08:41:13.003 | INFO     | src.evaluation.reports:evaluate_predictions:58 -     Prophet [Statistical] | WAPE: 18.73% | WRMSSE: 1.0413  | fit: 33.15s
2026-09-10 08:41:13.003 | INFO     | scripts.train_dataset.pipeline:run_pipeline:56 - Fase estadísticos clásicos: 113.1s
2026-09-10 08:41:13.004 | INFO     | scripts.train_dataset.benchmarking:run_bench_ml:67 - Bench ML: familia 1/5 -- lightgbm
2026-09-10 08:41:49.544 | INFO     | src.evaluation.reports:evaluate_predictions:58 -     lightgbm (bench) [ML] | WAPE: 37.47% | WRMSSE: 1.8801  | fit: 35.89s
2026-09-10 08:41:49.545 | INFO     | scripts.train_dataset.benchmarking:run_bench_ml:67 - Bench ML: familia 2/5 -- xgboost
2026-09-10 08:42:24.059 | INFO     | src.evaluation.reports:evaluate_predictions:58 -      xgboost (bench) [ML] | WAPE: 27.31% | WRMSSE: 1.4777  | fit: 34.05s
2026-09-10 08:42:24.060 | INFO     | scripts.train_dataset.benchmarking:run_bench_ml:67 - Bench ML: familia 3/5 -- catboost
2026-09-10 08:43:32.184 | INFO     | src.evaluation.reports:evaluate_predictions:58 -     catboost (bench) [ML] | WAPE: 37.19% | WRMSSE: 2.1361  | fit: 67.19s
2026-09-10 08:43:32.185 | INFO     | scripts.train_dataset.benchmarking:run_bench_ml:67 - Bench ML: familia 4/5 -- histgb
2026-09-10 08:44:53.715 | INFO     | src.evaluation.reports:evaluate_predictions:58 -       histgb (bench) [ML] | WAPE: 46.17% | WRMSSE: 2.3379  | fit: 79.43s
2026-09-10 08:44:53.716 | INFO     | scripts.train_dataset.benchmarking:run_bench_ml:67 - Bench ML: familia 5/5 -- ridge
2026-09-10 08:45:00.289 | INFO     | src.evaluation.reports:evaluate_predictions:58 -        ridge (bench) [ML] | WAPE: 48.05% | WRMSSE: 2.5114  | fit: 5.84s
2026-09-10 08:45:00.290 | SUCCESS  | scripts.train_dataset.benchmarking:pick_winner:94 - Modelo ganador (bench, 4 familias tree-based comparadas): xgboost | regression_l2=281.9148
2026-09-10 08:45:00.290 | INFO     | scripts.train_dataset.pipeline:run_pipeline:62 - Fase bench ML (5 familias, sin Optuna): 227.3s
2026-09-10 08:45:00.297 | INFO     | scripts.train_dataset.refinement:select_features:88 - Top 10 gain importance (xgboost):
rolling_mean_lag1_window_size7    1.110240e+08
te_weekend_mean                   1.662858e+07
lag1                              1.141363e+07
lag28                             7.899413e+06
lag7                              3.086371e+06
lag91                             2.261277e+06
lag6                              1.919874e+06
lag35                             1.766930e+06
lag21                             1.103338e+06
snap                              5.678903e+05
dtype: float64
2026-09-10 08:46:47.513 | INFO     | scripts.train_dataset.refinement:select_features:95 - Top 10 permutation importance (xgboost):
te_weekend_mean                   148.901788
dept_id                            82.869879
te_snap_mean                       34.872198
lag21                              22.464587
lag364                             20.401123
lag56                              18.706763
lag28                              13.404938
store_id                           10.258337
rolling_mean_lag1_window_size7      7.923804
dayofweek                           7.457648
dtype: float64
2026-09-10 08:47:21.273 | INFO     | src.modeling.feature_selection:backward_feature_selection:139 - Baseline (191 features): regression_l2=281.9148 | WRMSSE=1.4777 (informativo)
2026-09-10 08:48:10.502 | WARNING  | src.modeling.feature_selection:try_remove:162 - ELIMINADA(S) 8 features ['te_item_mean', 'price_vs_max', 'lag25', 'rolling_mean_lag364_window_size91', 'te_cat_mean', 'lag23', 'lag24', 'rolling_max_lag28_window_size7'] -> 183 features | regression_l2=262.4884 | WRMSSE=1.4688
2026-09-10 08:52:33.512 | WARNING  | src.modeling.feature_selection:try_remove:162 - ELIMINADA(S) 8 features ['rolling_std_lag28_window_size7', 'rolling_max_lag364_window_size28', 'lag17', 'lag16', 'lag13', 'momentum_lag28_7_28', 'days_to_newyear', 'rolling_min_lag91_window_size28'] -> 175 features | regression_l2=258.4705 | WRMSSE=1.4044
2026-09-10 08:54:33.843 | WARNING  | src.modeling.feature_selection:try_remove:162 - ELIMINADA(S) 'rolling_min_lag91_window_size91' -> 174 features | regression_l2=251.6078 | WRMSSE=1.3540
2026-09-10 08:55:37.121 | WARNING  | src.modeling.feature_selection:try_remove:162 - ELIMINADA(S) 'rolling_std_lag91_window_size91' -> 173 features | regression_l2=237.1399 | WRMSSE=1.3541
2026-09-10 09:06:54.670 | WARNING  | src.modeling.feature_selection:try_remove:162 - ELIMINADA(S) 'rolling_std_lag3_window_size7' -> 172 features | regression_l2=232.3542 | WRMSSE=1.2773
2026-09-10 09:15:40.016 | WARNING  | src.modeling.feature_selection:try_remove:162 - ELIMINADA(S) 'item_id' -> 171 features | regression_l2=232.3542 | WRMSSE=1.2773
2026-09-10 09:16:19.692 | WARNING  | src.modeling.feature_selection:try_remove:162 - ELIMINADA(S) 'is_month_start' -> 170 features | regression_l2=232.3542 | WRMSSE=1.2773
2026-09-10 09:16:58.791 | WARNING  | src.modeling.feature_selection:try_remove:162 - ELIMINADA(S) 'event_type_1_enc' -> 169 features | regression_l2=232.3542 | WRMSSE=1.2773
2026-09-10 09:18:00.069 | WARNING  | src.modeling.feature_selection:try_remove:162 - ELIMINADA(S) 'event_type_2_enc' -> 168 features | regression_l2=232.3542 | WRMSSE=1.2773
2026-09-10 09:19:46.970 | WARNING  | src.modeling.feature_selection:try_remove:162 - ELIMINADA(S) 'quarter' -> 167 features | regression_l2=232.3542 | WRMSSE=1.2773
2026-09-10 09:20:26.187 | WARNING  | src.modeling.feature_selection:try_remove:162 - ELIMINADA(S) 'is_weekend' -> 166 features | regression_l2=232.3542 | WRMSSE=1.2773
2026-09-10 09:21:12.011 | WARNING  | src.modeling.feature_selection:try_remove:162 - ELIMINADA(S) 'pct_zero_90' -> 165 features | regression_l2=230.3466 | WRMSSE=1.2733
2026-09-10 09:22:10.967 | WARNING  | src.modeling.feature_selection:try_remove:162 - ELIMINADA(S) 'is_likely_stockout' -> 164 features | regression_l2=230.3466 | WRMSSE=1.2733
2026-09-10 09:23:33.334 | WARNING  | src.modeling.feature_selection:try_remove:162 - ELIMINADA(S) 'has_event_2' -> 163 features | regression_l2=230.3466 | WRMSSE=1.2733
2026-09-10 09:24:19.787 | WARNING  | src.modeling.feature_selection:try_remove:162 - ELIMINADA(S) 'is_store_closed' -> 162 features | regression_l2=230.3466 | WRMSSE=1.2733
2026-09-10 09:25:02.322 | WARNING  | src.modeling.feature_selection:try_remove:162 - ELIMINADA(S) 'event_type_1' -> 161 features | regression_l2=230.3466 | WRMSSE=1.2733
2026-09-10 09:28:24.233 | WARNING  | src.modeling.feature_selection:try_remove:162 - ELIMINADA(S) 'event_type_2' -> 160 features | regression_l2=230.3466 | WRMSSE=1.2733
2026-09-10 09:29:08.465 | WARNING  | src.modeling.feature_selection:try_remove:162 - ELIMINADA(S) 'has_event' -> 159 features | regression_l2=230.3466 | WRMSSE=1.2733
2026-09-10 09:39:12.762 | WARNING  | src.modeling.feature_selection:try_remove:162 - ELIMINADA(S) 'rolling_std_lag5_window_size7' -> 158 features | regression_l2=228.8791 | WRMSSE=1.2842
2026-09-10 09:49:22.410 | WARNING  | src.modeling.feature_selection:try_remove:162 - ELIMINADA(S) 'month' -> 157 features | regression_l2=228.8768 | WRMSSE=1.2842
2026-09-10 10:42:09.882 | WARNING  | src.modeling.feature_selection:try_remove:162 - ELIMINADA(S) 'year' -> 156 features | regression_l2=228.8768 | WRMSSE=1.2842
2026-09-10 10:42:53.585 | WARNING  | src.modeling.feature_selection:try_remove:162 - ELIMINADA(S) 'state_id' -> 155 features | regression_l2=228.8768 | WRMSSE=1.2842
2026-09-10 10:43:23.782 | WARNING  | src.modeling.feature_selection:try_remove:162 - ELIMINADA(S) 'cat_id' -> 154 features | regression_l2=228.8768 | WRMSSE=1.2842
2026-09-10 12:35:20.728 | INFO     | src.modeling.feature_selection:backward_feature_selection:189 - Seleccionadas 154/191 features | regression_l2 final: 228.8768 | WRMSSE final: 1.2842
2026-09-10 12:35:20.733 | INFO     | scripts.train_dataset.refinement:select_features:114 - Features descartadas (37): ['cat_id', 'days_to_newyear', 'event_type_1', 'event_type_1_enc', 'event_type_2', 'event_type_2_enc', 'has_event', 'has_event_2', 'is_likely_stockout', 'is_month_start', 'is_store_closed', 'is_weekend', 'item_id', 'lag13', 'lag16', 'lag17', 'lag23', 'lag24', 'lag25', 'momentum_lag28_7_28', 'month', 'pct_zero_90', 'price_vs_max', 'quarter', 'rolling_max_lag28_window_size7', 'rolling_max_lag364_window_size28', 'rolling_mean_lag364_window_size91', 'rolling_min_lag91_window_size28', 'rolling_min_lag91_window_size91', 'rolling_std_lag28_window_size7', 'rolling_std_lag3_window_size7', 'rolling_std_lag5_window_size7', 'rolling_std_lag91_window_size91', 'state_id', 'te_cat_mean', 'te_item_mean', 'year']
2026-09-10 12:35:20.780 | INFO     | scripts.train_dataset.refinement:select_features:127 - Features finales: 154 (4 categóricas) | regression_l2=228.8768 | WRMSSE=1.2842 (informativo)
2026-09-10 12:35:20.780 | INFO     | scripts.train_dataset.pipeline:run_pipeline:74 - Fase selección de features: 13820.5s
2026-09-10 12:36:28.612 | INFO     | src.evaluation.reports:evaluate_predictions:58 - xgboost (bench, selected features) [ML] | WAPE: 22.53% | WRMSSE: 1.2842  | fit: 67.29s
2026-09-10 12:36:31.279 | INFO     | scripts.train_dataset.refinement:run_shap:173 - SHAP (xgboost): feature más importante = lag1 | plots guardados en /home/njimenez/workspace/magister/forecast-tfm/artifacts/plots
2026-09-10 12:36:31.281 | INFO     | scripts.train_dataset.pipeline:run_pipeline:79 - Fase SHAP: 70.5s
2026-09-10 12:36:31.347 | INFO     | scripts.train_dataset.refinement:tune_optuna_family:60 - [xgboost] Optuna arrancando: hasta 100 trials (timeout 120s) -- study 'study_level_09_daily_store_dept_sales_final_xgboost'
2026-09-10 12:38:33.336 | INFO     | scripts.train_dataset.refinement:tune_optuna_family:70 - [xgboost] Optuna terminó -- elige hiperparámetros por regression_l2 (no por WRMSSE): mejor regression_l2 = 427.2073 | WRMSSE de ESE trial: 2.0444 (solo referencia, puede no ser el mínimo posible; el WRMSSE definitivo se reporta abajo, tras reentrenar con estos hiperparámetros)
2026-09-10 12:38:33.342 | INFO     | scripts.train_dataset.refinement:tune_optuna_family:76 - [xgboost] Mejores hiperparámetros: {'learning_rate': 0.12093510864110771, 'max_depth': 7, 'min_child_weight': 42.588882102900804, 'subsample': 0.608233797718321, 'colsample_bytree': 0.9879639408647978, 'reg_alpha': 1.1999975480350795, 'reg_lambda': 0.00610149136730271}
2026-09-10 12:38:33.348 | INFO     | scripts.train_dataset.pipeline:run_pipeline:85 - Fase Optuna final: 122.1s
2026-09-10 12:39:23.575 | INFO     | scripts.train_dataset.refinement:fit_final_model:222 - CV (1 folds) best_iteration: [226] -> n_estimators final = 226
2026-09-10 12:39:24.498 | INFO     | src.evaluation.reports:evaluate_predictions:58 - xgboost (final, Optuna) [ML] | WAPE: 42.21% | WRMSSE: 2.0444  | fit: 50.58s
2026-09-10 12:40:26.888 | INFO     | scripts.train_dataset.refinement:fit_final_model:243 - Test WAPE: 9.91% | Test WRMSSE: 0.6784
2026-09-10 12:40:47.746 | INFO     | scripts.train_dataset.benchmarking:save_model_comparison:115 - Comparación de modelos guardada en /home/njimenez/workspace/magister/forecast-tfm/artifacts/results
2026-09-10 12:40:47.965 | SUCCESS  | scripts.train_dataset.export:export_artifact:109 - Artifact guardado en /home/njimenez/workspace/magister/forecast-tfm/artifacts/models/level_09_daily_store_dept_sales_artifact.pkl (modelo: xgboost)
2026-09-10 12:40:48.100 | SUCCESS  | scripts.train_dataset.export:export_artifact:119 - Versión 20260910T154047Z registrada en registry.json
2026-09-10 12:40:48.101 | INFO     | scripts.train_dataset.pipeline:run_pipeline:93 - Pipeline completo (level_09_daily_store_dept/sales) en 14497.6s
2026-09-10 12:40:48.335 | INFO     | src.data.dataset:load_data:58 - level_09_weekly_store_dept | target=sales | 19,460 filas | 109 features (9 categóricas)
2026-09-10 12:40:48.345 | INFO     | src.data.temporal_split:log_summary:41 - Train : 2011-01-29 to 2015-04-20 (1,549 days, 15,540 rows)
2026-09-10 12:40:48.345 | INFO     | src.data.temporal_split:log_summary:42 - Valid : 2015-04-27 to 2016-04-18 (364 days, 3,640 rows)
2026-09-10 12:40:48.345 | INFO     | src.data.temporal_split:log_summary:43 - Test  : 2016-04-25 to 2016-05-16 (22 days, 280 rows)
2026-09-10 12:40:48.583 | INFO     | src.data.dataset:split_data:119 - Features: 109 (9 categóricas)
2026-09-10 12:40:48.734 | INFO     | src.evaluation.reports:evaluate_predictions:58 - Seasonal naive (1w) [Naive] | WAPE: 15.04% | WRMSSE: 0.8122  | fit: 0.04s
2026-09-10 12:40:48.917 | INFO     | src.evaluation.reports:evaluate_predictions:58 - Seasonal naive (4w) [Naive] | WAPE: 14.47% | WRMSSE: 0.8130  | fit: 0.05s
2026-09-10 12:40:49.074 | INFO     | src.evaluation.reports:evaluate_predictions:58 - Seasonal naive (52w) [Naive] | WAPE: 15.15% | WRMSSE: 0.9186  | fit: 0.04s
2026-09-10 12:40:49.212 | INFO     | src.evaluation.reports:evaluate_predictions:58 -             Drift [Naive] | WAPE: 14.34% | WRMSSE: 0.8200  | fit: 0.03s
2026-09-10 12:40:49.326 | INFO     | src.evaluation.reports:evaluate_predictions:58 -   Historical mean [Naive] | WAPE: 21.18% | WRMSSE: 1.3302  | fit: 0.00s
2026-09-10 12:40:49.447 | INFO     | src.evaluation.reports:evaluate_predictions:58 - Moving average (2w) [Naive] | WAPE: 14.01% | WRMSSE: 0.7872  | fit: 0.01s
2026-09-10 12:40:49.569 | INFO     | src.evaluation.reports:evaluate_predictions:58 - Moving average (3w) [Naive] | WAPE: 13.11% | WRMSSE: 0.7397  | fit: 0.01s
2026-09-10 12:40:49.690 | INFO     | src.evaluation.reports:evaluate_predictions:58 - Moving average (4w) [Naive] | WAPE: 12.96% | WRMSSE: 0.7334  | fit: 0.01s
2026-09-10 12:40:49.812 | INFO     | src.evaluation.reports:evaluate_predictions:58 - Moving average (6w) [Naive] | WAPE: 13.54% | WRMSSE: 0.7572  | fit: 0.01s
2026-09-10 12:40:49.934 | INFO     | src.evaluation.reports:evaluate_predictions:58 - Moving average (8w) [Naive] | WAPE: 12.99% | WRMSSE: 0.7337  | fit: 0.01s
2026-09-10 12:40:49.934 | INFO     | scripts.train_dataset.pipeline:run_pipeline:51 - Fase naive: 1.4s
2026-09-10 12:41:32.708 | WARNING  | src.modeling.statistical:_forecast_by_series:50 - 1 serie(s) fallaron el ajuste; se usa el último valor de train como fallback.
2026-09-10 12:41:32.923 | INFO     | src.evaluation.reports:evaluate_predictions:58 -      SARIMA [Statistical] | WAPE: 73776.90% | WRMSSE: 62398.5899  | fit: 42.78s
2026-09-10 12:41:55.464 | INFO     | src.evaluation.reports:evaluate_predictions:58 - ETS (Holt-Winters) [Statistical] | WAPE: 12.88% | WRMSSE: 0.7591  | fit: 22.31s
2026-09-10 12:41:56.804 | INFO     | src.evaluation.reports:evaluate_predictions:58 -       Theta [Statistical] | WAPE: 12.48% | WRMSSE: 0.7201  | fit: 1.15s
2026-09-10 12:42:32.797 | INFO     | src.evaluation.reports:evaluate_predictions:58 -       TBATS [Statistical] | WAPE: 19.76% | WRMSSE: 1.1240  | fit: 35.88s
2026-09-10 12:42:37.682 | INFO     | src.evaluation.reports:evaluate_predictions:58 -     Prophet [Statistical] | WAPE: 16.68% | WRMSSE: 0.9433  | fit: 4.74s
2026-09-10 12:42:37.682 | INFO     | scripts.train_dataset.pipeline:run_pipeline:56 - Fase estadísticos clásicos: 107.7s
2026-09-10 12:42:37.683 | INFO     | scripts.train_dataset.benchmarking:run_bench_ml:67 - Bench ML: familia 1/5 -- lightgbm
2026-09-10 12:42:41.683 | INFO     | src.evaluation.reports:evaluate_predictions:58 -     lightgbm (bench) [ML] | WAPE: 38.10% | WRMSSE: 2.2309  | fit: 3.84s
2026-09-10 12:42:41.683 | INFO     | scripts.train_dataset.benchmarking:run_bench_ml:67 - Bench ML: familia 2/5 -- xgboost
2026-09-10 12:42:46.684 | INFO     | src.evaluation.reports:evaluate_predictions:58 -      xgboost (bench) [ML] | WAPE: 21.24% | WRMSSE: 1.4321  | fit: 4.84s
2026-09-10 12:42:46.684 | INFO     | scripts.train_dataset.benchmarking:run_bench_ml:67 - Bench ML: familia 3/5 -- catboost
2026-09-10 12:42:52.393 | INFO     | src.evaluation.reports:evaluate_predictions:58 -     catboost (bench) [ML] | WAPE: 29.87% | WRMSSE: 1.7738  | fit: 5.56s
2026-09-10 12:42:52.394 | INFO     | scripts.train_dataset.benchmarking:run_bench_ml:67 - Bench ML: familia 4/5 -- histgb
2026-09-10 12:43:11.611 | INFO     | src.evaluation.reports:evaluate_predictions:58 -       histgb (bench) [ML] | WAPE: 38.73% | WRMSSE: 2.2441  | fit: 18.93s
2026-09-10 12:43:11.611 | INFO     | scripts.train_dataset.benchmarking:run_bench_ml:67 - Bench ML: familia 5/5 -- ridge
2026-09-10 12:43:11.994 | INFO     | src.evaluation.reports:evaluate_predictions:58 -        ridge (bench) [ML] | WAPE: 32.29% | WRMSSE: 2.5332  | fit: 0.24s
2026-09-10 12:43:11.994 | SUCCESS  | scripts.train_dataset.benchmarking:pick_winner:94 - Modelo ganador (bench, 4 familias tree-based comparadas): xgboost | regression_l2=1285.5928
2026-09-10 12:43:11.995 | INFO     | scripts.train_dataset.pipeline:run_pipeline:62 - Fase bench ML (5 familias, sin Optuna): 34.3s
2026-09-10 12:43:11.998 | INFO     | scripts.train_dataset.refinement:select_features:88 - Top 10 gain importance (xgboost):
te_weekend_mean                   695505216.0
rolling_max_lag1_window_size4     315782208.0
te_snap_mean                      191408944.0
rolling_mean_lag1_window_size4     80354568.0
lag4                               67416384.0
te_event_mean                      54573872.0
lag1                               34506328.0
event_name_1                        6952961.0
lag13                               6276056.5
expanding_mean_lag13                4327099.5
dtype: float64
2026-09-10 12:43:25.174 | INFO     | scripts.train_dataset.refinement:select_features:95 - Top 10 permutation importance (xgboost):
te_weekend_mean                  822.882471
te_snap_mean                     463.932227
lag4                             265.254907
event_name_1                     241.664380
lag1                             200.635449
rolling_max_lag1_window_size4     76.320532
dept_id                           67.875806
lag8                              53.559570
rolling_max_lag4_window_size4     29.663550
lag13                             28.418628
dtype: float64
2026-09-10 12:43:34.911 | INFO     | src.modeling.feature_selection:backward_feature_selection:139 - Baseline (109 features): regression_l2=1285.5928 | WRMSSE=1.4321 (informativo)
2026-09-10 12:43:46.503 | WARNING  | src.modeling.feature_selection:try_remove:162 - ELIMINADA(S) 8 features ['rolling_mean_lag1_window_size4', 'lag26', 'te_event_mean', 'avg_sell_price', 'lag52', 'rolling_std_lag13_window_size26', 'lag2', 'days_to_thanksgiving'] -> 101 features | regression_l2=1268.3489 | WRMSSE=1.4721
2026-09-10 12:44:04.948 | WARNING  | src.modeling.feature_selection:try_remove:162 - ELIMINADA(S) 'price_lag_1' -> 100 features | regression_l2=1246.2479 | WRMSSE=1.4341
2026-09-10 12:44:49.224 | WARNING  | src.modeling.feature_selection:try_remove:162 - ELIMINADA(S) 8 features ['rolling_max_lag4_window_size26', 'te_item_mean', 'rolling_min_lag13_window_size26', 'cv2_90', 'rolling_mean_lag13_window_size26', 'te_item_std', 'momentum_lag4_4_13', 'te_dept_std'] -> 92 features | regression_l2=1230.4297 | WRMSSE=1.3772
2026-09-10 12:45:40.650 | WARNING  | src.modeling.feature_selection:try_remove:162 - ELIMINADA(S) 8 features ['rolling_max_lag13_window_size13', 'month_sin', 'has_event', 'item_id', 'is_likely_stockout', 'pct_zero_28', 'is_store_closed', 'zero_streak'] -> 84 features | regression_l2=1219.9641 | WRMSSE=1.3837
2026-09-10 12:45:58.276 | WARNING  | src.modeling.feature_selection:try_remove:162 - ELIMINADA(S) 'event_type_1_enc' -> 83 features | regression_l2=1219.9641 | WRMSSE=1.3837
2026-09-10 12:46:09.121 | WARNING  | src.modeling.feature_selection:try_remove:162 - ELIMINADA(S) 'has_event_2' -> 82 features | regression_l2=1219.9641 | WRMSSE=1.3837
2026-09-10 12:46:14.012 | WARNING  | src.modeling.feature_selection:try_remove:162 - ELIMINADA(S) 'year' -> 81 features | regression_l2=1219.9492 | WRMSSE=1.3837
2026-09-10 12:46:18.600 | WARNING  | src.modeling.feature_selection:try_remove:162 - ELIMINADA(S) 'event_type_2_enc' -> 80 features | regression_l2=1219.9492 | WRMSSE=1.3837
2026-09-10 12:46:23.330 | WARNING  | src.modeling.feature_selection:try_remove:162 - ELIMINADA(S) 'dayofweek' -> 79 features | regression_l2=1219.9492 | WRMSSE=1.3837
2026-09-10 12:46:27.934 | WARNING  | src.modeling.feature_selection:try_remove:162 - ELIMINADA(S) 'is_weekend' -> 78 features | regression_l2=1219.9492 | WRMSSE=1.3837
2026-09-10 12:46:32.438 | WARNING  | src.modeling.feature_selection:try_remove:162 - ELIMINADA(S) 'quarter' -> 77 features | regression_l2=1219.9492 | WRMSSE=1.3837
2026-09-10 12:46:42.148 | WARNING  | src.modeling.feature_selection:try_remove:162 - ELIMINADA(S) 'cat_id' -> 76 features | regression_l2=1219.9492 | WRMSSE=1.3837
2026-09-10 12:46:46.614 | WARNING  | src.modeling.feature_selection:try_remove:162 - ELIMINADA(S) 'event_type_2' -> 75 features | regression_l2=1219.9492 | WRMSSE=1.3837
2026-09-10 12:46:51.410 | WARNING  | src.modeling.feature_selection:try_remove:162 - ELIMINADA(S) 'is_month_start' -> 74 features | regression_l2=1219.9492 | WRMSSE=1.3837
2026-09-10 12:46:55.861 | WARNING  | src.modeling.feature_selection:try_remove:162 - ELIMINADA(S) 'dow_sin' -> 73 features | regression_l2=1219.9492 | WRMSSE=1.3837
2026-09-10 12:47:00.369 | WARNING  | src.modeling.feature_selection:try_remove:162 - ELIMINADA(S) 'dow_cos' -> 72 features | regression_l2=1219.9492 | WRMSSE=1.3837
2026-09-10 12:47:20.985 | WARNING  | src.modeling.feature_selection:try_remove:162 - ELIMINADA(S) 'days_since_price_change' -> 71 features | regression_l2=1219.9492 | WRMSSE=1.3837
2026-09-10 12:47:39.300 | WARNING  | src.modeling.feature_selection:try_remove:162 - ELIMINADA(S) 'state_id' -> 70 features | regression_l2=1215.4491 | WRMSSE=1.3761
2026-09-10 12:51:03.517 | WARNING  | src.modeling.feature_selection:try_remove:162 - ELIMINADA(S) 8 features ['rolling_max_lag4_window_size13', 'store_id', 'lag22', 'lag13', 'rolling_max_lag4_window_size4', 'lag8', 'dept_id', 'rolling_max_lag1_window_size4'] -> 62 features | regression_l2=930.4023 | WRMSSE=0.8930
2026-09-10 12:51:12.812 | WARNING  | src.modeling.feature_selection:try_remove:162 - ELIMINADA(S) 'lag1' -> 61 features | regression_l2=693.2349 | WRMSSE=0.6096
2026-09-10 12:51:35.804 | WARNING  | src.modeling.feature_selection:try_remove:162 - ELIMINADA(S) 'rolling_min_lag4_window_size4' -> 60 features | regression_l2=683.6940 | WRMSSE=0.6230
2026-09-10 12:51:38.215 | WARNING  | src.modeling.feature_selection:try_remove:162 - ELIMINADA(S) 'te_dept_mean' -> 59 features | regression_l2=679.2034 | WRMSSE=0.5964
2026-09-10 12:51:41.403 | WARNING  | src.modeling.feature_selection:try_remove:162 - ELIMINADA(S) 'rolling_mean_lag13_window_size13' -> 58 features | regression_l2=672.7052 | WRMSSE=0.6024
2026-09-10 12:51:57.608 | WARNING  | src.modeling.feature_selection:try_remove:162 - ELIMINADA(S) 8 features ['event_name_2', 'days_since_release', 'days_since_thanksgiving', 'days_to_event', 'rolling_mean_lag1_window_size13', 'days_since_newyear', 'rolling_max_lag52_window_size4', 'rolling_min_lag1_window_size4'] -> 50 features | regression_l2=615.0827 | WRMSSE=0.5748
2026-09-10 12:51:58.865 | WARNING  | src.modeling.feature_selection:try_remove:162 - ELIMINADA(S) 8 features ['rolling_std_lag4_window_size26', 'rolling_mean_lag52_window_size4', 'expanding_mean_lag13', 'pct_zero_90', 'lag3', 'price_vs_max', 'doy_sin', 'price_change'] -> 42 features | regression_l2=591.7370 | WRMSSE=0.5910
2026-09-10 12:52:01.835 | WARNING  | src.modeling.feature_selection:try_remove:162 - ELIMINADA(S) 'rolling_std_lag13_window_size13' -> 41 features | regression_l2=581.9878 | WRMSSE=0.5731
2026-09-10 12:52:10.972 | WARNING  | src.modeling.feature_selection:try_remove:162 - ELIMINADA(S) 'days_since_event' -> 40 features | regression_l2=573.9616 | WRMSSE=0.5682
2026-09-10 12:52:20.603 | WARNING  | src.modeling.feature_selection:try_remove:162 - ELIMINADA(S) 'rolling_min_lag52_window_size4' -> 39 features | regression_l2=573.2220 | WRMSSE=0.5587
2026-09-10 12:52:22.790 | WARNING  | src.modeling.feature_selection:try_remove:162 - ELIMINADA(S) 'rolling_std_lag1_window_size4' -> 38 features | regression_l2=558.0193 | WRMSSE=0.5384
2026-09-10 12:53:15.163 | WARNING  | src.modeling.feature_selection:try_remove:162 - ELIMINADA(S) 8 features ['price_vs_mean', 'rolling_min_lag4_window_size26', 'doy_cos', 'rolling_max_lag13_window_size26', 'is_month_end', 'rolling_max_lag1_window_size13', 'te_cat_std', 'lag39'] -> 30 features | regression_l2=546.0615 | WRMSSE=0.5246
2026-09-10 12:53:17.019 | WARNING  | src.modeling.feature_selection:try_remove:162 - ELIMINADA(S) 'rolling_std_lag1_window_size13' -> 29 features | regression_l2=529.9803 | WRMSSE=0.5059
2026-09-10 12:53:25.397 | WARNING  | src.modeling.feature_selection:try_remove:162 - ELIMINADA(S) 'rolling_mean_lag52_window_size13' -> 28 features | regression_l2=528.1717 | WRMSSE=0.5005
2026-09-10 12:53:34.185 | WARNING  | src.modeling.feature_selection:try_remove:162 - ELIMINADA(S) 'rolling_mean_lag4_window_size26' -> 27 features | regression_l2=521.7868 | WRMSSE=0.4933
2026-09-10 12:53:44.535 | WARNING  | src.modeling.feature_selection:try_remove:162 - ELIMINADA(S) 'te_weekend_mean' -> 26 features | regression_l2=508.7876 | WRMSSE=0.4890
2026-09-10 12:53:51.439 | WARNING  | src.modeling.feature_selection:try_remove:162 - ELIMINADA(S) 'days_to_closure' -> 25 features | regression_l2=505.9632 | WRMSSE=0.4963
2026-09-10 12:54:57.842 | INFO     | src.modeling.feature_selection:backward_feature_selection:189 - Seleccionadas 25/109 features | regression_l2 final: 505.9632 | WRMSSE final: 0.4963
2026-09-10 12:54:57.845 | INFO     | scripts.train_dataset.refinement:select_features:114 - Features descartadas (84): ['avg_sell_price', 'cat_id', 'cv2_90', 'dayofweek', 'days_since_event', 'days_since_newyear', 'days_since_price_change', 'days_since_release', 'days_since_thanksgiving', 'days_to_closure', 'days_to_event', 'days_to_thanksgiving', 'dept_id', 'dow_cos', 'dow_sin', 'doy_cos', 'doy_sin', 'event_name_2', 'event_type_1_enc', 'event_type_2', 'event_type_2_enc', 'expanding_mean_lag13', 'has_event', 'has_event_2', 'is_likely_stockout', 'is_month_end', 'is_month_start', 'is_store_closed', 'is_weekend', 'item_id', 'lag1', 'lag13', 'lag2', 'lag22', 'lag26', 'lag3', 'lag39', 'lag52', 'lag8', 'momentum_lag4_4_13', 'month_sin', 'pct_zero_28', 'pct_zero_90', 'price_change', 'price_lag_1', 'price_vs_max', 'price_vs_mean', 'quarter', 'rolling_max_lag13_window_size13', 'rolling_max_lag13_window_size26', 'rolling_max_lag1_window_size13', 'rolling_max_lag1_window_size4', 'rolling_max_lag4_window_size13', 'rolling_max_lag4_window_size26', 'rolling_max_lag4_window_size4', 'rolling_max_lag52_window_size4', 'rolling_mean_lag13_window_size13', 'rolling_mean_lag13_window_size26', 'rolling_mean_lag1_window_size13', 'rolling_mean_lag1_window_size4', 'rolling_mean_lag4_window_size26', 'rolling_mean_lag52_window_size13', 'rolling_mean_lag52_window_size4', 'rolling_min_lag13_window_size26', 'rolling_min_lag1_window_size4', 'rolling_min_lag4_window_size26', 'rolling_min_lag4_window_size4', 'rolling_min_lag52_window_size4', 'rolling_std_lag13_window_size13', 'rolling_std_lag13_window_size26', 'rolling_std_lag1_window_size13', 'rolling_std_lag1_window_size4', 'rolling_std_lag4_window_size26', 'state_id', 'store_id', 'te_cat_std', 'te_dept_mean', 'te_dept_std', 'te_event_mean', 'te_item_mean', 'te_item_std', 'te_weekend_mean', 'year', 'zero_streak']
2026-09-10 12:54:57.860 | INFO     | scripts.train_dataset.refinement:select_features:127 - Features finales: 25 (2 categóricas) | regression_l2=505.9632 | WRMSSE=0.4963 (informativo)
2026-09-10 12:54:57.861 | INFO     | scripts.train_dataset.pipeline:run_pipeline:74 - Fase selección de features: 705.9s
2026-09-10 12:55:00.995 | INFO     | src.evaluation.reports:evaluate_predictions:58 - xgboost (bench, selected features) [ML] | WAPE: 7.53% | WRMSSE: 0.4982  | fit: 2.98s
2026-09-10 12:55:02.888 | INFO     | scripts.train_dataset.refinement:run_shap:173 - SHAP (xgboost): feature más importante = te_snap_mean | plots guardados en /home/njimenez/workspace/magister/forecast-tfm/artifacts/plots
2026-09-10 12:55:02.890 | INFO     | scripts.train_dataset.pipeline:run_pipeline:79 - Fase SHAP: 5.0s
2026-09-10 12:55:02.944 | INFO     | scripts.train_dataset.refinement:tune_optuna_family:60 - [xgboost] Optuna arrancando: hasta 100 trials (timeout 120s) -- study 'study_level_09_weekly_store_dept_sales_final_xgboost'
2026-09-10 12:57:06.910 | INFO     | scripts.train_dataset.refinement:tune_optuna_family:70 - [xgboost] Optuna terminó -- elige hiperparámetros por regression_l2 (no por WRMSSE): mejor regression_l2 = 481.8761 | WRMSSE de ESE trial: 0.4689 (solo referencia, puede no ser el mínimo posible; el WRMSSE definitivo se reporta abajo, tras reentrenar con estos hiperparámetros)
2026-09-10 12:57:06.912 | INFO     | scripts.train_dataset.refinement:tune_optuna_family:76 - [xgboost] Mejores hiperparámetros: {'learning_rate': 0.1101962340138614, 'max_depth': 5, 'min_child_weight': 1.6778242384077926, 'subsample': 0.8736932106048627, 'colsample_bytree': 0.7760609974958406, 'reg_alpha': 0.002827585657311758, 'reg_lambda': 0.06786479434196534}
2026-09-10 12:57:06.915 | INFO     | scripts.train_dataset.pipeline:run_pipeline:85 - Fase Optuna final: 124.0s
2026-09-10 12:57:08.187 | INFO     | scripts.train_dataset.refinement:fit_final_model:222 - CV (1 folds) best_iteration: [146] -> n_estimators final = 146
2026-09-10 12:57:08.323 | INFO     | src.evaluation.reports:evaluate_predictions:58 - xgboost (final, Optuna) [ML] | WAPE: 7.24% | WRMSSE: 0.4689  | fit: 1.29s
2026-09-10 12:57:09.524 | INFO     | scripts.train_dataset.refinement:fit_final_model:243 - Test WAPE: 7.56% | Test WRMSSE: 0.4915
2026-09-10 12:57:18.381 | INFO     | scripts.train_dataset.benchmarking:save_model_comparison:115 - Comparación de modelos guardada en /home/njimenez/workspace/magister/forecast-tfm/artifacts/results
2026-09-10 12:57:18.507 | SUCCESS  | scripts.train_dataset.export:export_artifact:109 - Artifact guardado en /home/njimenez/workspace/magister/forecast-tfm/artifacts/models/level_09_weekly_store_dept_sales_artifact.pkl (modelo: xgboost)
2026-09-10 12:57:18.593 | SUCCESS  | scripts.train_dataset.export:export_artifact:119 - Versión 20260910T155718Z registrada en registry.json
2026-09-10 12:57:18.593 | INFO     | scripts.train_dataset.pipeline:run_pipeline:93 - Pipeline completo (level_09_weekly_store_dept/sales) en 990.3s
2026-09-10 12:57:18.785 | INFO     | __main__:main:112 - Nivel 10 (item) grain daily: 1 combinaciones
2026-09-10 12:57:25.177 | INFO     | src.data.dataset:load_data:58 - level_10_daily_item__FOODS_3 | target=sales | 1,597,443 filas | 191 features (9 categóricas)
2026-09-10 12:57:26.822 | INFO     | src.data.temporal_split:log_summary:41 - Train : 2011-01-29 to 2015-04-26 (1,549 days, 1,274,827 rows)
2026-09-10 12:57:26.823 | INFO     | src.data.temporal_split:log_summary:42 - Valid : 2015-04-27 to 2016-04-24 (364 days, 299,572 rows)
2026-09-10 12:57:26.823 | INFO     | src.data.temporal_split:log_summary:43 - Test  : 2016-04-25 to 2016-05-22 (28 days, 23,044 rows)
2026-09-10 12:57:29.866 | INFO     | src.data.dataset:split_data:119 - Features: 191 (9 categóricas)
2026-09-10 12:57:36.837 | INFO     | src.evaluation.reports:evaluate_predictions:58 - Seasonal naive (1d) [Naive] | WAPE: 57.68% | WRMSSE: 1.7591  | fit: 2.80s
2026-09-10 12:57:43.572 | INFO     | src.evaluation.reports:evaluate_predictions:58 - Seasonal naive (7d) [Naive] | WAPE: 50.40% | WRMSSE: 1.5098  | fit: 2.65s
2026-09-10 12:57:52.207 | INFO     | src.evaluation.reports:evaluate_predictions:58 - Seasonal naive (28d) [Naive] | WAPE: 53.10% | WRMSSE: 1.6483  | fit: 2.89s
2026-09-10 12:58:03.298 | INFO     | src.evaluation.reports:evaluate_predictions:58 - Seasonal naive (364d) [Naive] | WAPE: 51.54% | WRMSSE: 1.5035  | fit: 4.58s
2026-09-10 12:58:10.332 | INFO     | src.evaluation.reports:evaluate_predictions:58 -             Drift [Naive] | WAPE: 62.67% | WRMSSE: 1.9180  | fit: 0.83s
2026-09-10 12:58:16.631 | INFO     | src.evaluation.reports:evaluate_predictions:58 -   Historical mean [Naive] | WAPE: 54.93% | WRMSSE: 1.5107  | fit: 0.06s
2026-09-10 12:58:23.221 | INFO     | src.evaluation.reports:evaluate_predictions:58 - Moving average (7d) [Naive] | WAPE: 48.44% | WRMSSE: 1.4558  | fit: 0.28s
2026-09-10 12:58:29.845 | INFO     | src.evaluation.reports:evaluate_predictions:58 - Moving average (14d) [Naive] | WAPE: 47.66% | WRMSSE: 1.4552  | fit: 0.30s
2026-09-10 12:58:36.577 | INFO     | src.evaluation.reports:evaluate_predictions:58 - Moving average (21d) [Naive] | WAPE: 47.68% | WRMSSE: 1.4741  | fit: 0.34s
2026-09-10 12:58:40.970 | INFO     | src.evaluation.reports:evaluate_predictions:58 - Moving average (28d) [Naive] | WAPE: 47.63% | WRMSSE: 1.4737  | fit: 0.30s
2026-09-10 12:58:45.255 | INFO     | src.evaluation.reports:evaluate_predictions:58 - Moving average (35d) [Naive] | WAPE: 47.16% | WRMSSE: 1.4459  | fit: 0.20s
2026-09-10 12:58:45.255 | INFO     | scripts.train_dataset.pipeline:run_pipeline:51 - Fase naive: 75.4s
2026-09-10 13:03:57.490 | INFO     | src.evaluation.reports:evaluate_predictions:58 -      SARIMA [Statistical] | WAPE: 90.39% | WRMSSE: 2.3074  | fit: 308.11s
2026-09-10 13:07:25.231 | INFO     | src.evaluation.reports:evaluate_predictions:58 - ETS (Holt-Winters) [Statistical] | WAPE: 50.57% | WRMSSE: 1.5081  | fit: 201.49s
2026-09-10 13:08:02.263 | INFO     | src.evaluation.reports:evaluate_predictions:58 -       Theta [Statistical] | WAPE: 49.37% | WRMSSE: 1.4957  | fit: 32.14s
2026-09-10 13:10:56.423 | INFO     | src.evaluation.reports:evaluate_predictions:58 -       TBATS [Statistical] | WAPE: 95.99% | WRMSSE: 2.5774  | fit: 170.18s
2026-09-10 13:16:04.210 | INFO     | src.evaluation.reports:evaluate_predictions:58 -     Prophet [Statistical] | WAPE: 53.92% | WRMSSE: 1.4829  | fit: 303.82s
2026-09-10 13:16:04.211 | INFO     | scripts.train_dataset.pipeline:run_pipeline:56 - Fase estadísticos clásicos: 1039.0s
2026-09-10 13:16:04.211 | INFO     | scripts.train_dataset.benchmarking:run_bench_ml:67 - Bench ML: familia 1/5 -- lightgbm
2026-09-10 13:17:48.050 | INFO     | src.evaluation.reports:evaluate_predictions:58 -     lightgbm (bench) [ML] | WAPE: 80.78% | WRMSSE: 2.0870  | fit: 98.59s
2026-09-10 13:17:48.050 | INFO     | scripts.train_dataset.benchmarking:run_bench_ml:67 - Bench ML: familia 2/5 -- xgboost
2026-09-10 13:21:23.064 | INFO     | src.evaluation.reports:evaluate_predictions:58 -      xgboost (bench) [ML] | WAPE: 56.90% | WRMSSE: 1.6905  | fit: 207.72s
2026-09-10 13:21:23.065 | INFO     | scripts.train_dataset.benchmarking:run_bench_ml:67 - Bench ML: familia 3/5 -- catboost
2026-09-10 13:31:26.775 | INFO     | src.evaluation.reports:evaluate_predictions:58 -     catboost (bench) [ML] | WAPE: 61.04% | WRMSSE: 1.8482  | fit: 597.93s
2026-09-10 13:31:26.776 | INFO     | scripts.train_dataset.benchmarking:run_bench_ml:67 - Bench ML: familia 4/5 -- histgb
2026-09-10 13:42:20.414 | INFO     | src.evaluation.reports:evaluate_predictions:58 -       histgb (bench) [ML] | WAPE: 155.04% | WRMSSE: 3.9302  | fit: 627.41s
2026-09-10 13:42:20.415 | INFO     | scripts.train_dataset.benchmarking:run_bench_ml:67 - Bench ML: familia 5/5 -- ridge
2026-09-10 13:43:27.071 | INFO     | src.evaluation.reports:evaluate_predictions:58 -        ridge (bench) [ML] | WAPE: 58.85% | WRMSSE: 1.6814  | fit: 61.83s
2026-09-10 13:43:27.072 | SUCCESS  | scripts.train_dataset.benchmarking:pick_winner:94 - Modelo ganador (bench, 4 familias tree-based comparadas): catboost | regression_l2=29.6623
2026-09-10 13:43:27.072 | INFO     | scripts.train_dataset.pipeline:run_pipeline:62 - Fase bench ML (5 familias, sin Optuna): 1642.9s
2026-09-10 13:43:27.083 | INFO     | scripts.train_dataset.refinement:select_features:88 - Top 10 gain importance (catboost):
lag1                               38.005847
rolling_mean_lag1_window_size7     18.780593
lag7                                6.212212
rolling_mean_lag2_window_size7      6.126832
rolling_mean_lag3_window_size7      3.030833
dow_sin                             2.895289
price_vs_mean                       2.265602
price_vs_max                        2.140340
lag6                                1.650591
rolling_mean_lag3_window_size14     1.453233
dtype: float64
2026-09-10 13:45:21.386 | INFO     | scripts.train_dataset.refinement:select_features:95 - Top 10 permutation importance (catboost):
lag364                             2.189836
price_vs_mean                      2.032870
rolling_std_lag28_window_size7     1.561959
expanding_mean_lag91               1.369059
lag1                               1.197094
te_snap_mean                       1.081208
avg_sell_price                     1.049091
rolling_max_lag91_window_size28    0.893671
lag35                              0.847713
item_id                            0.762244
dtype: float64
2026-09-10 13:55:16.329 | INFO     | src.modeling.feature_selection:backward_feature_selection:139 - Baseline (191 features): regression_l2=29.6623 | WRMSSE=1.8482 (informativo)
2026-09-10 14:21:13.714 | WARNING  | src.modeling.feature_selection:try_remove:162 - ELIMINADA(S) 'dow_sin' -> 190 features | regression_l2=28.3004 | WRMSSE=1.7451
2026-09-10 15:22:52.163 | WARNING  | src.modeling.feature_selection:try_remove:162 - ELIMINADA(S) 8 features ['te_item_mean', 'pct_zero_90', 'lag25', 'rolling_min_lag28_window_size91', 'rolling_min_lag91_window_size91', 'lag24', 'lag5', 'dayofweek'] -> 182 features | regression_l2=28.1422 | WRMSSE=1.6948
2026-09-10 16:07:33.425 | WARNING  | src.modeling.feature_selection:try_remove:162 - ELIMINADA(S) 'rolling_min_lag28_window_size7' -> 181 features | regression_l2=27.1847 | WRMSSE=1.7650
2026-09-10 20:03:05.931 | WARNING  | src.modeling.feature_selection:try_remove:162 - ELIMINADA(S) 8 features ['rolling_mean_lag6_window_size14', 'rolling_min_lag364_window_size91', 'rolling_max_lag6_window_size14', 'rolling_max_lag6_window_size7', 'rolling_min_lag4_window_size14', 'rolling_min_lag2_window_size14', 'rolling_std_lag364_window_size91', 'te_dept_std'] -> 173 features | regression_l2=26.6957 | WRMSSE=1.6916
2026-09-10 22:35:46.574 | WARNING  | src.modeling.feature_selection:try_remove:162 - ELIMINADA(S) 'store_id' -> 172 features | regression_l2=26.6957 | WRMSSE=1.6916
2026-09-11 00:52:03.769 | WARNING  | src.modeling.feature_selection:try_remove:162 - ELIMINADA(S) 'cat_id' -> 171 features | regression_l2=26.6957 | WRMSSE=1.6916
2026-09-11 01:11:44.383 | WARNING  | src.modeling.feature_selection:try_remove:162 - ELIMINADA(S) 'state_id' -> 170 features | regression_l2=26.6957 | WRMSSE=1.6916
2026-09-11 02:07:20.441 | WARNING  | src.modeling.feature_selection:try_remove:162 - ELIMINADA(S) 'rolling_std_lag1_window_size35' -> 169 features | regression_l2=25.9226 | WRMSSE=1.6411
2026-09-11 03:15:17.538 | WARNING  | src.modeling.feature_selection:try_remove:162 - ELIMINADA(S) 'dept_id' -> 168 features | regression_l2=25.9226 | WRMSSE=1.6411
2026-09-11 11:02:56.751 | WARNING  | src.modeling.feature_selection:try_remove:162 - ELIMINADA(S) 'rolling_min_lag28_window_size28' -> 167 features | regression_l2=25.7710 | WRMSSE=1.6327
2026-09-11 14:03:08.775 | WARNING  | src.modeling.feature_selection:try_remove:162 - ELIMINADA(S) 'lag19' -> 166 features | regression_l2=25.3091 | WRMSSE=1.6103
2026-09-11 17:23:42.195 | WARNING  | src.modeling.feature_selection:try_remove:162 - ELIMINADA(S) 'rolling_max_lag91_window_size28' -> 165 features | regression_l2=25.1839 | WRMSSE=1.5438
2026-09-11 17:29:20.031 | WARNING  | src.modeling.feature_selection:try_remove:162 - ELIMINADA(S) 7 features ['avg_sell_price', 'te_snap_mean', 'lag1', 'expanding_mean_lag91', 'rolling_std_lag28_window_size7', 'price_vs_mean', 'lag364'] -> 158 features | regression_l2=25.0911 | WRMSSE=1.5184
2026-09-11 18:33:44.666 | WARNING  | src.modeling.feature_selection:try_remove:162 - ELIMINADA(S) 8 features ['rolling_mean_lag28_window_size7', 'lag7', 'lag3', 'te_item_std', 'rolling_mean_lag3_window_size7', 'lag42', 'rolling_min_lag5_window_size14', 'pct_zero_28'] -> 150 features | regression_l2=24.5942 | WRMSSE=1.5040
2026-09-11 19:02:32.889 | WARNING  | src.modeling.feature_selection:try_remove:162 - ELIMINADA(S) 'rolling_min_lag6_window_size7' -> 149 features | regression_l2=22.6567 | WRMSSE=1.4752
2026-09-12 01:25:29.685 | WARNING  | src.modeling.feature_selection:try_remove:162 - ELIMINADA(S) 'snap' -> 148 features | regression_l2=22.6567 | WRMSSE=1.4752
2026-09-12 04:17:31.694 | WARNING  | src.modeling.feature_selection:try_remove:162 - ELIMINADA(S) 'price_lag_7' -> 147 features | regression_l2=21.4340 | WRMSSE=1.4037
2026-09-13 05:50:31.611 | INFO     | src.modeling.feature_selection:backward_feature_selection:189 - Seleccionadas 147/191 features | regression_l2 final: 21.4340 | WRMSSE final: 1.4037
2026-09-13 05:50:31.627 | INFO     | scripts.train_dataset.refinement:select_features:114 - Features descartadas (44): ['avg_sell_price', 'cat_id', 'dayofweek', 'dept_id', 'dow_sin', 'expanding_mean_lag91', 'lag1', 'lag19', 'lag24', 'lag25', 'lag3', 'lag364', 'lag42', 'lag5', 'lag7', 'pct_zero_28', 'pct_zero_90', 'price_lag_7', 'price_vs_mean', 'rolling_max_lag6_window_size14', 'rolling_max_lag6_window_size7', 'rolling_max_lag91_window_size28', 'rolling_mean_lag28_window_size7', 'rolling_mean_lag3_window_size7', 'rolling_mean_lag6_window_size14', 'rolling_min_lag28_window_size28', 'rolling_min_lag28_window_size7', 'rolling_min_lag28_window_size91', 'rolling_min_lag2_window_size14', 'rolling_min_lag364_window_size91', 'rolling_min_lag4_window_size14', 'rolling_min_lag5_window_size14', 'rolling_min_lag6_window_size7', 'rolling_min_lag91_window_size91', 'rolling_std_lag1_window_size35', 'rolling_std_lag28_window_size7', 'rolling_std_lag364_window_size91', 'snap', 'state_id', 'store_id', 'te_dept_std', 'te_item_mean', 'te_item_std', 'te_snap_mean']
2026-09-13 05:50:31.877 | INFO     | scripts.train_dataset.refinement:select_features:127 - Features finales: 147 (5 categóricas) | regression_l2=21.4340 | WRMSSE=1.4037 (informativo)
2026-09-13 05:50:31.877 | INFO     | scripts.train_dataset.pipeline:run_pipeline:74 - Fase selección de features: 230824.8s
2026-09-13 06:00:32.618 | INFO     | src.evaluation.reports:evaluate_predictions:58 - catboost (bench, selected features) [ML] | WAPE: 48.30% | WRMSSE: 1.3669  | fit: 592.56s
2026-09-13 06:00:48.063 | INFO     | scripts.train_dataset.refinement:run_shap:173 - SHAP (catboost): feature más importante = rolling_mean_lag1_window_size7 | plots guardados en /home/njimenez/workspace/magister/forecast-tfm/artifacts/plots
2026-09-13 06:00:48.072 | INFO     | scripts.train_dataset.pipeline:run_pipeline:79 - Fase SHAP: 616.2s
2026-09-13 06:00:48.407 | INFO     | scripts.train_dataset.refinement:tune_optuna_family:60 - [catboost] Optuna arrancando: hasta 100 trials (timeout 120s) -- study 'study_level_10_daily_item__FOODS_3_sales_final_catboost'
2026-09-13 06:34:57.046 | INFO     | scripts.train_dataset.refinement:tune_optuna_family:70 - [catboost] Optuna terminó -- elige hiperparámetros por regression_l2 (no por WRMSSE): mejor regression_l2 = 32.6626 | WRMSSE de ESE trial: 1.7819 (solo referencia, puede no ser el mínimo posible; el WRMSSE definitivo se reporta abajo, tras reentrenar con estos hiperparámetros)
2026-09-13 06:34:57.052 | INFO     | scripts.train_dataset.refinement:tune_optuna_family:76 - [catboost] Mejores hiperparámetros: {'learning_rate': 0.054816785328198704, 'depth': 10, 'l2_leaf_reg': 5.395030966670228}
2026-09-13 06:34:57.058 | INFO     | scripts.train_dataset.pipeline:run_pipeline:85 - Fase Optuna final: 2049.0s
2026-09-13 07:17:31.149 | INFO     | scripts.train_dataset.refinement:fit_final_model:222 - CV (1 folds) best_iteration: [377] -> n_estimators final = 377
2026-09-13 07:17:39.860 | INFO     | src.evaluation.reports:evaluate_predictions:58 - catboost (final, Optuna) [ML] | WAPE: 60.53% | WRMSSE: 1.7784  | fit: 2556.53s
2026-09-13 08:03:35.021 | INFO     | scripts.train_dataset.refinement:fit_final_model:243 - Test WAPE: 25.48% | Test WRMSSE: 0.8449
2026-09-13 08:08:13.982 | INFO     | scripts.train_dataset.benchmarking:save_model_comparison:115 - Comparación de modelos guardada en /home/njimenez/workspace/magister/forecast-tfm/artifacts/results
2026-09-13 08:08:16.154 | SUCCESS  | scripts.train_dataset.export:export_artifact:109 - Artifact guardado en /home/njimenez/workspace/magister/forecast-tfm/artifacts/models/level_10_daily_item__FOODS_3_sales_artifact.pkl (modelo: catboost)
2026-09-13 08:08:16.888 | SUCCESS  | scripts.train_dataset.export:export_artifact:119 - Versión 20260913T110816Z registrada en registry.json
2026-09-13 08:08:16.890 | INFO     | scripts.train_dataset.pipeline:run_pipeline:93 - Pipeline completo (level_10_daily_item__FOODS_3/sales) en 241858.1s
2026-09-13 08:08:17.151 | INFO     | __main__:main:112 - Nivel 10 (item) grain weekly: 1 combinaciones
2026-09-13 08:08:17.628 | INFO     | src.data.dataset:load_data:58 - level_10_weekly_item__FOODS_3 | target=sales | 228,794 filas | 109 features (9 categóricas)
2026-09-13 08:08:17.691 | INFO     | src.data.temporal_split:log_summary:41 - Train : 2011-01-29 to 2015-04-20 (1,549 days, 182,706 rows)
2026-09-13 08:08:17.692 | INFO     | src.data.temporal_split:log_summary:42 - Valid : 2015-04-27 to 2016-04-18 (364 days, 42,796 rows)
2026-09-13 08:08:17.692 | INFO     | src.data.temporal_split:log_summary:43 - Test  : 2016-04-25 to 2016-05-16 (22 days, 3,292 rows)
2026-09-13 08:08:18.193 | INFO     | src.data.dataset:split_data:119 - Features: 109 (9 categóricas)
2026-09-13 08:08:19.687 | INFO     | src.evaluation.reports:evaluate_predictions:58 - Seasonal naive (1w) [Naive] | WAPE: 39.47% | WRMSSE: 1.3635  | fit: 0.43s
2026-09-13 08:08:21.136 | INFO     | src.evaluation.reports:evaluate_predictions:58 - Seasonal naive (4w) [Naive] | WAPE: 40.89% | WRMSSE: 1.4620  | fit: 0.43s
2026-09-13 08:08:22.631 | INFO     | src.evaluation.reports:evaluate_predictions:58 - Seasonal naive (52w) [Naive] | WAPE: 40.26% | WRMSSE: 1.4047  | fit: 0.41s
2026-09-13 08:08:24.057 | INFO     | src.evaluation.reports:evaluate_predictions:58 -             Drift [Naive] | WAPE: 40.18% | WRMSSE: 1.4152  | fit: 0.33s
2026-09-13 08:08:25.148 | INFO     | src.evaluation.reports:evaluate_predictions:58 -   Historical mean [Naive] | WAPE: 46.79% | WRMSSE: 1.5780  | fit: 0.01s
2026-09-13 08:08:26.288 | INFO     | src.evaluation.reports:evaluate_predictions:58 - Moving average (2w) [Naive] | WAPE: 38.19% | WRMSSE: 1.3344  | fit: 0.06s
2026-09-13 08:08:27.442 | INFO     | src.evaluation.reports:evaluate_predictions:58 - Moving average (3w) [Naive] | WAPE: 38.11% | WRMSSE: 1.3419  | fit: 0.07s
2026-09-13 08:08:28.524 | INFO     | src.evaluation.reports:evaluate_predictions:58 - Moving average (4w) [Naive] | WAPE: 37.98% | WRMSSE: 1.3385  | fit: 0.06s
2026-09-13 08:08:29.702 | INFO     | src.evaluation.reports:evaluate_predictions:58 - Moving average (6w) [Naive] | WAPE: 37.24% | WRMSSE: 1.2938  | fit: 0.06s
2026-09-13 08:08:31.480 | INFO     | src.evaluation.reports:evaluate_predictions:58 - Moving average (8w) [Naive] | WAPE: 37.13% | WRMSSE: 1.2869  | fit: 0.06s
2026-09-13 08:08:31.480 | INFO     | scripts.train_dataset.pipeline:run_pipeline:51 - Fase naive: 13.3s
2026-09-13 08:28:16.900 | WARNING  | src.modeling.statistical:_forecast_by_series:50 - 1 serie(s) fallaron el ajuste; se usa el último valor de train como fallback.
2026-09-13 08:28:17.983 | INFO     | src.evaluation.reports:evaluate_predictions:58 -      SARIMA [Statistical] | WAPE: 39399731073.90% | WRMSSE: nan  | fit: 1185.44s
2026-09-13 08:34:46.001 | INFO     | src.evaluation.reports:evaluate_predictions:58 - ETS (Holt-Winters) [Statistical] | WAPE: 41.21% | WRMSSE: 1.3960  | fit: 386.35s
2026-09-13 08:34:55.507 | INFO     | src.evaluation.reports:evaluate_predictions:58 -       Theta [Statistical] | WAPE: 37.11% | WRMSSE: 1.3121  | fit: 8.47s
2026-09-13 08:35:59.314 | INFO     | src.evaluation.reports:evaluate_predictions:58 -       TBATS [Statistical] | WAPE: 57.33% | WRMSSE: 1.7825  | fit: 61.87s
2026-09-13 08:37:27.138 | INFO     | src.evaluation.reports:evaluate_predictions:58 -     Prophet [Statistical] | WAPE: 43.57% | WRMSSE: 1.4278  | fit: 86.80s
2026-09-13 08:37:27.139 | INFO     | scripts.train_dataset.pipeline:run_pipeline:56 - Fase estadísticos clásicos: 1735.7s
2026-09-13 08:37:27.139 | INFO     | scripts.train_dataset.benchmarking:run_bench_ml:67 - Bench ML: familia 1/5 -- lightgbm
2026-09-13 08:37:34.780 | INFO     | src.evaluation.reports:evaluate_predictions:58 -     lightgbm (bench) [ML] | WAPE: 59.37% | WRMSSE: 2.0331  | fit: 6.51s
2026-09-13 08:37:34.781 | INFO     | scripts.train_dataset.benchmarking:run_bench_ml:67 - Bench ML: familia 2/5 -- xgboost
2026-09-13 08:37:56.941 | INFO     | src.evaluation.reports:evaluate_predictions:58 -      xgboost (bench) [ML] | WAPE: 58.11% | WRMSSE: 2.0893  | fit: 21.02s
2026-09-13 08:37:56.941 | INFO     | scripts.train_dataset.benchmarking:run_bench_ml:67 - Bench ML: familia 3/5 -- catboost
2026-09-13 08:38:39.115 | INFO     | src.evaluation.reports:evaluate_predictions:58 -     catboost (bench) [ML] | WAPE: 54.14% | WRMSSE: 1.8877  | fit: 39.81s
2026-09-13 08:38:39.116 | INFO     | scripts.train_dataset.benchmarking:run_bench_ml:67 - Bench ML: familia 4/5 -- histgb
2026-09-13 08:39:39.387 | INFO     | src.evaluation.reports:evaluate_predictions:58 -       histgb (bench) [ML] | WAPE: 55.47% | WRMSSE: 2.1818  | fit: 57.57s
2026-09-13 08:39:39.388 | INFO     | scripts.train_dataset.benchmarking:run_bench_ml:67 - Bench ML: familia 5/5 -- ridge
2026-09-13 08:39:47.390 | INFO     | src.evaluation.reports:evaluate_predictions:58 -        ridge (bench) [ML] | WAPE: 66.67% | WRMSSE: 2.7494  | fit: 6.81s
2026-09-13 08:39:47.391 | SUCCESS  | scripts.train_dataset.benchmarking:pick_winner:94 - Modelo ganador (bench, 4 familias tree-based comparadas): histgb | regression_l2=187.0733
2026-09-13 08:39:47.391 | INFO     | scripts.train_dataset.pipeline:run_pipeline:62 - Fase bench ML (5 familias, sin Optuna): 140.3s
2026-09-13 08:45:05.419 | INFO     | scripts.train_dataset.refinement:select_features:95 - Top 10 permutation importance (histgb):
lag4                               30.696646
lag1                               26.468959
lag8                               10.575520
avg_sell_price                      8.704162
lag2                                7.651992
te_snap_mean                        7.068523
event_name_1                        5.392414
rolling_mean_lag4_window_size13     3.484570
te_event_mean                       3.293393
lag3                                2.945572
dtype: float64
2026-09-13 08:46:09.756 | INFO     | src.modeling.feature_selection:backward_feature_selection:139 - Baseline (109 features): regression_l2=187.0733 | WRMSSE=2.1818 (informativo)
2026-09-13 08:46:39.913 | WARNING  | src.modeling.feature_selection:try_remove:162 - ELIMINADA(S) 8 features ['pct_zero_28', 'rolling_max_lag4_window_size4', 'price_volatility', 'rolling_std_lag13_window_size13', 'rolling_std_lag4_window_size26', 'adi_expanding', 'cv2_90', 'zero_streak'] -> 101 features | regression_l2=184.4756 | WRMSSE=2.2506
2026-09-13 08:48:14.121 | WARNING  | src.modeling.feature_selection:try_remove:162 - ELIMINADA(S) 'rolling_mean_lag1_window_size13' -> 100 features | regression_l2=160.7416 | WRMSSE=2.1280
2026-09-13 09:01:03.930 | WARNING  | src.modeling.feature_selection:try_remove:162 - ELIMINADA(S) 'te_dept_std' -> 99 features | regression_l2=160.7416 | WRMSSE=2.1280
2026-09-13 09:13:15.503 | WARNING  | src.modeling.feature_selection:try_remove:162 - ELIMINADA(S) 'te_dept_mean' -> 98 features | regression_l2=160.7416 | WRMSSE=2.1280
2026-09-13 09:21:11.972 | WARNING  | src.modeling.feature_selection:try_remove:162 - ELIMINADA(S) 'is_weekend' -> 97 features | regression_l2=160.7416 | WRMSSE=2.1280
2026-09-13 09:22:11.964 | WARNING  | src.modeling.feature_selection:try_remove:162 - ELIMINADA(S) 'has_event_2' -> 96 features | regression_l2=160.7416 | WRMSSE=2.1280
2026-09-13 09:22:50.632 | WARNING  | src.modeling.feature_selection:try_remove:162 - ELIMINADA(S) 'dayofweek' -> 95 features | regression_l2=160.7416 | WRMSSE=2.1280
2026-09-13 09:23:40.435 | WARNING  | src.modeling.feature_selection:try_remove:162 - ELIMINADA(S) 'snap' -> 94 features | regression_l2=160.7416 | WRMSSE=2.1280
2026-09-13 09:24:30.564 | WARNING  | src.modeling.feature_selection:try_remove:162 - ELIMINADA(S) 'state_id' -> 93 features | regression_l2=160.7416 | WRMSSE=2.1280
2026-09-13 09:26:03.527 | WARNING  | src.modeling.feature_selection:try_remove:162 - ELIMINADA(S) 'is_likely_stockout' -> 92 features | regression_l2=160.7416 | WRMSSE=2.1280
2026-09-13 09:26:39.785 | WARNING  | src.modeling.feature_selection:try_remove:162 - ELIMINADA(S) 'dept_id' -> 91 features | regression_l2=160.7416 | WRMSSE=2.1280
2026-09-13 09:28:49.934 | WARNING  | src.modeling.feature_selection:try_remove:162 - ELIMINADA(S) 'has_event' -> 90 features | regression_l2=160.7416 | WRMSSE=2.1280
2026-09-13 09:29:46.978 | WARNING  | src.modeling.feature_selection:try_remove:162 - ELIMINADA(S) 'quarter' -> 89 features | regression_l2=160.7416 | WRMSSE=2.1280
2026-09-13 09:30:21.687 | WARNING  | src.modeling.feature_selection:try_remove:162 - ELIMINADA(S) 'cat_id' -> 88 features | regression_l2=160.7416 | WRMSSE=2.1280
2026-09-13 09:31:17.571 | WARNING  | src.modeling.feature_selection:try_remove:162 - ELIMINADA(S) 'is_month_start' -> 87 features | regression_l2=160.7416 | WRMSSE=2.1280
2026-09-13 09:31:54.864 | WARNING  | src.modeling.feature_selection:try_remove:162 - ELIMINADA(S) 'dow_sin' -> 86 features | regression_l2=160.7416 | WRMSSE=2.1280
2026-09-13 09:32:32.004 | WARNING  | src.modeling.feature_selection:try_remove:162 - ELIMINADA(S) 'event_type_2' -> 85 features | regression_l2=160.7416 | WRMSSE=2.1280
2026-09-13 09:33:25.455 | WARNING  | src.modeling.feature_selection:try_remove:162 - ELIMINADA(S) 'event_type_2_enc' -> 84 features | regression_l2=160.7416 | WRMSSE=2.1280
2026-09-13 09:34:44.920 | WARNING  | src.modeling.feature_selection:try_remove:162 - ELIMINADA(S) 'dow_cos' -> 83 features | regression_l2=160.7416 | WRMSSE=2.1280
2026-09-13 09:35:41.220 | WARNING  | src.modeling.feature_selection:try_remove:162 - ELIMINADA(S) 'te_cat_mean' -> 82 features | regression_l2=157.4415 | WRMSSE=2.0175
2026-09-13 09:36:52.383 | WARNING  | src.modeling.feature_selection:try_remove:162 - ELIMINADA(S) 'store_id' -> 81 features | regression_l2=157.4415 | WRMSSE=2.0175
2026-09-13 09:37:28.252 | WARNING  | src.modeling.feature_selection:try_remove:162 - ELIMINADA(S) 'is_month_end' -> 80 features | regression_l2=156.4601 | WRMSSE=1.8925
2026-09-13 09:41:54.529 | WARNING  | src.modeling.feature_selection:try_remove:162 - ELIMINADA(S) 'is_store_closed' -> 79 features | regression_l2=156.4601 | WRMSSE=1.8925
2026-09-13 09:42:36.807 | WARNING  | src.modeling.feature_selection:try_remove:162 - ELIMINADA(S) 'rolling_min_lag13_window_size26' -> 78 features | regression_l2=152.3635 | WRMSSE=1.8167
2026-09-13 09:47:48.350 | WARNING  | src.modeling.feature_selection:try_remove:162 - ELIMINADA(S) 'rolling_min_lag4_window_size26' -> 77 features | regression_l2=149.4864 | WRMSSE=1.7787
2026-09-13 09:48:18.045 | WARNING  | src.modeling.feature_selection:try_remove:162 - ELIMINADA(S) 'rolling_std_lag52_window_size13' -> 76 features | regression_l2=148.4972 | WRMSSE=1.8101
2026-09-13 10:37:31.757 | WARNING  | src.modeling.feature_selection:try_remove:162 - ELIMINADA(S) 'event_name_2' -> 75 features | regression_l2=147.9706 | WRMSSE=1.8588
2026-09-13 11:56:41.961 | WARNING  | src.modeling.feature_selection:try_remove:162 - ELIMINADA(S) 8 features ['price_vs_max', 'item_id', 'lag22', 'rolling_max_lag1_window_size4', 'rolling_max_lag4_window_size26', 'rolling_max_lag13_window_size26', 'lag52', 'rolling_mean_lag1_window_size4'] -> 67 features | regression_l2=145.2866 | WRMSSE=1.8083
2026-09-13 12:10:22.590 | WARNING  | src.modeling.feature_selection:try_remove:162 - ELIMINADA(S) 'rolling_min_lag52_window_size13' -> 66 features | regression_l2=145.0079 | WRMSSE=1.8021
2026-09-13 12:20:33.027 | WARNING  | src.modeling.feature_selection:try_remove:162 - ELIMINADA(S) 'days_to_event' -> 65 features | regression_l2=144.1693 | WRMSSE=1.6937
2026-09-13 12:30:04.856 | WARNING  | src.modeling.feature_selection:try_remove:162 - ELIMINADA(S) 'month' -> 64 features | regression_l2=144.1657 | WRMSSE=1.6937
2026-09-13 12:30:30.494 | WARNING  | src.modeling.feature_selection:try_remove:162 - ELIMINADA(S) 'rolling_std_lag4_window_size4' -> 63 features | regression_l2=143.5105 | WRMSSE=1.8072
2026-09-13 12:31:17.500 | WARNING  | src.modeling.feature_selection:try_remove:162 - ELIMINADA(S) 'rolling_min_lag1_window_size13' -> 62 features | regression_l2=135.8077 | WRMSSE=1.7178
2026-09-13 13:36:19.981 | INFO     | src.modeling.feature_selection:backward_feature_selection:189 - Seleccionadas 62/109 features | regression_l2 final: 135.8077 | WRMSSE final: 1.7178
2026-09-13 13:36:19.985 | INFO     | scripts.train_dataset.refinement:select_features:114 - Features descartadas (47): ['adi_expanding', 'cat_id', 'cv2_90', 'dayofweek', 'days_to_event', 'dept_id', 'dow_cos', 'dow_sin', 'event_name_2', 'event_type_2', 'event_type_2_enc', 'has_event', 'has_event_2', 'is_likely_stockout', 'is_month_end', 'is_month_start', 'is_store_closed', 'is_weekend', 'item_id', 'lag22', 'lag52', 'month', 'pct_zero_28', 'price_volatility', 'price_vs_max', 'quarter', 'rolling_max_lag13_window_size26', 'rolling_max_lag1_window_size4', 'rolling_max_lag4_window_size26', 'rolling_max_lag4_window_size4', 'rolling_mean_lag1_window_size13', 'rolling_mean_lag1_window_size4', 'rolling_min_lag13_window_size26', 'rolling_min_lag1_window_size13', 'rolling_min_lag4_window_size26', 'rolling_min_lag52_window_size13', 'rolling_std_lag13_window_size13', 'rolling_std_lag4_window_size26', 'rolling_std_lag4_window_size4', 'rolling_std_lag52_window_size13', 'snap', 'state_id', 'store_id', 'te_cat_mean', 'te_dept_mean', 'te_dept_std', 'zero_streak']
2026-09-13 13:36:20.023 | INFO     | scripts.train_dataset.refinement:select_features:127 - Features finales: 62 (2 categóricas) | regression_l2=135.8077 | WRMSSE=1.7178 (informativo)
2026-09-13 13:36:20.024 | INFO     | scripts.train_dataset.pipeline:run_pipeline:74 - Fase selección de features: 17792.6s
2026-09-13 13:37:01.401 | INFO     | src.evaluation.reports:evaluate_predictions:58 - histgb (bench, selected features) [ML] | WAPE: 43.71% | WRMSSE: 1.7164  | fit: 38.66s
2026-09-13 13:37:01.796 | ERROR    | __main__:main:117 - Nivel 10 combo dataset_level_10_weekly_item__FOODS_3 grain weekly falló, sigue con el resto.
Traceback (most recent call last):
  File "/home/njimenez/workspace/magister/forecast-tfm/scripts/train_dataset/__main__.py", line 115, in main
    run_pipeline(cfg, dataset_path=path)
  File "/home/njimenez/workspace/magister/forecast-tfm/scripts/train_dataset/pipeline.py", line 78, in run_pipeline
    run_shap(state, cfg, evaluate_model)
  File "/home/njimenez/workspace/magister/forecast-tfm/scripts/train_dataset/refinement.py", line 151, in run_shap
    shap_values = explainer.shap_values(X_shap)
  File "/home/njimenez/workspace/magister/forecast-tfm/.venv/lib/python3.13/site-packages/shap/explainers/_tree.py", line 669, in shap_values
    X, y, X_missing, flat_output, tree_limit, check_additivity = self._validate_inputs(
  File "/home/njimenez/workspace/magister/forecast-tfm/.venv/lib/python3.13/site-packages/shap/explainers/_tree.py", line 460, in _validate_inputs
    X = X.to_numpy(dtype=self.model.input_dtype, na_value=np.nan)
  File "/home/njimenez/workspace/magister/forecast-tfm/.venv/lib/python3.13/site-packages/pandas/core/frame.py", line 2081, in to_numpy
    result = self._mgr.as_array(dtype=dtype, copy=copy, na_value=na_value)
  File "/home/njimenez/workspace/magister/forecast-tfm/.venv/lib/python3.13/site-packages/pandas/core/internals/managers.py", line 1885, in as_array
    arr = self._interleave(dtype=dtype, na_value=na_value)
  File "/home/njimenez/workspace/magister/forecast-tfm/.venv/lib/python3.13/site-packages/pandas/core/internals/managers.py", line 1938, in _interleave
    arr = blk.values.to_numpy(  # type: ignore[union-attr]
  File "/home/njimenez/workspace/magister/forecast-tfm/.venv/lib/python3.13/site-packages/pandas/core/arrays/base.py", line 688, in to_numpy
    result = np.asarray(self, dtype=dtype)
  File "/home/njimenez/workspace/magister/forecast-tfm/.venv/lib/python3.13/site-packages/pandas/core/arrays/_mixins.py", line 83, in method
    return meth(self, *args, **kwargs)
  File "/home/njimenez/workspace/magister/forecast-tfm/.venv/lib/python3.13/site-packages/pandas/core/arrays/categorical.py", line 1752, in __array__
    return np.asarray(ret, dtype=dtype)
  File "/home/njimenez/workspace/magister/forecast-tfm/.venv/lib/python3.13/site-packages/pandas/core/arrays/arrow/array.py", line 863, in __array__
    return self.to_numpy(dtype=dtype, copy=copy)
  File "/home/njimenez/workspace/magister/forecast-tfm/.venv/lib/python3.13/site-packages/pandas/core/arrays/arrow/array.py", line 1759, in to_numpy
    result[~mask] = data[~mask]._pa_array.to_numpy()
ValueError: could not convert string to float: "Mother's day"
2026-09-13 13:37:02.635 | INFO     | __main__:main:112 - Nivel 11 (item_state) grain daily: 1 combinaciones
2026-09-13 13:37:07.876 | INFO     | src.data.dataset:load_data:58 - level_11_daily_item_state__CA_FOODS_3 | target=sales | 1,597,443 filas | 191 features (9 categóricas)
2026-09-13 13:37:08.824 | INFO     | src.data.temporal_split:log_summary:41 - Train : 2011-01-29 to 2015-04-26 (1,549 days, 1,274,827 rows)
2026-09-13 13:37:08.825 | INFO     | src.data.temporal_split:log_summary:42 - Valid : 2015-04-27 to 2016-04-24 (364 days, 299,572 rows)
2026-09-13 13:37:08.825 | INFO     | src.data.temporal_split:log_summary:43 - Test  : 2016-04-25 to 2016-05-22 (28 days, 23,044 rows)
2026-09-13 13:37:10.340 | INFO     | src.data.dataset:split_data:119 - Features: 191 (9 categóricas)
2026-09-13 13:37:17.206 | INFO     | src.evaluation.reports:evaluate_predictions:58 - Seasonal naive (1d) [Naive] | WAPE: 71.04% | WRMSSE: 1.5879  | fit: 2.72s
2026-09-13 13:37:23.908 | INFO     | src.evaluation.reports:evaluate_predictions:58 - Seasonal naive (7d) [Naive] | WAPE: 62.42% | WRMSSE: 1.3637  | fit: 2.67s
2026-09-13 13:37:30.650 | INFO     | src.evaluation.reports:evaluate_predictions:58 - Seasonal naive (28d) [Naive] | WAPE: 65.15% | WRMSSE: 1.4404  | fit: 2.75s
2026-09-13 13:37:37.529 | INFO     | src.evaluation.reports:evaluate_predictions:58 - Seasonal naive (364d) [Naive] | WAPE: 64.42% | WRMSSE: 1.3734  | fit: 2.73s
2026-09-13 13:37:44.407 | INFO     | src.evaluation.reports:evaluate_predictions:58 -             Drift [Naive] | WAPE: 77.71% | WRMSSE: 1.7356  | fit: 0.50s
2026-09-13 13:37:50.900 | INFO     | src.evaluation.reports:evaluate_predictions:58 -   Historical mean [Naive] | WAPE: 63.18% | WRMSSE: 1.2431  | fit: 0.05s
2026-09-13 13:37:57.485 | INFO     | src.evaluation.reports:evaluate_predictions:58 - Moving average (7d) [Naive] | WAPE: 57.43% | WRMSSE: 1.2647  | fit: 0.29s
2026-09-13 13:38:04.312 | INFO     | src.evaluation.reports:evaluate_predictions:58 - Moving average (14d) [Naive] | WAPE: 56.62% | WRMSSE: 1.2471  | fit: 0.29s
2026-09-13 13:38:11.021 | INFO     | src.evaluation.reports:evaluate_predictions:58 - Moving average (21d) [Naive] | WAPE: 56.74% | WRMSSE: 1.2472  | fit: 0.32s
2026-09-13 13:38:17.709 | INFO     | src.evaluation.reports:evaluate_predictions:58 - Moving average (28d) [Naive] | WAPE: 56.68% | WRMSSE: 1.2468  | fit: 0.31s
2026-09-13 13:38:24.454 | INFO     | src.evaluation.reports:evaluate_predictions:58 - Moving average (35d) [Naive] | WAPE: 56.10% | WRMSSE: 1.2326  | fit: 0.30s
2026-09-13 13:38:24.454 | INFO     | scripts.train_dataset.pipeline:run_pipeline:51 - Fase naive: 74.1s
2026-09-13 13:43:47.377 | INFO     | src.evaluation.reports:evaluate_predictions:58 -      SARIMA [Statistical] | WAPE: 89.74% | WRMSSE: 1.8549  | fit: 318.80s
2026-09-13 13:47:05.306 | INFO     | src.evaluation.reports:evaluate_predictions:58 - ETS (Holt-Winters) [Statistical] | WAPE: 62.65% | WRMSSE: 1.3445  | fit: 191.45s
2026-09-13 13:47:41.475 | INFO     | src.evaluation.reports:evaluate_predictions:58 -       Theta [Statistical] | WAPE: 59.14% | WRMSSE: 1.3155  | fit: 29.85s
2026-09-13 13:50:32.121 | INFO     | src.evaluation.reports:evaluate_predictions:58 -       TBATS [Statistical] | WAPE: 110.18% | WRMSSE: 2.2153  | fit: 166.54s
2026-09-13 13:55:31.689 | INFO     | src.evaluation.reports:evaluate_predictions:58 -     Prophet [Statistical] | WAPE: 62.61% | WRMSSE: 1.2473  | fit: 295.00s
2026-09-13 13:55:31.689 | INFO     | scripts.train_dataset.pipeline:run_pipeline:56 - Fase estadísticos clásicos: 1027.2s
2026-09-13 13:55:31.689 | INFO     | scripts.train_dataset.benchmarking:run_bench_ml:67 - Bench ML: familia 1/5 -- lightgbm
2026-09-13 13:56:59.077 | INFO     | src.evaluation.reports:evaluate_predictions:58 -     lightgbm (bench) [ML] | WAPE: 77.69% | WRMSSE: 1.4259  | fit: 79.13s
2026-09-13 13:56:59.078 | INFO     | scripts.train_dataset.benchmarking:run_bench_ml:67 - Bench ML: familia 2/5 -- xgboost
2026-09-13 13:58:56.134 | INFO     | src.evaluation.reports:evaluate_predictions:58 -      xgboost (bench) [ML] | WAPE: 76.65% | WRMSSE: 1.5490  | fit: 109.90s
2026-09-13 13:58:56.134 | INFO     | scripts.train_dataset.benchmarking:run_bench_ml:67 - Bench ML: familia 3/5 -- catboost
2026-09-13 14:09:45.146 | INFO     | src.evaluation.reports:evaluate_predictions:58 -     catboost (bench) [ML] | WAPE: 58.47% | WRMSSE: 1.2972  | fit: 643.10s
2026-09-13 14:09:45.146 | INFO     | scripts.train_dataset.benchmarking:run_bench_ml:67 - Bench ML: familia 4/5 -- histgb
2026-09-13 14:20:19.923 | INFO     | src.evaluation.reports:evaluate_predictions:58 -       histgb (bench) [ML] | WAPE: 64.99% | WRMSSE: 1.3859  | fit: 609.53s
2026-09-13 14:20:19.925 | INFO     | scripts.train_dataset.benchmarking:run_bench_ml:67 - Bench ML: familia 5/5 -- ridge
2026-09-13 14:21:24.812 | INFO     | src.evaluation.reports:evaluate_predictions:58 -        ridge (bench) [ML] | WAPE: 62.79% | WRMSSE: 1.3489  | fit: 60.07s
2026-09-13 14:21:24.812 | SUCCESS  | scripts.train_dataset.benchmarking:pick_winner:94 - Modelo ganador (bench, 4 familias tree-based comparadas): histgb | regression_l2=12.3807
2026-09-13 14:21:24.812 | INFO     | scripts.train_dataset.pipeline:run_pipeline:62 - Fase bench ML (5 familias, sin Optuna): 1553.1s
2026-09-13 14:35:01.707 | INFO     | scripts.train_dataset.refinement:select_features:95 - Top 10 permutation importance (histgb):
avg_sell_price    2.971808
te_item_mean      2.667118
lag21             0.628477
lag182            0.589853
lag28             0.488724
pct_zero_90       0.437248
cv2_90            0.357844
lag14             0.349301
lag364            0.326599
lag1              0.238844
dtype: float64
2026-09-13 14:45:36.753 | INFO     | src.modeling.feature_selection:backward_feature_selection:139 - Baseline (191 features): regression_l2=12.3807 | WRMSSE=1.3859 (informativo)
2026-09-13 15:43:00.358 | WARNING  | src.modeling.feature_selection:try_remove:162 - ELIMINADA(S) 'days_since_release' -> 190 features | regression_l2=12.2773 | WRMSSE=1.4629
2026-09-13 17:56:14.741 | WARNING  | src.modeling.feature_selection:try_remove:162 - ELIMINADA(S) 'price_lag_7' -> 189 features | regression_l2=11.7098 | WRMSSE=1.3614
2026-09-13 18:17:04.185 | WARNING  | src.modeling.feature_selection:try_remove:162 - ELIMINADA(S) 'lag27' -> 188 features | regression_l2=11.6199 | WRMSSE=1.3545
2026-09-13 18:44:14.978 | WARNING  | src.modeling.feature_selection:try_remove:162 - ELIMINADA(S) 'expanding_mean_lag91' -> 187 features | regression_l2=11.1059 | WRMSSE=1.2269
2026-09-13 19:39:01.834 | WARNING  | src.modeling.feature_selection:try_remove:162 - ELIMINADA(S) 'rolling_mean_lag4_window_size14' -> 186 features | regression_l2=11.0034 | WRMSSE=1.2253
2026-09-13 20:01:32.525 | WARNING  | src.modeling.feature_selection:try_remove:162 - ELIMINADA(S) 'rolling_max_lag91_window_size28' -> 185 features | regression_l2=10.7976 | WRMSSE=1.1386
2026-09-14 00:34:23.383 | WARNING  | src.modeling.feature_selection:try_remove:162 - ELIMINADA(S) 'event_type_1' -> 184 features | regression_l2=10.6811 | WRMSSE=1.2019
2026-09-14 02:29:24.355 | WARNING  | src.modeling.feature_selection:try_remove:162 - ELIMINADA(S) 8 features ['rolling_max_lag4_window_size7', 'rolling_mean_lag6_window_size14', 'is_month_start', 'state_id', 'dept_id', 'event_type_2', 'cat_id', 'store_id'] -> 176 features | regression_l2=10.5341 | WRMSSE=1.1608
2026-09-14 03:04:04.712 | WARNING  | src.modeling.feature_selection:try_remove:162 - ELIMINADA(S) 'has_event' -> 175 features | regression_l2=10.5341 | WRMSSE=1.1608
2026-09-14 03:13:46.754 | WARNING  | src.modeling.feature_selection:try_remove:162 - ELIMINADA(S) 'te_cat_std' -> 174 features | regression_l2=10.5341 | WRMSSE=1.1608
2026-09-14 03:23:17.430 | WARNING  | src.modeling.feature_selection:try_remove:162 - ELIMINADA(S) 'is_likely_stockout' -> 173 features | regression_l2=10.5341 | WRMSSE=1.1608
2026-09-14 03:32:45.726 | WARNING  | src.modeling.feature_selection:try_remove:162 - ELIMINADA(S) 'has_event_2' -> 172 features | regression_l2=10.5341 | WRMSSE=1.1608
2026-09-14 03:42:09.607 | WARNING  | src.modeling.feature_selection:try_remove:162 - ELIMINADA(S) 'is_weekend' -> 171 features | regression_l2=10.5341 | WRMSSE=1.1608
2026-09-14 03:51:31.528 | WARNING  | src.modeling.feature_selection:try_remove:162 - ELIMINADA(S) 'event_type_2_enc' -> 170 features | regression_l2=10.5341 | WRMSSE=1.1608
2026-09-14 04:09:26.153 | WARNING  | src.modeling.feature_selection:try_remove:162 - ELIMINADA(S) 'is_store_closed' -> 169 features | regression_l2=10.5341 | WRMSSE=1.1608
2026-09-14 04:18:43.379 | WARNING  | src.modeling.feature_selection:try_remove:162 - ELIMINADA(S) 'quarter' -> 168 features | regression_l2=10.5341 | WRMSSE=1.1608
2026-09-14 04:36:43.206 | WARNING  | src.modeling.feature_selection:try_remove:162 - ELIMINADA(S) 'te_cat_mean' -> 167 features | regression_l2=10.5341 | WRMSSE=1.1608
2026-09-14 07:54:10.810 | WARNING  | src.modeling.feature_selection:try_remove:162 - ELIMINADA(S) 'snap' -> 166 features | regression_l2=10.5341 | WRMSSE=1.1608
2026-09-14 14:30:51.590 | WARNING  | src.modeling.feature_selection:try_remove:162 - ELIMINADA(S) 'rolling_min_lag6_window_size14' -> 165 features | regression_l2=10.4694 | WRMSSE=1.2101
